     1.00000000      0.61977571      0.28941824      0.16369729      0.71412320      0.59069109      0.39298135      0.85845326      0.02114451      0.72968281      0.29886300      0.12060989      0.23248352      0.97971390      0.91717882      1.21019072      0.31248888      0.36064584      0.86359071      0.77051380      0.15257630      0.25056512      0.05354589      0.27669746      0.12173326      0.51138743      0.85625765      0.81126343      1.07624158      1.14309939      0.67466013      0.22167950      0.03248981      0.22563813      0.85644367      0.69141594      1.21871009      0.93582018      0.07702175      0.51170066      0.86874864      0.92016838      0.61119305      0.32304868      0.12559819      0.34682750      1.19541896      1.11511263      1.17282469      1.14897334      0.36916181      0.41462704      1.12006582      0.99247228      0.73763601      0.67581675      0.17031808      0.17167231      0.83317302      0.43339928      0.85697821      1.19306137      0.37064960      0.90146648      0.24841041      0.61602625      0.65789207      1.18387377      0.62564017      0.52741470      0.87575065      0.06508323      0.07902462      0.97600361      0.63271177      1.15822689      0.40538521      0.06721110      1.00315204      0.96295691      0.62711805      0.40736603      0.52115396      0.24249067      0.32541416      0.18470165      0.63234510      0.09736447      0.92619918      0.74300458      0.96892514      0.65253126      0.34796688      0.70009427      0.21302012      0.00737677      0.85761673      0.37902972      0.16623132      0.36762608
     0.00000000      1.00000000     -0.81443092     -1.07368430     -0.15208492     -0.12174984     -0.25602118      0.72441353     -0.07498395      0.03582078      0.39954227     -1.33264614     -0.46315234     -0.27507344      0.06839025      1.46213311      0.04108804     -1.20769407     -0.25847828      0.78432265     -0.84027215     -1.27898921     -1.28499644      0.04255884     -1.91192513     -0.87509827      0.32493244     -0.32831990      1.53356764      0.99654805     -0.14619133     -0.00526171     -0.02797086      0.05018367      1.21943187      0.39910232      1.14076953      1.30994444     -1.60330206     -0.06425247     -0.05382059      0.08546636      0.28676564     -0.11334742      0.08714037     -1.35861561      0.54036803      1.65492611      0.87912135      0.48590753      0.06398002      0.25999659      0.14803230      1.79629913     -0.29556575      0.01912393     -0.66012532     -1.16383120     -0.43118419     -0.63671872     -0.54526427      0.41748562      0.21954523      1.47605823     -1.20148452      0.03404748      0.41275391      1.64518454     -0.74867407     -0.74344180     -0.33730527     -0.31747801     -1.80723745     -0.14760002      0.24013351      1.67998195     -1.33380449     -0.22228988      1.17076611      0.55795592      0.19010259     -1.27837965      0.28386739     -0.61358554     -0.30525991      0.33067644     -0.30752798     -1.33031841      0.27677629      0.65278060      1.70105857      0.63280561     -0.14112016     -0.73930125     -1.01613317     -0.09022671      0.80624042     -0.06640981     -1.59577202     -0.83710966
     0.00000000      0.00000000      1.00000000      1.35490188      0.87506089      0.83794070      0.39609059     -0.57138199      0.43906159      0.12696864      0.38871516      1.23651593      0.62355328      0.62391479      0.49882419     -0.48343806     -0.00514102      1.25584886      0.55160183     -0.59834062      0.97799271      1.32088477      1.50496926      0.24187901      1.78200790      0.63475118     -0.05071713      0.78256599     -0.76049664     -0.67353044      0.25272609      0.60099448      0.45596140     -0.01755109     -0.52123760      0.10479361     -0.23527793     -0.94971912      1.78974869      0.79390975      0.56765183      0.03243569      0.15543114      0.09557101      0.52931311      1.61204248      0.24486017     -0.96485782     -0.64116707      0.35488781      0.68839854     -0.04112915      0.00009127     -1.24150091      0.22402202      0.24907389      0.92349070      1.59605833      0.45453175      1.16513403      0.38835433      0.31666580      0.52628773     -0.91806709      1.14953677      0.01708953      0.16826732     -0.60452070      1.32229022      0.91294865      0.68547548      1.01875666      1.36774633      0.67373048      0.26937818     -1.27200267      1.59883616      0.33155277     -0.80341057     -0.04226769     -0.02698639      1.18593088     -0.02269377      0.61254274      0.97631255     -0.03926539      0.99094782      1.70818329      0.26239284     -0.33459522     -0.52328638      0.00416478      0.35927766      0.93357236      1.15205023      0.14409910     -0.54454303      0.48316109      1.84714823      0.85112641
     0.00000000      0.00000000      0.00000000      1.00000000      0.31147705      2.62164305      1.64579726      0.97425047      0.86950209      3.42251223     -0.14519465      2.10987471      0.48915955      1.03865515      2.78476489      2.70783374     -0.53263235      0.05744485      3.65865172      1.53055851     -1.34647222      2.72957591     -1.32183139      1.30242620      3.33947580      3.16580825     -0.25918886      4.11260088     -0.10147986      0.06027279      0.50789024     -0.77801028     -1.51718619     -2.65609170     -0.91297225     -0.91027430      4.14029802      0.05483714      1.39180838      2.13520566      3.61461717      0.70086805      1.37453917     -1.18914611     -0.96398413      1.14402071      3.50129125      2.06567491      3.68369692      2.19071787     -0.04579367     -2.42966095      1.36019781      1.67688745      2.39543557      3.09360055     -1.31371133      1.05417633      3.31502052      1.45542228      0.03680738      4.18693079     -0.06140663     -0.95599501     -1.45495241      1.91217081     -0.00145661      4.56602934      2.39574478      0.67554205      4.10353808      1.20503837     -0.72560803      2.19564880      1.62944666     -0.67437216      4.31601827     -3.02249400      0.58730569      1.21323391     -0.27337238      2.31893919      1.83600023     -1.34553991     -1.20327705     -2.78916014      2.70242503      0.06334094      3.30371236     -0.66732186      1.92655818      3.02663220     -1.21648243      2.32105637      0.33703409      0.03618020     -1.21065572      0.49206613      1.72778360      2.63915854
     0.00000000      0.00000000      0.00000000      0.00000000      1.00000000     -5.77154204     -9.89025648     -7.42211842     -3.33889546    -16.50942962      5.37516738     -1.95948796     -4.55530884      3.58809368     -6.64874583     -8.38204255      0.35843738      7.42217382    -12.16040612     -9.79474481      7.00793855     -6.58949263      7.07854930     -6.70279143     -8.09880868    -12.56036483      2.35543917     -9.57460314     -2.75762067     -0.20051683      1.72756371      4.62927401      6.21574276      3.72744599      2.84216700      6.62420778     -9.88141411     -3.13851278      2.95719453     -2.42339381    -12.48665897     -0.58290962     -5.07051828      0.84349832      7.59130305     -0.41379073     -6.95039644     -9.55578007    -14.82190353     -6.61501344      2.13365515     10.05641061     -4.03497378     -8.90378447     -5.33768780     -8.17173803      9.63486498      0.04978943    -11.00467011     -2.27371448     -1.30008576    -11.68243223      6.38545906      0.33883227     12.01479904    -11.26952298      2.68038535    -16.09644017      0.82302972     -0.59822080     -9.22174363     -0.40908917      5.48232417     -4.87563193     -1.92669821     -2.24892377    -13.40089497      6.83797350     -8.23622194     -6.62000327     -3.30292832     -8.09596663     -5.26776360      7.26569700      9.31253771      9.03958246     -1.52771595      5.67049275    -13.61714032      3.38424609     -4.75664926    -10.98638440      3.79630101     -2.55889400      6.19933406     -0.87265587      6.11989765     -0.88119645      1.08939655    -11.44336250
     0.00000000      0.00000000      0.00000000      0.00000000      0.00000000      1.00000000      0.41726956      0.62461711      0.20713291      1.41467068     -0.74400154      0.43904985      0.10347860      0.68233816      1.30182334      0.97006246     -0.47507237     -0.17977367      1.30308290      0.37897954     -0.61852009      0.48587934     -0.53024801      0.41895781      0.85865476      1.20260357     -0.30191916      1.64644913     -0.13286442      0.19190356      0.27117933     -0.64160961     -1.06909727     -0.84698589     -0.56591967     -0.21657579      1.36417206      0.32013048      0.08793066      0.25866840      1.18888844      0.32381464      0.17401283     -0.34539019     -0.59333516      0.41835713      1.28183066      0.63942183      1.35399970      1.03012079     -0.48907737     -0.95276070      0.55062920      0.52345641      0.90187745      0.83366529     -0.45408906      0.09728569      1.46640043      0.13434328      0.47713132      1.26666263     -0.10025840     -0.41071839     -0.47153201      0.94495765     -0.25562597      1.78287774      0.81775702      0.46600746      1.25473629     -0.21864456     -0.55223155      0.94808768      0.35082807      0.35430087      1.37771700     -1.13100300      0.78401043      0.33273889     -0.11483545      0.90786956      0.57462890     -0.90682796     -0.54602248     -0.94910508      0.38243734     -0.24858201      1.37825619     -0.32014520      0.25628438      1.01207378     -0.72585994      1.03479374     -0.16087474     -0.15533631     -0.32243680      0.12735357      0.11071014      0.71538536
     0.00000000      0.00000000      0.00000000      0.00000000      0.00000000      0.00000000      1.00000000      0.75490205     -0.16708056      1.51757959     -1.44564873     -0.47422472      0.41452728     -0.15768457      0.69840256      0.72047153     -0.43354457     -0.72030317      1.21890341      1.05061640     -0.61291960      0.43349081     -0.45861410      0.66215275      0.17261748      1.13106248     -0.01146214      0.84545795      0.11941755      0.34558429     -0.26802271     -0.53114772     -1.16137300     -0.07664703     -0.34478888     -0.38947021     -0.15880828      0.41983311     -0.71910003     -0.41226820      0.71021774     -0.03627910      0.18801403      0.41246895     -1.23625352      0.43633956      0.50190980      0.52297794      0.82178127      0.93621324     -0.48657524     -0.78353893      0.56735569      0.54566724      0.33735161      0.26214340     -1.00705109     -0.08839440      0.97727113     -0.09482927      0.74311136      0.40930804     -1.30878867      0.16364768     -1.07498830      1.06960161     -0.50071632      0.67296586     -0.67278221      0.40185563      0.43696748     -0.73666833     -0.20810648      0.60847950     -0.62569495      0.78469622      1.20397732     -0.07266712      1.12579449      1.01599576      0.45270079      0.75734191      0.35449938     -0.57604626     -1.23355044     -0.36469278     -0.55131982     -0.47345879      1.13725057     -0.30080996     -0.29711204      0.42112102     -0.63292622      0.32978352     -1.09998419     -0.27964670     -0.37834772      0.15883953     -0.91179060      0.87188438
     0.00000000      0.00000000      0.00000000      0.00000000      0.00000000      0.00000000      0.00000000      1.00000000     -1.91825560      2.00253681     -4.30208924     -1.46288144      0.25203374      0.78980453      1.75017982      0.70758008     -2.62497096     -0.45818776      1.94582608      0.47234402     -1.06421861     -0.36952339     -0.97107266      0.04965685     -0.98424026      1.44875128     -1.05533202      1.20291230     -1.78547452      0.06425999     -0.82987323     -2.35209658     -3.87508306     -0.04488982     -1.25581003     -0.26057861     -2.25688093     -0.32964337     -2.34783821     -1.92885577     -0.08157587     -0.27792424     -1.01169985      0.08175181     -3.12284853      1.91518722      0.44294232     -1.59728552     -0.57829491      1.95199446     -2.63090083     -1.00034354      1.02777728     -1.47741923     -0.04745988     -1.27089870     -1.00515352     -0.17355809      1.07950863     -0.89969177      1.75699525     -0.43656130     -2.68487523     -1.30962102     -0.58409660      0.71472119     -2.05485435     -0.73398453     -0.85246685      0.93820471     -0.33360025     -3.41589127     -0.14614659      1.15328516     -2.42227532      1.95684789      1.80014952      0.35166917      2.31945926      0.33263752     -0.58764754      1.59897230     -1.03591587     -1.64263237     -2.74994798     -0.17754460     -3.11962022     -0.77876959      0.93557088     -1.24332382     -2.75109655     -0.24354766     -2.70667003      1.00384131     -2.66265590     -1.50479027     -1.17839524     -0.52356767     -2.02993801     -0.55835874
     0.00000000      0.00000000      0.00000000      0.00000000      0.00000000      0.00000000      0.00000000      0.00000000      1.00000000     -0.89370905      0.00996275      0.06901112     -1.30039662      3.30149949      1.70923406      0.06869094      0.34991268      0.67849655     -1.06532213     -1.17120627      1.36316892     -0.37777695      1.66736199      0.78129687     -1.08371433     -0.05619326      0.99843325      1.27867023      0.95174388      2.70270558      2.69529784      0.55563034      1.17425106      0.45229835      0.98481949      2.00466895      1.48064896      2.61971683      1.04505983     -0.49714085     -0.31302433      1.44729237     -0.66116396      1.00503421      1.35271042     -0.22342704      1.34145741      0.91291140      0.00957029      1.05934671      0.29869405      1.62336778      0.97385451      0.74648875      0.83903230      0.12684436      1.59511355     -0.70882036      0.26886794     -0.82598482      1.32050644     -1.02941355      1.62623401      2.11582635      2.13228511      0.72428113      1.88713054      0.03486493      1.80627906      0.90873074      0.14861043     -0.31125218      0.80362939      0.87194096      0.52319194      1.48350193     -1.23952728      0.13356429      0.72341192      0.04708094      0.50621581     -0.50259977      1.87470094      1.03258999      2.15565588      1.09493027      1.15681547      0.86205913     -0.49664545      1.41595071      0.90848045     -1.20266135      1.28842931      1.17300945      1.24627228      0.25804117      3.40334006      1.57497947     -0.46286601     -0.09374819
     0.00000000      0.00000000      0.00000000      0.00000000      0.00000000      0.00000000      0.00000000      0.00000000      0.00000000      1.00000000      0.35087649      1.42231725      0.48216782     -1.00208538     -0.15774171      0.85791121      0.48710267      0.13625651      1.06357779      0.82614175     -0.62114862      0.84677837     -1.67017015     -0.43920785      0.71723814      0.68311822     -0.22596910      0.36695161     -0.11480325     -0.44921733     -0.35573612     -0.31204885      0.20615880     -1.06782654     -0.07829483     -0.68811877      0.69594481     -0.99834715     -0.22438878      0.52720371      0.58194371     -0.48138604      0.42439385     -0.92545948     -0.11153314     -0.50189094      0.60913354      0.03641621      0.53623974     -0.81950705      0.27231207     -0.59365767      0.40272614      0.22922360      0.36246114      0.67672786     -0.31650144     -0.10890255      0.27742241      0.27002072     -0.75240239      1.42341266     -0.20633093     -0.96797117     -0.87118237      0.17839725     -0.59727971      0.28372299      0.24184610     -0.69916911      1.47241184      0.63890759      0.56321086      0.16971443      0.46456275     -1.16226405      1.25527808     -0.48040793     -0.51376477      0.35052122     -0.35879708      0.25378591     -0.09442606      0.47766479     -1.00391424     -0.66099537      0.90944172     -0.00816304     -0.01628350     -0.41592355      0.19159296      0.88967156     -0.25615971     -0.42657760     -0.14890496      0.24610888     -0.97182977     -0.87776880      0.92137854      0.27985732
     0.00000000      0.00000000      0.00000000      0.00000000      0.00000000      0.00000000      0.00000000      0.00000000      0.00000000      0.00000000      1.00000000     -0.81483571      2.73447569     -2.49102467     -3.71639488      3.46435086      3.93298481      0.71244960      1.81617641      8.29728385      0.38215431      4.94741422     -7.73885648      2.77929456     -2.49686408      0.92954331      2.70562012      0.72162743     -1.86068427      1.48436475     -2.01075274     -0.57820347      1.23946928      2.05565695      0.18125461      1.95169237     -0.95612210     -2.78977833     -1.57712489     -0.96036094     -0.17654466     -1.33800609      2.37776094      0.91673185     -3.42119733     -3.46379789     -0.60030906      2.43990305      1.68377750     -4.61441337     -0.63777977     -0.02810215      1.27679614      2.50362958      0.21451699      3.42432521     -4.13398665     -4.76435749     -1.59096160     -3.34508553     -1.56094529      1.12440221     -1.22777829      4.53528289     -4.16493067     -1.81683188     -1.07715603     -1.58268328     -1.16966048     -1.14700476      4.79218350     -1.85740847      2.56838092     -3.55151134     -3.02812930     -0.96161006      1.64928627      3.98998878     -0.32227401      4.39551111      0.44691918     -0.21963238     -0.09436628      4.48606774     -7.76480404      0.02931747     -2.51321521      0.96068875      0.39311324     -1.87888863      1.62184588     -0.73858687     -2.26329827     -0.73636417     -0.70104383      2.34867933      3.04661654      1.67342933     -4.28508533      1.08270405
     0.00000000      0.00000000      0.00000000      0.00000000      0.00000000      0.00000000      0.00000000      0.00000000      0.00000000      0.00000000      0.00000000      1.00000000      0.13976674     -1.94961049      1.03298558     -5.31997429     -3.55576775     -2.26287384     -0.51524709     -9.79379461     -1.39970746     -3.82294667      9.00007589     -4.69310718      8.16150247     -1.08292527     -3.85120200     -1.05524225      1.40377976     -7.24464525     -2.20914297      1.89138892     -3.50914966     -3.84659768     -6.05538827     -5.81067108     -0.97579715     -0.14031818      4.66960040      2.04654129      1.70308848     -0.67064240     -1.20078540     -0.72026928      3.76564899      5.03301472     -1.53438890     -4.40910002     -1.44445809      4.27996842      2.63016628     -5.43136610     -5.12462802     -3.02832504     -0.37568565     -4.07130357      1.28913300      7.80679455      5.88393594      4.86866822      2.89765642      1.78894102      0.63403876    -10.32380755      3.51998435      1.98616143     -0.60371077      3.11994513     -0.05858860      2.67508714     -5.29596021      4.59673285     -6.10725160      4.53675075      3.80453727     -3.31613072      1.39245738     -7.43352750     -2.07568988     -4.81208101     -0.50821264      2.85853780     -1.30633887     -7.61936950      8.97523316     -3.95548425      2.89788617     -2.11389716      3.59030430     -0.30086025     -5.17089705      2.65902121      1.62948429      1.52676501      1.77043679     -4.30523691     -9.30593909     -4.09212436      5.38475305      0.07799287
     0.00000000      0.00000000      0.00000000      0.00000000      0.00000000      0.00000000      0.00000000      0.00000000      0.00000000      0.00000000      0.00000000      0.00000000      1.00000000     -1.38092671     -0.90286911     -0.42776253      0.19859424     -0.20591183      1.05448898      0.02451542     -0.84571097      0.40911532      0.61392872     -0.37914648      2.55438485     -0.26082893      0.10844822      0.38699191     -0.43764488     -2.21733326     -1.47387718      0.82443782     -1.43183923     -1.11128467     -2.48873183     -1.27762735     -0.79612886     -1.30503975      1.47944530      0.39658505      0.67078729     -0.80450525      0.61371137      0.49756090     -0.22501880      0.79251283     -0.56402062     -0.35475237      0.33984436      0.12597400      0.61425370     -2.12250547     -1.71137645      0.04526214      0.74937819      0.43259187     -1.04665548      1.17089487      2.05157954      0.52780995      0.85856544      0.70985617     -0.46881334     -1.66926385     -0.79935243     -0.02828149     -0.73800948      0.86166981     -0.59202228      1.42750563      0.23494367      1.17385304     -1.23649438      0.53183181     -0.05722045     -1.19404771      1.30166241     -1.33057723     -1.27809719      0.59110352     -0.08476296      0.85894942     -0.20614203     -1.11390299      0.09622541     -1.34568066      0.53564948     -0.10327601      1.99842087     -0.63757384     -1.31261949      0.62238252     -0.77638350      0.97725423      0.70808929     -0.67380174     -2.23935249     -0.44391976      0.00287916      0.75494853
     0.00000000      0.00000000      0.00000000      0.00000000      0.00000000      0.00000000      0.00000000      0.00000000      0.00000000      0.00000000      0.00000000      0.00000000      0.00000000      1.00000000     -0.12689177      1.86928750      1.41473635      0.98458882      0.38315750      3.18424154      0.54386515      1.70800482     -3.16622022      1.54739344     -2.46516060      0.63812856      1.56301333      0.84287954     -0.45448839      2.53532751      1.00159136     -0.55901710      1.15669841      0.90542100      1.64698433      1.96656449      0.47817964      0.03221596     -1.15144013     -0.69648731     -0.46924101      0.31062052      0.36279067      0.31998209     -1.19962098     -1.69646573      0.95808072      1.45608605      0.55578250     -1.42890277     -0.66852864      1.46844426      1.94581573      1.16289681      0.55280369      1.57614991     -0.50568432     -2.76586438     -1.24998390     -1.84171677     -0.48617436     -0.23479300     -0.17499346      3.33484304     -0.85920820     -0.40581716      0.20963838     -0.94847510      0.41135674     -0.61173307      2.36064180     -1.56958339      2.21409749     -1.15183134     -1.25683588      0.80411943      0.03116577      2.12613728      0.61999218      1.87842597      0.21725001     -0.54887271      0.77645468      2.68314796     -3.01954933      0.97240528     -0.69745392      0.90952474     -0.98306701      0.03741196      1.47132489     -1.04134964     -0.49173520     -0.15671396     -0.31821881      1.34967379      3.34852896      1.29786718     -1.94927521      0.11341873
     0.00000000      0.00000000      0.00000000      0.00000000      0.00000000      0.00000000      0.00000000      0.00000000      0.00000000      0.00000000      0.00000000      0.00000000      0.00000000      0.00000000      1.00000000     -4.03151637     -2.56527566     -2.61274524     -2.97268332     -7.94021973      1.59473127     -2.23346761      4.68706088     -2.71328579      1.61972922      0.47129279     -3.68289380     -1.77869635      1.18641376     -2.01866532     -0.51350481     -0.78832896     -0.43247514      0.53095624     -2.06056741     -2.87774276     -0.83449780      1.94752864      0.97607811     -0.21220652      0.13180931      0.64311554     -2.16767188     -1.60177497      2.33105077      2.33338579     -1.33874558     -3.65797560     -2.12160455      1.87897987      0.55337218     -2.05839234     -0.72805620     -2.89066924     -3.36022482     -5.01160515      0.77374775      3.12986070      1.36304881      1.45135039      1.44380803      1.37677111      0.93732067     -6.10093660      4.64757350      2.25397583      0.10619569      0.42167748      1.03630177     -0.88507489     -4.49826436     -0.05870483     -3.30203298      2.10173863      2.55756924     -1.66471758     -0.45057367     -3.13752230      1.43954720     -5.54689060      0.46131965      2.14655002     -1.46283973     -4.27224672      5.82832664     -1.98028975     -1.49035897     -2.14835231     -0.20440772     -1.04854290     -3.52648886      0.56720095      2.64270779     -1.26532703     -0.92422739     -2.84939497     -3.90167359     -3.11814753      2.96878498     -1.08426591
     0.00000000      0.00000000      0.00000000      0.00000000      0.00000000      0.00000000      0.00000000      0.00000000      0.00000000      0.00000000      0.00000000      0.00000000      0.00000000      0.00000000      0.00000000      1.00000000      0.45827884      0.61232982      0.90622664      1.85672379     -0.36759542      0.55008168     -1.00854248      0.53813888     -0.16817292     -0.21879210      0.91820167      0.59165208     -0.11967191      0.27131472      0.08497390      0.29383627     -0.07502413     -0.25800391      0.38659939      0.68960930      0.35311935     -0.51335601      0.00193240      0.23830780      0.18025178     -0.23707204      0.54773843      0.40851438     -0.45404148     -0.43407373      0.31287545      0.81821080      0.56860521     -0.04424051      0.07982166      0.46453557      0.05293835      0.83037803      0.99276838      1.10141990     -0.06045555     -0.63835832     -0.05017742     -0.06452759     -0.30940475     -0.10348681     -0.11649525      1.38269714     -1.02475677     -0.57815136      0.02535791      0.11528740     -0.14577309      0.28330783      0.96261475      0.33370064      0.74989324     -0.23378654     -0.51656523      0.48785010      0.18778163      0.49858031     -0.48315918      1.35439911     -0.26395041     -0.32077271      0.34103377      0.90305517     -1.20141844      0.30046036      0.71438223      0.50327472      0.34775332      0.28325225      0.93610520     -0.05826819     -0.64988470      0.49389839      0.32067899      0.64888002      0.70486211      0.70665049     -0.58715592      0.18845936
     0.00000000      0.00000000      0.00000000      0.00000000      0.00000000      0.00000000      0.00000000      0.00000000      0.00000000      0.00000000      0.00000000      0.00000000      0.00000000      0.00000000      0.00000000      0.00000000      1.00000000     -0.07410084      2.17760372     -0.62610790     -1.12000392      1.35693641      0.87858791     -0.70117369      2.84837134      0.16303291     -0.10357027      1.92012416     -0.00726437     -0.78515031     -0.92310389      1.76964446     -0.53839184     -2.34405086     -3.29674222     -0.13640967      0.75250199      0.18270198      3.65080738     -0.21199287      0.27023999     -1.52096111      1.03606404      1.26190226      0.61460742      0.16961416      1.67884368     -0.04989085      1.02706977      1.55847263      0.83507091     -2.41106073     -2.04366308      0.33502108      1.73845546      0.87141585     -0.57584874     -0.26571455      2.84053295     -0.77755499      1.19560373      0.90938545      1.46671877     -0.94215801      0.15842868     -0.03846318      1.55251267      0.28878673      0.81706448      2.26531286      0.78196636      1.38335439     -0.54966196      1.25971355     -0.00972314     -2.34076273      2.86020815     -2.66795623     -1.96244448      1.34961903     -0.73328955      0.36676753      2.62128190      0.91526056      0.85704651     -2.49940712      3.34416732      0.10283900      2.65350514      0.46766961     -1.72702408     -0.26160351      0.06299343      3.35472321      2.51870502     -0.24371381      0.11637893      1.06061904     -0.75610503      0.24967578
     0.00000000      0.00000000      0.00000000      0.00000000      0.00000000      0.00000000      0.00000000      0.00000000      0.00000000      0.00000000      0.00000000      0.00000000      0.00000000      0.00000000      0.00000000      0.00000000      0.00000000      1.00000000      5.52490546     -0.68925211     -4.71371975     -1.41485942      5.50487078     -2.37040217     10.79916933     -4.08072785      3.02230154      4.50221426      0.76434506     -4.68564088     -3.10283371      5.87617602     -4.55567287     -8.50271770     -7.48684748     -0.62238828     -0.58945772     -2.56230788      7.01074000      2.56201117      2.57934160     -2.32189090      1.16071721      2.20362614      2.19120405      2.42880646      1.30619226      0.90507913      3.14246336      4.00299784      1.92359644     -3.66713577     -5.18489432      1.45478119      7.88024743      3.60904103     -0.39842096      4.06264944      8.48902017      1.99880655      3.89452946      1.07051001      1.28616869     -2.44348402     -2.60452414      1.17095577     -0.27153602      4.33547914     -1.92609453      8.97871880      1.98980380      5.45701800     -2.09312840      3.78177856      2.52081476      0.06456067      2.91180072     -5.53612851     -6.23382050      4.27401728     -1.11461063     -1.75488688      2.80259476     -2.17104221      4.63375118     -1.77093333      7.62845986      1.23230371      7.76136925      1.47173567     -2.86102933      1.84483812     -2.25284933      7.49177072      6.67737093     -0.60281295     -5.82038076      1.04319826      1.13919480      3.19881541
     0.00000000      0.00000000      0.00000000      0.00000000      0.00000000      0.00000000      0.00000000      0.00000000      0.00000000      0.00000000      0.00000000      0.00000000      0.00000000      0.00000000      0.00000000      0.00000000      0.00000000      0.00000000      1.00000000     -0.22681194     -0.67822387      0.08998645      0.70107212     -0.36310601      1.52080504     -0.32917760      0.10838634      0.73790726     -0.05020564     -0.57493233     -0.56694302      0.81973949     -0.54165639     -1.25817272     -1.26828616     -0.03155815      0.09048731     -0.21962566      1.32483311      0.26155397      0.28988490     -0.53779399      0.34781675      0.42801687      0.32427304      0.29250398      0.42332885      0.08485583      0.48446485      0.79351477      0.26513721     -0.76271030     -0.91481512      0.17738121      0.98366104      0.52544682     -0.14478958      0.33886030      1.23078250      0.10533281      0.38458691      0.24388089      0.33016226     -0.44229934     -0.29379840      0.03735358      0.29011219      0.42371107     -0.11394959      1.19047357      0.20060593      0.81442018     -0.35531595      0.52135977      0.28442688     -0.41677927      0.75587144     -1.04181274     -0.94912697      0.52315656     -0.32413168     -0.21647895      0.70243114     -0.12716903      0.58654285     -0.64388747      1.29400864      0.08610907      1.15501923      0.29094189     -0.52894169      0.18485481     -0.17611244      1.38351587      1.00095135     -0.01237963     -0.61621697      0.38285521     -0.01924851      0.26424185
     0.00000000      0.00000000      0.00000000      0.00000000      0.00000000      0.00000000      0.00000000      0.00000000      0.00000000      0.00000000      0.00000000      0.00000000      0.00000000      0.00000000      0.00000000      0.00000000      0.00000000      0.00000000      0.00000000      1.00000000      5.25472849      2.43192015      1.09267414     -1.43972314      2.65644403     -1.89287334      4.48562671      2.35082241      4.29294099      1.88959917     -0.12205141      0.53426728     -0.73722321     -0.99511728     -1.67063683      1.17217374     -2.18836063      0.02454069      2.78243644     -0.04738592      1.84307383      2.30553272     -2.13801341      0.11656172     -0.35872962      3.91140707      0.44931738      0.06229201      0.59803659      0.00429271      1.78028455     -0.97251754      2.92549512      0.69725074     -0.99188533     -1.83575473     -1.16873057      3.35562075      2.94629945      2.76153522      5.32159243      2.80333870     -0.07509216     -0.06178405      3.63676189      1.11855957     -0.65027639      0.99892000      0.56022965      0.66452947      0.39989200     -0.23184629      2.99665649      4.24895546      3.14374379      0.57309986     -0.06518558     -0.78215755     -2.10521696     -0.51319255      3.27549719      2.51268169     -0.56674933      0.76039102      3.69958840      0.74085657      2.48805502      2.23584568      3.02898266     -0.75868634      0.23581745     -0.39279167      1.47762008      0.99699653      2.40724751     -3.40267252     -0.72336878     -4.36060013      2.64471646      2.46341580
     0.00000000      0.00000000      0.00000000      0.00000000      0.00000000      0.00000000      0.00000000      0.00000000      0.00000000      0.00000000      0.00000000      0.00000000      0.00000000      0.00000000      0.00000000      0.00000000      0.00000000      0.00000000      0.00000000      0.00000000      1.00000000     -0.12204955      1.40737860     -0.86166205      1.65110719     -1.18773635      1.49092807      0.89634990      1.63404549     -0.10934972     -0.11431682      0.65474721     -0.34825730     -0.93903819     -0.75117671      0.23559805     -0.86619285     -0.16711085      0.85681960      0.42389079      0.91877072      0.49159404     -0.81176070      0.18989221      0.38760359      1.44773918     -0.21400061     -0.14249851      0.09031042      0.51215356      1.08613889     -0.10094948      0.26296025      0.37213241      0.20026309     -0.58993789     -0.12974723      1.69684695      1.42289483      1.37817014      1.96954788      0.59062617      0.01727009     -0.24627233      0.79282036      0.54400483     -0.25856477      0.42045803     -0.02521722      1.07168355     -0.16799364      0.72376222      0.42398628      1.55853433      1.04435322      0.29309080     -0.08710421     -0.55941762     -0.96818117      0.18412692      0.80130769      0.50940056     -0.16683539     -0.02161036      2.20769370      0.41572306      1.38340677      0.75003131      1.16306297     -0.14755263      0.07530169      0.14827298      0.22836057      0.30201822      1.22452043     -1.30313597     -0.82037796     -1.36224984      1.10669482      0.91910099
     0.00000000      0.00000000      0.00000000      0.00000000      0.00000000      0.00000000      0.00000000      0.00000000      0.00000000      0.00000000      0.00000000      0.00000000      0.00000000      0.00000000      0.00000000      0.00000000      0.00000000      0.00000000      0.00000000      0.00000000      0.00000000      1.00000000     -2.73877117      0.90409963     -4.07230777      2.23601648     -2.92011365     -1.25051577     -1.69505798      1.68039158      0.15915103     -1.46300886      2.25451527      2.30630974      1.70570477      0.97542858      1.14143270      1.28100213     -1.28044453     -1.08296070     -2.31473922     -1.46245330      1.16780142     -0.82359447      0.20115764     -2.38171990      0.48406718     -0.99162952     -0.71217821     -0.65647475     -1.34454663      1.02486606      0.41913069     -1.01903401     -2.62610123     -0.81104018      0.91749741     -3.38057395     -3.52937089     -2.28213398     -3.86151203     -0.28278407      1.40391837      0.04300168      0.37492937     -1.86353738      1.36242349     -2.49393458      0.82029855     -3.24548317     -0.60042709     -1.70584424      1.03255664     -2.12340047     -1.48636449     -1.50114002      0.92870142      1.44295377      1.82728073     -1.13499370     -1.77662804     -0.86491018      0.74813968      2.13583462     -3.27568264     -0.11876383     -1.72857719     -1.22850454     -2.60531845      0.23266075     -0.04199157     -0.61163062      0.66292532     -0.78015193     -1.65846203      1.69994147      2.83550520      1.77929400     -1.42380409     -2.33834119
     0.00000000      0.00000000      0.00000000      0.00000000      0.00000000      0.00000000      0.00000000      0.00000000      0.00000000      0.00000000      0.00000000      0.00000000      0.00000000      0.00000000      0.00000000      0.00000000      0.00000000      0.00000000      0.00000000      0.00000000      0.00000000      0.00000000      1.00000000     -0.24418533      2.32282002     -0.59646601      1.79430158      0.64932025      0.60372253     -1.25414649      0.02207872      0.43090064     -1.88532513     -1.38357062     -1.45981704     -1.17666453     -0.38074594     -1.06796897      0.97811076      0.54204428      1.55983176      1.45098268     -0.61609231      0.52733727     -0.59899388      1.29271757      0.09860933      0.99725755      0.82993711     -0.06231258      0.58007705     -1.77836570     -0.02310025      0.75643495      2.03571691      0.95159300     -1.39654377      1.68100315      2.87384361      1.06086143      2.60544576      0.64755936     -1.44973795     -0.21923051     -0.16539208      1.48118423     -1.33587332      2.22954249     -0.55517128      1.79296924      1.02384597      0.51159387     -1.04185456      1.05964956      0.81260895      0.60210110     -0.53423199     -1.29170071     -0.75596638      0.86207640      1.45156579      1.27461797     -0.68854495     -2.12740186      1.04671866     -0.91238074      0.44801638      0.55236597      1.79499215     -0.27262700     -0.36906165      0.32156065     -0.54935140      0.67190787      0.45103751     -0.92657242     -1.80996204     -1.16429111      0.30893510      1.80122739
     0.00000000      0.00000000      0.00000000      0.00000000      0.00000000      0.00000000      0.00000000      0.00000000      0.00000000      0.00000000      0.00000000      0.00000000      0.00000000      0.00000000      0.00000000      0.00000000      0.00000000      0.00000000      0.00000000      0.00000000      0.00000000      0.00000000      0.00000000      1.00000000      1.93985653      0.24611020      5.21150810     -0.58206977     -1.33565354     -1.87521712      2.30070919     -0.03644471     -4.76045900      1.60267909      2.25532808     -3.48083615     -1.77496626     -2.88100914     -0.14255496     -1.07190974      3.06531869      4.56834546      1.42044355     -1.90546276     -5.92234004      3.85082759      0.06787069      2.40327130      1.79724519     -2.44047254     -3.17463278     -3.46353020      1.48661504     -3.03413873      0.77345406      3.88261263     -0.12286204      5.15607028      2.47587201      1.19689654      4.66745157     -1.73239346     -5.50321047      1.76657656     -2.22851289     -1.18736801     -1.62906621      6.30799193      0.73516602     -0.12807075      0.87956027      0.80484214     -1.56629767      0.89141517      1.36979910      6.33243089     -2.08987702      0.70139076     -1.98572430     -1.19900200      3.92274038      4.69594639     -5.99851266     -7.26104733     -2.75349230      0.83593954     -2.10039806      0.00140216      3.10446198      1.49352480     -0.46986411     -0.66073402     -0.15870255      1.16635879     -3.20954898     -0.94138691     -5.53811284     -2.81098373      1.89254761      2.89997184
     0.00000000      0.00000000      0.00000000      0.00000000      0.00000000      0.00000000      0.00000000      0.00000000      0.00000000      0.00000000      0.00000000      0.00000000      0.00000000      0.00000000      0.00000000      0.00000000      0.00000000      0.00000000      0.00000000      0.00000000      0.00000000      0.00000000      0.00000000      0.00000000      1.00000000     -0.19621355      1.60776388     -0.01937285     -0.00718577     -0.45474926      0.09038562      0.09583781     -1.34837841     -0.19807746     -0.15549863     -0.72934354     -0.57937399     -0.95368840      0.22794824     -0.18233869      0.90194725      1.15711397     -0.01429717     -0.32313925     -1.06912823      0.73006373     -0.04885935      0.82921174      0.61339030     -0.60362622     -0.56699911     -1.05539842      0.58032768     -0.40743136      1.01011942      0.99710495     -0.51746650      0.94273020      1.31852246      0.24142922      1.39187648      0.04011592     -1.40106024      0.28670356     -0.54505786      0.57550508     -0.92906698      1.74036382     -0.34095989      0.56358797      0.68467676     -0.01120521     -0.18273161      0.28662106      0.73663822      1.46753027     -0.64524200     -0.10558548     -0.56460933      0.02814726      1.17004797      0.83756025     -1.40534579     -1.76094995     -0.21877454     -0.06250393     -0.51271633      0.06987091      1.02466892      0.01155551     -0.34927000     -0.17807908     -0.17138521      0.43800144     -0.39738402     -0.08703913     -1.73354559     -0.90057688      0.32428413      1.20057102
     0.00000000      0.00000000      0.00000000      0.00000000      0.00000000      0.00000000      0.00000000      0.00000000      0.00000000      0.00000000      0.00000000      0.00000000      0.00000000      0.00000000      0.00000000      0.00000000      0.00000000      0.00000000      0.00000000      0.00000000      0.00000000      0.00000000      0.00000000      0.00000000      0.00000000      1.00000000      5.25393668     -2.40753473     -1.02346136     -1.27478618      2.52024106      1.03392751     -2.69294765      4.26110982      6.15167479     -1.82821555     -2.20477016     -3.31651517     -0.59188778     -2.14318093      2.33116292      3.84435480      3.25160287     -2.50896757     -6.42896649      2.94849937     -0.56807110      2.44380066      1.33815113     -0.73847384     -3.34462499     -1.95382899      2.19894575     -5.53365482     -0.29187056      4.50126767      3.11252666      3.86096897      0.17142945      1.79039106      2.06903528     -3.65156600     -5.30632784      4.91791275     -3.50758944     -4.37759090      0.82499778      5.33672453      1.21678146     -2.20499736     -1.85897006      2.15037361     -0.10907736     -0.18137585      1.20213989      9.03971463     -1.74746955      2.33397596     -3.24356443     -2.48595670      3.22138658      4.19563114     -8.08538637     -6.36897892     -2.84076459      2.19075454     -0.61991251     -1.30660042      1.96304432      3.56309300      0.76823743     -2.53052216      2.70335541      1.66863051     -4.30514377      2.12094668     -5.14231059     -1.16783796      1.88682344      0.48637705
     0.00000000      0.00000000      0.00000000      0.00000000      0.00000000      0.00000000      0.00000000      0.00000000      0.00000000      0.00000000      0.00000000      0.00000000      0.00000000      0.00000000      0.00000000      0.00000000      0.00000000      0.00000000      0.00000000      0.00000000      0.00000000      0.00000000      0.00000000      0.00000000      0.00000000      0.00000000      1.00000000     -0.30948913     -0.52237959     -0.38706096      0.34865850      0.38672844     -1.38047341      0.85293289      0.70461542     -0.40008074     -0.79441227     -0.42824537      0.06953787     -0.82653969      0.00072935      1.11360643      0.66785960     -0.50668049     -1.67422628      1.15210030      0.04159478      0.45750487      0.29330442     -0.74079069     -1.36946322     -0.85841310      0.24118191     -1.77504916     -0.21418426      1.06741745      0.54453353      1.89855231     -0.01908754     -0.05801894      0.91397251     -1.07822871     -0.85537735      0.46915803     -0.64381842     -1.17270850      0.17286499      1.30330230      0.43344003     -0.49486266      0.08479362     -0.04084810      0.10288640      0.25616840      0.56801384      2.04419536     -0.35609994      0.97520567     -0.47996057     -0.61920514      1.04894684      0.79721662     -1.62744158     -1.63307045     -1.10196480      1.25240798     -0.66702052     -0.21923093      0.97965957      0.95163768     -0.26810710     -0.14097914      0.13547687      0.87427988     -0.96722010     -0.02380599     -1.33195354     -0.39565095      0.88372428      0.45002818
     0.00000000      0.00000000      0.00000000      0.00000000      0.00000000      0.00000000      0.00000000      0.00000000      0.00000000      0.00000000      0.00000000      0.00000000      0.00000000      0.00000000      0.00000000      0.00000000      0.00000000      0.00000000      0.00000000      0.00000000      0.00000000      0.00000000      0.00000000      0.00000000      0.00000000      0.00000000      0.00000000      1.00000000    -22.85817007    -13.61837487      1.88247257      3.33397892    -24.71943513     14.08425345      8.58026209     -4.48074112    -13.10394351     -1.49104785      2.95018967    -11.98290487    -14.31603370      6.80882157     15.16998337     -7.95660739    -31.90113461     22.21759575      1.76377221     -5.77021688     -1.61591965    -10.55959837    -28.78430395     -1.11191639    -12.98183041    -29.47704781    -13.97836466      6.19660404      7.83022096     49.50566388    -12.50489976     -8.78127421      9.90156154    -24.88087730     -0.50918105     -5.22462603     -1.24684963    -40.13470586     19.09355893      4.37541375     17.13261591    -12.19515496     -6.14154328      5.45809335     -4.17480785     -1.13404647      0.41536470     10.26905753      4.24541065     24.83189831     -8.33095908    -12.19482157      1.75496420      8.71171215    -10.97030515    -16.16026321    -18.08593174     27.32543387     -7.18739318      1.51354737      8.04968639     10.72392161    -13.22225839     11.18109283     -4.37186069     13.52658207    -13.31938589    -13.62018706    -14.74571183      0.21792461     25.38173862    -14.60138377
     0.00000000      0.00000000      0.00000000      0.00000000      0.00000000      0.00000000      0.00000000      0.00000000      0.00000000      0.00000000      0.00000000      0.00000000      0.00000000      0.00000000      0.00000000      0.00000000      0.00000000      0.00000000      0.00000000      0.00000000      0.00000000      0.00000000      0.00000000      0.00000000      0.00000000      0.00000000      0.00000000      0.00000000      1.00000000      0.64048580     -0.09582574     -0.17202072      1.03018353     -0.64479456     -0.46354368      0.19235444      0.53301757      0.12538920     -0.14063081      0.49293909      0.61075588     -0.25629062     -0.71027186      0.34305222      1.41064521     -0.91971235     -0.05887089      0.23138482      0.05811621      0.39466150      1.22916273     -0.01693053      0.58505202      1.26694968      0.54956718     -0.28765246     -0.40806714     -2.10261054      0.57031984      0.35937935     -0.36719071      1.11356007      0.03371017      0.12162559      0.09685706      1.80952783     -0.86998396     -0.19498119     -0.74553950      0.53710597      0.33747323     -0.31809105      0.19577877      0.09569661      0.01282266     -0.47093886     -0.18462375     -1.07707711      0.42902657      0.53577225     -0.02504843     -0.39120418      0.51640849      0.69619084      0.75614189     -1.15031789      0.24164926     -0.07222211     -0.31490380     -0.46655456      0.53329184     -0.45662045      0.11864502     -0.58701227      0.58957164      0.51327497      0.65260571     -0.08236121     -1.08470972      0.72515680
     0.00000000      0.00000000      0.00000000      0.00000000      0.00000000      0.00000000      0.00000000      0.00000000      0.00000000      0.00000000      0.00000000      0.00000000      0.00000000      0.00000000      0.00000000      0.00000000      0.00000000      0.00000000      0.00000000      0.00000000      0.00000000      0.00000000      0.00000000      0.00000000      0.00000000      0.00000000      0.00000000      0.00000000      0.00000000      1.00000000     -0.03295475     -0.97307314     -2.25004699     -0.78647318     -2.54949823     -0.41270340     -1.62000232      1.10974534     -0.40547419     -1.88986732     -0.28313360      1.82995137     -1.36091043      0.84619071      0.39481601      2.03064172      0.76961844     -0.00710112     -0.40666632     -3.29742773     -1.90686551     -2.62655831      0.72587439     -2.05888013     -0.91175730      0.35009526     -1.25806727      1.90005472      0.99166883     -1.50758398      2.18326267     -0.54781233     -1.22503009     -2.28063489     -0.08477968      2.40925827     -1.75134703      0.06287163     -0.99406661      0.01409806      2.99212403     -2.90595540      1.57930856      0.99919134      0.82092243      0.31725757     -0.29138887      0.24995216      2.00524479     -0.54267205      2.55566491      0.15101336     -0.16356529     -0.75727542     -2.07785387      1.92625106     -3.66525511     -0.00812643      0.77332256      1.23687431     -1.33530794      0.03201407     -2.23529645      0.55243453     -0.05026498     -1.20577766     -0.63315481     -2.06348910      0.70612787      3.83593209
     0.00000000      0.00000000      0.00000000      0.00000000      0.00000000      0.00000000      0.00000000      0.00000000      0.00000000      0.00000000      0.00000000      0.00000000      0.00000000      0.00000000      0.00000000      0.00000000      0.00000000      0.00000000      0.00000000      0.00000000      0.00000000      0.00000000      0.00000000      0.00000000      0.00000000      0.00000000      0.00000000      0.00000000      0.00000000      0.00000000      1.00000000     11.79273128     27.64937503     12.04868198     29.91375495      8.09550459      8.33175394     -4.49456545     -4.83442312     16.11620082     -1.30382646    -20.41925811     14.21394715     -5.80905817     -3.87473366    -16.84563794     -9.44459956     -3.37087416     -1.62158351     28.51648950     18.85836010     30.02470606     -1.27497870     13.74842319     -0.81118259     -5.00487649     16.71882176    -11.71245060    -15.32258198     13.79466348    -20.37318380     -1.30244562     11.99796722     20.00484578      0.26212841    -24.97775036     24.08332667     -8.41972461      8.54823646     -2.57809604    -26.85893422     24.06219613    -13.97899695     -4.97932138     -9.21241742      1.40640968      9.56098725      6.89061543    -17.89373865      5.26248778    -21.70914433     -6.15501377      4.89550843      8.31278833     22.88303975     -7.68852720     30.24352331      0.71911266     -6.31500431     -7.85276196     16.41783357     -2.90186017     23.01632383     -9.73572986      2.96698528      9.20183675     10.04112861     16.66392804     -5.37677842    -36.69532813
     0.00000000      0.00000000      0.00000000      0.00000000      0.00000000      0.00000000      0.00000000      0.00000000      0.00000000      0.00000000      0.00000000      0.00000000      0.00000000      0.00000000      0.00000000      0.00000000      0.00000000      0.00000000      0.00000000      0.00000000      0.00000000      0.00000000      0.00000000      0.00000000      0.00000000      0.00000000      0.00000000      0.00000000      0.00000000      0.00000000      0.00000000      1.00000000      1.74733827      0.76863413      1.74637369      0.51081833      0.43235695     -0.29709297     -0.36745018      1.04858861     -0.04867882     -1.07809902      0.89429961     -0.24759244     -0.18193053     -1.15995884     -0.52497310     -0.03501441      0.05194361      1.48532628      1.31372338      1.51085273      0.19516682      0.64128745      0.22936568     -0.05964258      1.05569039     -0.66169497     -0.66136956      0.87793015     -1.15233067     -0.14246837      0.70823335      1.20491392     -0.13914309     -1.30317914      1.38429956     -0.39511778      0.28406867     -0.12494170     -1.27525376      1.20843519     -0.93900148      0.00507479     -0.35202687      0.52169353      0.69735796      0.52123077     -1.00426404      0.39677620     -1.00732885     -0.39947559      0.11913589      0.15102570      1.34486778     -0.35537822      1.59226153      0.02662170     -0.01654476     -0.28951873      1.12161727     -0.14593658      1.59227130     -0.41953714      0.29828050      0.79130160      0.46361861      1.06305032     -0.47041485     -1.95142893
     0.00000000      0.00000000      0.00000000      0.00000000      0.00000000      0.00000000      0.00000000      0.00000000      0.00000000      0.00000000      0.00000000      0.00000000      0.00000000      0.00000000      0.00000000      0.00000000      0.00000000      0.00000000      0.00000000      0.00000000      0.00000000      0.00000000      0.00000000      0.00000000      0.00000000      0.00000000      0.00000000      0.00000000      0.00000000      0.00000000      0.00000000      0.00000000      1.00000000     -0.07311089      0.88713995      0.31352309      0.91251020     -0.29180482      0.17870397      0.56881307      0.30347252     -0.67982733      0.44066044     -0.47350181      0.22510078     -0.99845910     -0.00671794      0.28425625      0.30160001      1.10950763      0.38439988      1.25897258     -0.10099678      0.89199143      0.46542471      0.04405527      0.30479733     -1.23556792     -0.55241093      0.45869576     -1.23201135      0.45025545      0.38528263      0.80233519      0.06822751     -0.59619531      0.59831367     -0.07088912      0.13789865     -0.08133887     -0.91121235      1.18171741     -0.23431117     -0.54808464     -0.17217783     -0.25230821     -0.24151676     -0.45188199     -0.66778370     -0.14345962     -1.12969589     -0.56624233      0.06683467      0.71251232      0.76096076     -0.84068385      1.58864776      0.04389732     -0.95916826     -0.42307983      0.42755912      0.06477210      0.80824851     -0.27954510      0.12416574      0.70937411      0.29811774      0.85530248     -0.03006548     -1.47457849
     0.00000000      0.00000000      0.00000000      0.00000000      0.00000000      0.00000000      0.00000000      0.00000000      0.00000000      0.00000000      0.00000000      0.00000000      0.00000000      0.00000000      0.00000000      0.00000000      0.00000000      0.00000000      0.00000000      0.00000000      0.00000000      0.00000000      0.00000000      0.00000000      0.00000000      0.00000000      0.00000000      0.00000000      0.00000000      0.00000000      0.00000000      0.00000000      0.00000000      1.00000000      0.60520656      0.18753799     -0.12730509     -0.05723998     -0.14285080     -0.21982985     -0.34867759     -0.74729198      0.39447868     -0.25784697     -0.47694552      0.25439323     -0.76133658     -0.67304823     -0.69189107      1.27807598     -0.05945613      0.87749947     -0.92948769      0.33104783     -1.00879462     -0.64896077      0.18380675      0.14906216     -0.91978164      0.07559283     -0.01120050     -0.17745817      0.18632387      0.28736024      0.08458713     -1.23547480      0.81450270     -0.33039413      0.97582605      0.00737169     -1.45463238      0.80583059     -0.07213352     -0.81535572     -0.64171176     -0.41870907      0.17246873      0.59074778     -0.44006111      0.33209434     -0.64364388      0.33969806      0.30935859      0.44152586      0.23523330     -0.08516458      0.51108589     -0.37361363     -0.09172525     -0.43348788     -0.06620206     -0.43976195     -0.13651272     -0.41963564     -0.52315507     -0.28328522      0.23212317      0.06383081      0.15689315     -1.01427239
     0.00000000      0.00000000      0.00000000      0.00000000      0.00000000      0.00000000      0.00000000      0.00000000      0.00000000      0.00000000      0.00000000      0.00000000      0.00000000      0.00000000      0.00000000      0.00000000      0.00000000      0.00000000      0.00000000      0.00000000      0.00000000      0.00000000      0.00000000      0.00000000      0.00000000      0.00000000      0.00000000      0.00000000      0.00000000      0.00000000      0.00000000      0.00000000      0.00000000      0.00000000      1.00000000     -1.22169301     -0.44630181     -2.09589374     -0.82294941     -0.46741240      4.49604801     -1.01882609     -0.39349928     -1.53778983      2.09453647      0.49254559     -1.04117266     -0.32956881     -0.92099421     -0.60775518      0.36197801     -1.10073519     -0.00843335     -1.83319367      0.54138284     -0.67709364      0.75169734     -3.56540590      2.00532735     -0.60018661      0.03922212     -1.12362501     -4.09163700      2.81563528     -3.24565800      3.39451731     -0.61444522     -0.87305662      0.96489650     -0.88410552     -2.06663936      2.48108116      2.18133993     -0.86124862     -0.65448900      0.90460921     -0.16960883     -3.08031701     -0.87214692     -3.72547500      0.05988533      4.30625162     -4.93967994     -0.43496200      0.20073157     -2.09792798     -1.56973895     -1.14634623     -1.70304321      1.48570630      1.47874669     -2.53433717      0.38449411     -1.28115177      1.84505897      2.21275553     -4.36774141     -0.03635046     -1.89055090      0.25564079
     0.00000000      0.00000000      0.00000000      0.00000000      0.00000000      0.00000000      0.00000000      0.00000000      0.00000000      0.00000000      0.00000000      0.00000000      0.00000000      0.00000000      0.00000000      0.00000000      0.00000000      0.00000000      0.00000000      0.00000000      0.00000000      0.00000000      0.00000000      0.00000000      0.00000000      0.00000000      0.00000000      0.00000000      0.00000000      0.00000000      0.00000000      0.00000000      0.00000000      0.00000000      0.00000000      1.00000000     -4.54695783      2.74678582      1.54816075      2.28531138    -10.46048985     -0.85852377     -1.78020266      3.57733258     -7.46889068      4.48186905     -0.94085135     -5.47060004     -3.36991569      1.87066403      0.45839298      3.39797706     -2.83200923      1.09226059     -6.82329577     -5.10032826      1.31214580     10.78539007     -5.29755142     -0.81329119      3.43915923     -3.18928128      8.38296155     -3.32765114      6.62462676     -8.12289566      2.46235830     -4.20805614      2.02526410      1.97657472     -1.88242473     -3.05467824     -4.43830941      0.29724256     -3.02004364     -8.61845413      5.12587874      7.00700492     -1.19215497      6.20214048     -0.64763924     -2.70771466     12.74625109      3.43266970      3.41135220      6.43286874      1.71783435      5.83969959      3.54537576     -4.49161096     -1.86968330      1.61957843     -1.29184210      0.59529894      0.45270670    -10.39805873      9.26898133     -2.62995979      2.77017006     -2.94141671
     0.00000000      0.00000000      0.00000000      0.00000000      0.00000000      0.00000000      0.00000000      0.00000000      0.00000000      0.00000000      0.00000000      0.00000000      0.00000000      0.00000000      0.00000000      0.00000000      0.00000000      0.00000000      0.00000000      0.00000000      0.00000000      0.00000000      0.00000000      0.00000000      0.00000000      0.00000000      0.00000000      0.00000000      0.00000000      0.00000000      0.00000000      0.00000000      0.00000000      0.00000000      0.00000000      0.00000000      1.00000000     -2.89288016     -5.31422558     -2.43793673     15.20368523     -2.68469290      2.15589857     -7.41556992     12.13092062     -2.26742729     -1.59768864      3.78198954      2.94752814     -3.59961940     -0.74688408     -3.48758020      6.22099203     -4.99799000      4.19865395      2.47750692      0.75075588    -11.76699995      7.33090716      1.23023157     -7.44881144      3.98848322    -12.96202627      3.17416417     -7.99834481     11.29334608     -3.50786647      1.34253373     -2.12384075     -4.46982067      1.75367281      2.09609831     10.22176056      0.11568912      3.56983047     10.56211193     -1.62936555     -8.54504579      2.40515896    -10.47732162     -0.93045174      5.55517284    -18.12354746     -2.05120550     -6.22936733     -5.29415395     -6.73976513     -7.38469648     -6.07694676      6.99320996      1.71439648     -1.59725989     -0.60013178     -5.13317349      1.17998827     12.90310312    -15.91578069     -0.53649520     -4.16643051      3.32272642
     0.00000000      0.00000000      0.00000000      0.00000000      0.00000000      0.00000000      0.00000000      0.00000000      0.00000000      0.00000000      0.00000000      0.00000000      0.00000000      0.00000000      0.00000000      0.00000000      0.00000000      0.00000000      0.00000000      0.00000000      0.00000000      0.00000000      0.00000000      0.00000000      0.00000000      0.00000000      0.00000000      0.00000000      0.00000000      0.00000000      0.00000000      0.00000000      0.00000000      0.00000000      0.00000000      0.00000000      0.00000000      1.00000000      1.87760324      0.78700030     -5.01979430      1.05772930     -0.62150741      2.48575659     -3.98798396      0.48403202      0.69673192     -0.98194463     -0.78836531      1.24503763      0.27248632      1.15257577     -2.05274204      1.85926608     -1.10852413     -0.54492558     -0.35970793      3.69861505     -2.41999605     -0.32105877      2.40441311     -1.11364542      4.38992694     -1.06054961      2.63909040     -3.73873289      1.14665420     -0.13869969      0.61189676      1.48643039     -0.46478874     -0.65610526     -3.55776063      0.00371888     -1.06083560     -3.26918810      0.22251688      2.74577420     -0.76739699      3.52812850      0.32800563     -2.07407526      5.95604405      0.55550200      2.05746898      1.57911507      2.46909869      2.31797098      2.00847040     -2.30856845     -0.55171978      0.62094579      0.28010786      1.86449381     -0.56637180     -4.07970062      5.38336590      0.38404524      1.42475742     -1.07834662
     0.00000000      0.00000000      0.00000000      0.00000000      0.00000000      0.00000000      0.00000000      0.00000000      0.00000000      0.00000000      0.00000000      0.00000000      0.00000000      0.00000000      0.00000000      0.00000000      0.00000000      0.00000000      0.00000000      0.00000000      0.00000000      0.00000000      0.00000000      0.00000000      0.00000000      0.00000000      0.00000000      0.00000000      0.00000000      0.00000000      0.00000000      0.00000000      0.00000000      0.00000000      0.00000000      0.00000000      0.00000000      0.00000000      1.00000000     -0.15768979     -0.99961856      0.02388293     -0.20355010      0.84051658     -1.11709404     -0.00916787      0.12232732     -0.26534933     -0.86280385      0.56360742     -1.06032898      1.31673868     -1.56411005      0.42405991     -0.25657260     -0.11401885      0.05600659      0.28200058     -1.27809293     -0.64001185      0.91179398     -0.92422062      1.00734322      0.22196980      0.43147111     -0.28084407      0.45197731     -0.97686327      0.25875920      1.32605262     -1.39574274      1.30366802     -0.39441809     -1.10167213     -0.39324502     -1.54629758     -0.00868320      0.40956681     -0.77987583      0.12694119     -0.25810799      0.21894550      2.04982665      1.29697518      0.59520126      0.43574966      0.54922500      1.31414210     -0.28175551     -1.04243535     -1.15813458     -0.09491847     -0.15865015      0.68320478      1.25918328     -0.35179183      0.77711112      0.00616658      1.47759235     -1.55100773
     0.00000000      0.00000000      0.00000000      0.00000000      0.00000000      0.00000000      0.00000000      0.00000000      0.00000000      0.00000000      0.00000000      0.00000000      0.00000000      0.00000000      0.00000000      0.00000000      0.00000000      0.00000000      0.00000000      0.00000000      0.00000000      0.00000000      0.00000000      0.00000000      0.00000000      0.00000000      0.00000000      0.00000000      0.00000000      0.00000000      0.00000000      0.00000000      0.00000000      0.00000000      0.00000000      0.00000000      0.00000000      0.00000000      0.00000000      1.00000000     -1.54876176      0.45132810     -0.34491788      0.72176335     -1.03625618      0.47726087      0.12610696     -0.51543466      0.60733631      0.18331262      2.10155791     -1.42926339      0.30579429      0.71833326      0.18204659     -0.28121314     -0.41756536      1.02260066      0.68938259      0.33215513      0.90342651      0.05694142      1.07733859     -0.16226800      0.66290683     -1.67881649     -0.04683077      1.07843186      0.11652306     -0.41897642      1.31988087     -1.74913432     -1.89567567      1.15701481     -0.78380397     -0.55317778      0.30281166      0.76761822      0.19156469      2.24383898      0.82653074     -0.72168704      0.75569954     -1.66083055      1.10515949     -0.20450152      0.97918117     -0.08213867      1.73573566     -0.23502780      1.59340475     -0.35614016      0.83926425      0.40072659     -1.55365921     -1.97446051      2.23224700      0.82810035     -2.06341050      1.80573205
     0.00000000      0.00000000      0.00000000      0.00000000      0.00000000      0.00000000      0.00000000      0.00000000      0.00000000      0.00000000      0.00000000      0.00000000      0.00000000      0.00000000      0.00000000      0.00000000      0.00000000      0.00000000      0.00000000      0.00000000      0.00000000      0.00000000      0.00000000      0.00000000      0.00000000      0.00000000      0.00000000      0.00000000      0.00000000      0.00000000      0.00000000      0.00000000      0.00000000      0.00000000      0.00000000      0.00000000      0.00000000      0.00000000      0.00000000      0.00000000      1.00000000     -0.81806438      0.25590990     -0.51139381      1.10869801     -0.15263691     -0.37059973     -0.20624249     -0.02954410     -0.02848331      0.52118380      0.15928714      0.17462076      0.14685032      0.33337872     -0.56917043      0.06173468     -1.26500628      0.42485573     -0.25241259     -0.47687468      0.04257219     -0.98903427      0.51950017     -0.82075985      1.22476212     -0.53356667     -0.80948637     -0.31464959      0.49283393     -0.25780245     -0.05111862      0.94367708     -0.29108703     -0.21742026     -0.10483387      0.26981443     -0.87705804     -0.15044902     -0.51468290     -0.45306925      0.64807248     -0.39595793      0.62912686     -0.08749267     -0.74179262     -0.73641210     -0.80101274     -0.61698683     -0.33038028     -0.34348807     -0.32420648     -0.46649854     -0.57662893      0.40342357      0.68097820     -0.92261463      0.05326499     -1.12240309      0.70754978
     0.00000000      0.00000000      0.00000000      0.00000000      0.00000000      0.00000000      0.00000000      0.00000000      0.00000000      0.00000000      0.00000000      0.00000000      0.00000000      0.00000000      0.00000000      0.00000000      0.00000000      0.00000000      0.00000000      0.00000000      0.00000000      0.00000000      0.00000000      0.00000000      0.00000000      0.00000000      0.00000000      0.00000000      0.00000000      0.00000000      0.00000000      0.00000000      0.00000000      0.00000000      0.00000000      0.00000000      0.00000000      0.00000000      0.00000000      0.00000000      0.00000000      1.00000000     -0.12750912      0.70848885     -0.60290045     -0.18952428      0.41074787      0.65341233     -0.07166899     -0.39443758     -0.38338483      0.12851307     -0.15909148     -0.27245566      0.50758423      1.07109393     -0.08048156      0.38476051      0.14680140      0.11176118      0.66932471     -0.17219360      0.28721531     -0.12987149      0.22891642      0.14344889      0.25665589      0.63408541     -0.19707455     -0.13967577      0.13504251      0.67900947     -0.80358861      0.45345982      0.37212468      0.78265885     -0.66043814      0.41261752      0.11726099     -0.24161867      0.52787416      0.14534085     -0.49505070     -0.75784594      0.22916222      0.26837742      0.06788754      0.48653129      0.24948839      0.51229927      0.14560635      0.14066867      0.28422341      0.61884412      0.13083545      0.38411689     -0.09183417     -0.07213178      1.17563012     -0.39080638
     0.00000000      0.00000000      0.00000000      0.00000000      0.00000000      0.00000000      0.00000000      0.00000000      0.00000000      0.00000000      0.00000000      0.00000000      0.00000000      0.00000000      0.00000000      0.00000000      0.00000000      0.00000000      0.00000000      0.00000000      0.00000000      0.00000000      0.00000000      0.00000000      0.00000000      0.00000000      0.00000000      0.00000000      0.00000000      0.00000000      0.00000000      0.00000000      0.00000000      0.00000000      0.00000000      0.00000000      0.00000000      0.00000000      0.00000000      0.00000000      0.00000000      0.00000000      1.00000000    -11.95454159      8.41861187      2.33487024      0.40916116      1.28799934      5.26599930     -7.35137697     -8.66338320     -1.83791518      9.57102319    -16.43910207     -8.13050098      0.11288063      9.59328480      4.23803128     -8.51892422     -0.17259568    -13.73620076      6.29403653      3.98467543     -6.51395207     -0.98613051      0.60086414     -3.23748820      4.53404155      6.43710814     -9.78171653      4.73490977     -9.67036914     11.51971927      0.36394571     10.51250932      4.69229584      5.75395219     -3.61853487      1.14206219     -8.35456597     -1.36422336     -2.92874227     -6.95296952      1.71112379     -7.16461132      6.53023544     -4.57957469     -1.14897857      1.07911988      8.68867763      0.89928087      7.09954686     -3.77992852     -2.22585183      2.94527575      3.99271061     -9.53153695     -8.72178890      8.40007079      3.00677337
     0.00000000      0.00000000      0.00000000      0.00000000      0.00000000      0.00000000      0.00000000      0.00000000      0.00000000      0.00000000      0.00000000      0.00000000      0.00000000      0.00000000      0.00000000      0.00000000      0.00000000      0.00000000      0.00000000      0.00000000      0.00000000      0.00000000      0.00000000      0.00000000      0.00000000      0.00000000      0.00000000      0.00000000      0.00000000      0.00000000      0.00000000      0.00000000      0.00000000      0.00000000      0.00000000      0.00000000      0.00000000      0.00000000      0.00000000      0.00000000      0.00000000      0.00000000      0.00000000      1.00000000     -0.71134929     -0.23764684     -0.04531563     -0.10316941     -0.39304240      0.61783696      0.73834139      0.13536689     -0.73122912      1.38392378      0.78220265     -0.05192212     -0.81084740     -0.34903841      0.78282425     -0.00393985      1.13424203     -0.60991024     -0.40958138      0.61531155     -0.00610512     -0.11401420      0.30286480     -0.38755432     -0.62140797      0.82249016     -0.28892639      0.76938899     -0.91207691      0.01426673     -0.90418221     -0.38108344     -0.46678739      0.38762490     -0.13092609      0.78583205      0.06034777      0.18586834      0.52213414     -0.21124428      0.66555632     -0.59318227      0.35578254     -0.00727099     -0.00671689     -0.74425828     -0.06994479     -0.60216355      0.43416165      0.16511638     -0.36658425     -0.43073520      0.73969061      0.85291800     -0.83943930     -0.10928118
     0.00000000      0.00000000      0.00000000      0.00000000      0.00000000      0.00000000      0.00000000      0.00000000      0.00000000      0.00000000      0.00000000      0.00000000      0.00000000      0.00000000      0.00000000      0.00000000      0.00000000      0.00000000      0.00000000      0.00000000      0.00000000      0.00000000      0.00000000      0.00000000      0.00000000      0.00000000      0.00000000      0.00000000      0.00000000      0.00000000      0.00000000      0.00000000      0.00000000      0.00000000      0.00000000      0.00000000      0.00000000      0.00000000      0.00000000      0.00000000      0.00000000      0.00000000      0.00000000      0.00000000      1.00000000     -9.30297848      3.85646013      4.92272031      3.42931559     -0.01714604     -3.30389120      1.35532830     12.33473927     -2.52649563      0.47359927     -2.74933775      8.21337930     -4.92006422      0.03714117      8.80383510    -12.92029616      6.68791006     10.40170689      1.55501985      0.15499064     -2.22656182     -2.38343993     -1.15604015     -3.75195291     -9.89777649      4.65958373     -3.54580538     -3.21783154      5.60766438     -1.37378365     11.45057843     -6.05495241     -3.37994889     -6.29592237     -2.31297754     -2.39226612    -18.96881188     -4.93749908     -0.98143151      9.02984452      4.45770209      8.52112358      2.75216122     -5.12681629      3.57973917     -2.97007944      0.62778647     11.96287715     -0.43183665     -1.53801702     -1.03279107     -0.09531291      9.55377314      0.82264557     -8.06287621
     0.00000000      0.00000000      0.00000000      0.00000000      0.00000000      0.00000000      0.00000000      0.00000000      0.00000000      0.00000000      0.00000000      0.00000000      0.00000000      0.00000000      0.00000000      0.00000000      0.00000000      0.00000000      0.00000000      0.00000000      0.00000000      0.00000000      0.00000000      0.00000000      0.00000000      0.00000000      0.00000000      0.00000000      0.00000000      0.00000000      0.00000000      0.00000000      0.00000000      0.00000000      0.00000000      0.00000000      0.00000000      0.00000000      0.00000000      0.00000000      0.00000000      0.00000000      0.00000000      0.00000000      0.00000000      1.00000000     -0.42418632     -0.54558654     -0.43447646     -0.08090750      0.31439485     -0.08847937     -1.24116614      0.12615725     -0.11316829      0.26999694     -0.74373695      0.54216068     -0.07229192     -0.95690256      1.30942136     -0.66282248     -1.04386942     -0.26291671     -0.05571660      0.32246023      0.16488264      0.10231972      0.44665173      1.02571234     -0.51754545      0.33135716      0.41827861     -0.57130967      0.19258331     -1.17162821      0.65675870      0.33071661      0.69575716      0.16143206      0.19841854      2.02911712      0.46223660      0.12667088     -0.96840365     -0.39452001     -1.02523483     -0.28800511      0.51631073     -0.35377925      0.26256576     -0.04086856     -1.35388208     -0.01355790      0.24534224      0.11309049     -0.06620448     -1.08964480      0.03391667      0.86655950
     0.00000000      0.00000000      0.00000000      0.00000000      0.00000000      0.00000000      0.00000000      0.00000000      0.00000000      0.00000000      0.00000000      0.00000000      0.00000000      0.00000000      0.00000000      0.00000000      0.00000000      0.00000000      0.00000000      0.00000000      0.00000000      0.00000000      0.00000000      0.00000000      0.00000000      0.00000000      0.00000000      0.00000000      0.00000000      0.00000000      0.00000000      0.00000000      0.00000000      0.00000000      0.00000000      0.00000000      0.00000000      0.00000000      0.00000000      0.00000000      0.00000000      0.00000000      0.00000000      0.00000000      0.00000000      0.00000000      1.00000000      0.22613926      2.19107543     -0.59291444      2.20074775     -2.45987150      0.44250864      1.50823534      1.47254348      1.26499679     -2.24986644     -1.17643697      2.15998908     -0.42719785      0.51455803     -0.30208521     -2.26446941      1.04483514     -0.82333196      0.48149226     -0.14836449      1.07627604     -1.44339371      0.59341125      2.67000541     -1.86447303     -0.29359402      0.65185623      0.06844990      0.34207166      0.44824988     -0.61405053      0.67254834      0.98258872      2.13109942      0.15197286     -0.33418529     -0.93721956     -1.44231997     -2.13036053      0.10698186     -2.16899619      0.30140016      0.43641794      1.91522556     -0.64969848     -0.31650698      1.31892392     -2.01715121      1.20105962      1.47498966      0.61313388     -4.12306387      4.14004326
     0.00000000      0.00000000      0.00000000      0.00000000      0.00000000      0.00000000      0.00000000      0.00000000      0.00000000      0.00000000      0.00000000      0.00000000      0.00000000      0.00000000      0.00000000      0.00000000      0.00000000      0.00000000      0.00000000      0.00000000      0.00000000      0.00000000      0.00000000      0.00000000      0.00000000      0.00000000      0.00000000      0.00000000      0.00000000      0.00000000      0.00000000      0.00000000      0.00000000      0.00000000      0.00000000      0.00000000      0.00000000      0.00000000      0.00000000      0.00000000      0.00000000      0.00000000      0.00000000      0.00000000      0.00000000      0.00000000      0.00000000      1.00000000      1.63708469     -1.59048243      1.79134249     -3.33538134      3.51718678     -3.73474536      3.50515659      0.20174374      3.53214525     -0.87841670      0.90984403     -1.41615316     -0.71467244     -1.85254806     -1.44416601      4.35278435     -2.20728075     -0.43791144      1.17878911      2.59897937      0.74058471     -2.46778747      2.89742747     -3.40289803      1.66926641      2.84061921     -0.91652658      2.34992995     -0.20389172     -0.41386466     -1.00267768     -0.60793637      0.07236850      0.31707173     -5.33948403     -2.39808287      1.46027461     -1.45870175      0.02946313     -2.46976613      2.69522391      2.93377638      3.66355994     -3.19958501      1.93884207     -0.33486225     -2.94702637      0.32793565     -0.22036612      2.76374913     -5.14317403      4.59097472
     0.00000000      0.00000000      0.00000000      0.00000000      0.00000000      0.00000000      0.00000000      0.00000000      0.00000000      0.00000000      0.00000000      0.00000000      0.00000000      0.00000000      0.00000000      0.00000000      0.00000000      0.00000000      0.00000000      0.00000000      0.00000000      0.00000000      0.00000000      0.00000000      0.00000000      0.00000000      0.00000000      0.00000000      0.00000000      0.00000000      0.00000000      0.00000000      0.00000000      0.00000000      0.00000000      0.00000000      0.00000000      0.00000000      0.00000000      0.00000000      0.00000000      0.00000000      0.00000000      0.00000000      0.00000000      0.00000000      0.00000000      0.00000000      1.00000000      0.09282775      1.26090073     -1.09836842      0.06763412      1.03163949      1.50923238      0.18202827     -0.96958218     -0.70612256      0.77740991     -0.56149841      0.51849033     -1.08234772     -1.85751502      1.44927981     -0.62778982      0.14369533      0.26705692      0.13725372     -0.90105934      0.84123940      1.33541908     -1.05025027      0.42276952     -0.06380109     -0.42510668     -0.12685509      0.18936888     -0.15624123      0.17118324      0.82300347      0.70629187      0.46252506     -0.15646607     -0.20965743     -0.38190393     -1.34145099     -0.17134132     -1.53817515      0.56811428     -0.07713083      1.07662910     -0.58656644      0.06244922      0.39344713     -1.28074577      0.60629829      0.55874018      0.84442138     -3.02272167      2.40563455
     0.00000000      0.00000000      0.00000000      0.00000000      0.00000000      0.00000000      0.00000000      0.00000000      0.00000000      0.00000000      0.00000000      0.00000000      0.00000000      0.00000000      0.00000000      0.00000000      0.00000000      0.00000000      0.00000000      0.00000000      0.00000000      0.00000000      0.00000000      0.00000000      0.00000000      0.00000000      0.00000000      0.00000000      0.00000000      0.00000000      0.00000000      0.00000000      0.00000000      0.00000000      0.00000000      0.00000000      0.00000000      0.00000000      0.00000000      0.00000000      0.00000000      0.00000000      0.00000000      0.00000000      0.00000000      0.00000000      0.00000000      0.00000000      0.00000000      1.00000000      0.37625918      0.79496403     -1.27964086      2.40072223      0.34916272      0.17371182     -2.22489594     -0.45773056      0.53104395      0.44613688      0.42247384      0.62984903     -0.76306712     -0.52382690      0.76837250     -0.37098715      0.15320517     -0.52861809     -1.03352626      0.88706822     -0.50407989      0.71528527     -0.76324410     -1.01872118     -0.31595659     -0.67544440     -0.06789315      0.46732463      0.40336064      0.99633993     -0.07221780     -0.11349061      1.65316151      0.32709902     -0.44332637     -0.40093622      0.57996341      0.09268829     -0.57817738     -1.01014961     -0.57402566      0.78742419      0.06842176      0.41912126      0.02174808      0.16046603      0.45737202      0.20095139     -0.06099348     -1.50375802
     0.00000000      0.00000000      0.00000000      0.00000000      0.00000000      0.00000000      0.00000000      0.00000000      0.00000000      0.00000000      0.00000000      0.00000000      0.00000000      0.00000000      0.00000000      0.00000000      0.00000000      0.00000000      0.00000000      0.00000000      0.00000000      0.00000000      0.00000000      0.00000000      0.00000000      0.00000000      0.00000000      0.00000000      0.00000000      0.00000000      0.00000000      0.00000000      0.00000000      0.00000000      0.00000000      0.00000000      0.00000000      0.00000000      0.00000000      0.00000000      0.00000000      0.00000000      0.00000000      0.00000000      0.00000000      0.00000000      0.00000000      0.00000000      0.00000000      0.00000000      1.00000000     21.30389285     -6.59966429     16.22620095     13.77344324     -3.94845228    -19.18078038    -15.51105978      8.31942353     -7.36112229      3.93062637     11.08156563     -2.26915034     -8.50980953      4.41738576     12.32259704    -13.46127383    -21.85819229    -18.49040061     25.36899361    -10.59913835      1.41211902     -6.36229434    -18.76364596     -5.75851542     -9.49776958      8.61325015     -0.30116177     12.06247639     14.21652019     -4.80135508      2.02640489     20.37650090     -0.74354918      3.12411067     -4.86862070    -11.53887508      9.13762847    -16.47676796    -18.72847772    -27.88265524     12.55081341      3.29596262      5.37430969     15.77557427      8.78707760     -7.74065001     10.58850014      9.14231397    -16.33242860
     0.00000000      0.00000000      0.00000000      0.00000000      0.00000000      0.00000000      0.00000000      0.00000000      0.00000000      0.00000000      0.00000000      0.00000000      0.00000000      0.00000000      0.00000000      0.00000000      0.00000000      0.00000000      0.00000000      0.00000000      0.00000000      0.00000000      0.00000000      0.00000000      0.00000000      0.00000000      0.00000000      0.00000000      0.00000000      0.00000000      0.00000000      0.00000000      0.00000000      0.00000000      0.00000000      0.00000000      0.00000000      0.00000000      0.00000000      0.00000000      0.00000000      0.00000000      0.00000000      0.00000000      0.00000000      0.00000000      0.00000000      0.00000000      0.00000000      0.00000000      0.00000000      1.00000000     -0.34373823      0.77513461      0.61391805     -0.16991802     -0.91628649     -0.70386960      0.36213947     -0.34526578      0.18780468      0.47191769     -0.14318167     -0.40333222      0.20795828      0.58025827     -0.61357548     -1.03655892     -0.87042086      1.20495291     -0.48436311      0.09420967     -0.26941471     -0.90290299     -0.24397207     -0.46880182      0.41974181     -0.01568266      0.55611960      0.64607578     -0.20033671      0.10514066      1.00111836      0.00622188      0.09581834     -0.21756934     -0.55234842      0.43460429     -0.76519692     -0.88251076     -1.28883405      0.60479043      0.12480754      0.26303110      0.77046949      0.43024335     -0.37104539      0.44320951      0.44921218     -0.76727937
     0.00000000      0.00000000      0.00000000      0.00000000      0.00000000      0.00000000      0.00000000      0.00000000      0.00000000      0.00000000      0.00000000      0.00000000      0.00000000      0.00000000      0.00000000      0.00000000      0.00000000      0.00000000      0.00000000      0.00000000      0.00000000      0.00000000      0.00000000      0.00000000      0.00000000      0.00000000      0.00000000      0.00000000      0.00000000      0.00000000      0.00000000      0.00000000      0.00000000      0.00000000      0.00000000      0.00000000      0.00000000      0.00000000      0.00000000      0.00000000      0.00000000      0.00000000      0.00000000      0.00000000      0.00000000      0.00000000      0.00000000      0.00000000      0.00000000      0.00000000      0.00000000      0.00000000      1.00000000     -1.41935447      0.24642374     -0.08039720      1.47255121     -0.76909900      0.15911285     -0.10483988     -0.32034203      0.92054244      1.26285184      0.57774044     -0.40276936      0.98600551     -0.55440360     -0.41916961      0.88058153      0.02643626     -1.06687855      0.55651343     -0.01378579     -0.05936857     -0.37079004     -0.02763110     -0.18143756     -0.68715379      0.30893035      0.08265819     -0.68785347      0.01442824     -1.03143571     -0.16024426      1.08342985      0.14231388     -0.07382450      0.51258555     -0.64939967      0.75594748     -1.17798204     -0.60121257      0.21493874     -0.32381537      0.84310133     -0.02228905      0.01012930      0.60874635      0.82503265     -0.64425717
     0.00000000      0.00000000      0.00000000      0.00000000      0.00000000      0.00000000      0.00000000      0.00000000      0.00000000      0.00000000      0.00000000      0.00000000      0.00000000      0.00000000      0.00000000      0.00000000      0.00000000      0.00000000      0.00000000      0.00000000      0.00000000      0.00000000      0.00000000      0.00000000      0.00000000      0.00000000      0.00000000      0.00000000      0.00000000      0.00000000      0.00000000      0.00000000      0.00000000      0.00000000      0.00000000      0.00000000      0.00000000      0.00000000      0.00000000      0.00000000      0.00000000      0.00000000      0.00000000      0.00000000      0.00000000      0.00000000      0.00000000      0.00000000      0.00000000      0.00000000      0.00000000      0.00000000      0.00000000      1.00000000      3.05165137     -1.39157288     -0.18731382      0.09786604      0.95397574      0.45340994     -0.73888443     -0.91296533     -1.25876847      0.71126245      2.83633530     -9.14787187      5.38178013      6.43569824     -1.14418389     -6.77108555      3.24414519     -3.89666014     -1.11629802      4.31210798     -2.25226466      3.89233827     -1.00970806      6.34092553     -3.45353557     -0.71655533     -1.92627208     -2.90005832     -4.99803435     -5.35578990      2.57618527      0.09043558      5.69158802     -0.92919292      5.71217948      1.38608586      5.11381065     -1.27579117      7.62669664     -1.75925169     -7.04571876     -3.07223076     -1.90992470      5.61066514     -5.92919324     -0.37296299
     0.00000000      0.00000000      0.00000000      0.00000000      0.00000000      0.00000000      0.00000000      0.00000000      0.00000000      0.00000000      0.00000000      0.00000000      0.00000000      0.00000000      0.00000000      0.00000000      0.00000000      0.00000000      0.00000000      0.00000000      0.00000000      0.00000000      0.00000000      0.00000000      0.00000000      0.00000000      0.00000000      0.00000000      0.00000000      0.00000000      0.00000000      0.00000000      0.00000000      0.00000000      0.00000000      0.00000000      0.00000000      0.00000000      0.00000000      0.00000000      0.00000000      0.00000000      0.00000000      0.00000000      0.00000000      0.00000000      0.00000000      0.00000000      0.00000000      0.00000000      0.00000000      0.00000000      0.00000000      0.00000000      1.00000000     -0.36749356      0.36714677     -0.14939674      0.09920967      0.08172980     -0.48827771     -0.46187302     -0.41182271      0.46920009      0.62668362     -2.76307391      1.74893887      1.92555513     -0.19769150     -2.21849083      0.99084511     -0.92799483     -0.15911976      1.40653373     -0.78901477      1.32925211     -0.54610350      1.66104570     -1.23587466     -0.50245812     -0.65145594     -0.89723273     -1.68954135     -1.37902168      0.67010222      0.12350686      1.78732791     -0.38367284      1.61852807      0.67005790      1.71199837     -0.44561789      2.26669731     -0.37780578     -1.92453630     -0.80794112     -0.52567121      1.92005154     -1.76339288     -0.25371924
     0.00000000      0.00000000      0.00000000      0.00000000      0.00000000      0.00000000      0.00000000      0.00000000      0.00000000      0.00000000      0.00000000      0.00000000      0.00000000      0.00000000      0.00000000      0.00000000      0.00000000      0.00000000      0.00000000      0.00000000      0.00000000      0.00000000      0.00000000      0.00000000      0.00000000      0.00000000      0.00000000      0.00000000      0.00000000      0.00000000      0.00000000      0.00000000      0.00000000      0.00000000      0.00000000      0.00000000      0.00000000      0.00000000      0.00000000      0.00000000      0.00000000      0.00000000      0.00000000      0.00000000      0.00000000      0.00000000      0.00000000      0.00000000      0.00000000      0.00000000      0.00000000      0.00000000      0.00000000      0.00000000      0.00000000      1.00000000     51.50164413     73.01631866   -333.64698515   -214.76928793    -23.28434700    -14.94559620     -2.86194431    121.46125361    -41.47788137     44.06927065    -73.58973880    -56.47652593     57.82028614    104.25580131     73.89022448   -240.94897734    -78.90461416   -101.40398232     41.76301397     84.53583113     20.23786090   -173.22963467    -25.28627070    -77.78385669    -19.77428947     40.32675415    108.99792729    209.79340375     96.99419524    142.48824193     -0.64440125     56.86585939    -98.17553283    -71.78586310    -15.34011759     20.69319149   -249.99533414      2.09209335   -100.06815669     10.18596479    159.28918470    -82.76347751    -14.21179822    -25.27414846
     0.00000000      0.00000000      0.00000000      0.00000000      0.00000000      0.00000000      0.00000000      0.00000000      0.00000000      0.00000000      0.00000000      0.00000000      0.00000000      0.00000000      0.00000000      0.00000000      0.00000000      0.00000000      0.00000000      0.00000000      0.00000000      0.00000000      0.00000000      0.00000000      0.00000000      0.00000000      0.00000000      0.00000000      0.00000000      0.00000000      0.00000000      0.00000000      0.00000000      0.00000000      0.00000000      0.00000000      0.00000000      0.00000000      0.00000000      0.00000000      0.00000000      0.00000000      0.00000000      0.00000000      0.00000000      0.00000000      0.00000000      0.00000000      0.00000000      0.00000000      0.00000000      0.00000000      0.00000000      0.00000000      0.00000000      0.00000000      1.00000000      1.32516743     -6.20853972     -3.91676349     -0.50248414     -0.29047741     -0.08453061      2.29941580     -0.76321203      0.73094062     -1.25845013     -0.98554756      1.06920147      1.80902281      1.46000832     -4.52514561     -1.42451604     -1.80666240      0.72512804      1.61290522      0.36350745     -3.15500252     -0.53336900     -1.44573261     -0.34650441      0.68969913      1.96529451      3.86681817      1.79889126      2.63175643      0.09273952      1.01258923     -1.74788568     -1.23343773     -0.16246572      0.37818302     -4.53796386      0.00788608     -1.96163719      0.20176045      2.90400945     -1.48667121     -0.39675119     -0.42088735
     0.00000000      0.00000000      0.00000000      0.00000000      0.00000000      0.00000000      0.00000000      0.00000000      0.00000000      0.00000000      0.00000000      0.00000000      0.00000000      0.00000000      0.00000000      0.00000000      0.00000000      0.00000000      0.00000000      0.00000000      0.00000000      0.00000000      0.00000000      0.00000000      0.00000000      0.00000000      0.00000000      0.00000000      0.00000000      0.00000000      0.00000000      0.00000000      0.00000000      0.00000000      0.00000000      0.00000000      0.00000000      0.00000000      0.00000000      0.00000000      0.00000000      0.00000000      0.00000000      0.00000000      0.00000000      0.00000000      0.00000000      0.00000000      0.00000000      0.00000000      0.00000000      0.00000000      0.00000000      0.00000000      0.00000000      0.00000000      0.00000000      1.00000000      1.66754855      1.94574943     -0.53538556      0.57836072      0.08542587     -1.77148845      1.82415723     -5.32506798      3.12802654      3.50535943     -0.24825384     -4.22852152      0.21336976      1.00159853     -1.63388276      2.44824490     -1.19482674      2.19600003     -1.48512258      2.24651346     -2.01541505     -1.81118805     -1.58518812     -1.54727635     -2.24005791     -2.86235069      0.22340010      0.81251519      3.44576412      0.56227429      1.85547135      0.76057226      1.32118245     -0.26264333      3.54276422     -0.20713629     -0.76813112     -1.76544856      0.08635358      1.90992477      0.55195754     -3.64924684
     0.00000000      0.00000000      0.00000000      0.00000000      0.00000000      0.00000000      0.00000000      0.00000000      0.00000000      0.00000000      0.00000000      0.00000000      0.00000000      0.00000000      0.00000000      0.00000000      0.00000000      0.00000000      0.00000000      0.00000000      0.00000000      0.00000000      0.00000000      0.00000000      0.00000000      0.00000000      0.00000000      0.00000000      0.00000000      0.00000000      0.00000000      0.00000000      0.00000000      0.00000000      0.00000000      0.00000000      0.00000000      0.00000000      0.00000000      0.00000000      0.00000000      0.00000000      0.00000000      0.00000000      0.00000000      0.00000000      0.00000000      0.00000000      0.00000000      0.00000000      0.00000000      0.00000000      0.00000000      0.00000000      0.00000000      0.00000000      0.00000000      0.00000000      1.00000000      1.02612962     -0.27024763      0.14505576     -0.07519702     -0.56880669      0.54275237     -1.67164480      1.17442111      1.16007542     -0.14130322     -1.52461667      0.17711102      0.59077459     -0.22502946      0.99263188     -0.51602221      0.49624838     -0.40951395      0.98979612     -0.61756081     -0.34323771     -0.36485838     -0.55616908     -0.96505630     -1.20019895     -0.14835444     -0.14565529      1.13373418     -0.05968001      0.82194993      0.56688870      0.66528716     -0.16727972      1.57422244     -0.12183476     -0.27147438     -0.43164476     -0.34578858      0.75113657     -0.12407799     -0.81276663
     0.00000000      0.00000000      0.00000000      0.00000000      0.00000000      0.00000000      0.00000000      0.00000000      0.00000000      0.00000000      0.00000000      0.00000000      0.00000000      0.00000000      0.00000000      0.00000000      0.00000000      0.00000000      0.00000000      0.00000000      0.00000000      0.00000000      0.00000000      0.00000000      0.00000000      0.00000000      0.00000000      0.00000000      0.00000000      0.00000000      0.00000000      0.00000000      0.00000000      0.00000000      0.00000000      0.00000000      0.00000000      0.00000000      0.00000000      0.00000000      0.00000000      0.00000000      0.00000000      0.00000000      0.00000000      0.00000000      0.00000000      0.00000000      0.00000000      0.00000000      0.00000000      0.00000000      0.00000000      0.00000000      0.00000000      0.00000000      0.00000000      0.00000000      0.00000000      1.00000000     -1.13675071      1.13226810     -0.04432746     -1.01217809      1.82267399     -5.35022612      2.75296323      3.07726293      0.27225827     -4.21763873      1.00282601     -0.78727052     -3.14818271      2.12962218     -1.60906600      2.53017466     -0.92925894      1.05640429     -2.69239568     -2.43889395     -1.81950458     -1.48726039     -1.55510404     -2.22834333      1.46274754      1.27927296      4.27427656      1.83321625      1.32661649      0.21175996      1.38306771     -0.60127355      3.19767930     -0.49416107     -1.42570819     -1.69555857      0.84271893      1.61623225     -0.06288319     -4.48126195
     0.00000000      0.00000000      0.00000000      0.00000000      0.00000000      0.00000000      0.00000000      0.00000000      0.00000000      0.00000000      0.00000000      0.00000000      0.00000000      0.00000000      0.00000000      0.00000000      0.00000000      0.00000000      0.00000000      0.00000000      0.00000000      0.00000000      0.00000000      0.00000000      0.00000000      0.00000000      0.00000000      0.00000000      0.00000000      0.00000000      0.00000000      0.00000000      0.00000000      0.00000000      0.00000000      0.00000000      0.00000000      0.00000000      0.00000000      0.00000000      0.00000000      0.00000000      0.00000000      0.00000000      0.00000000      0.00000000      0.00000000      0.00000000      0.00000000      0.00000000      0.00000000      0.00000000      0.00000000      0.00000000      0.00000000      0.00000000      0.00000000      0.00000000      0.00000000      0.00000000      1.00000000      0.26560380     -0.41726438      0.54037627     -2.06956904      7.18167208     -2.02478720     -4.50471693     -1.75725022      3.94392462     -3.67014739      2.11238428      5.45687411     -3.12851542      1.82045581     -1.83812381     -1.15535779     -0.53577755      2.75881545      2.84674832      2.65708654     -0.00911276      3.47099448      4.00621965     -2.81622685     -0.11180894     -4.43768403     -2.74145064     -2.68038500      0.08132606     -3.71237106      1.13481850     -3.61912606      0.63109235      3.60483106      1.89164953     -1.15167807     -1.69113088      1.21250125      4.07979036
     0.00000000      0.00000000      0.00000000      0.00000000      0.00000000      0.00000000      0.00000000      0.00000000      0.00000000      0.00000000      0.00000000      0.00000000      0.00000000      0.00000000      0.00000000      0.00000000      0.00000000      0.00000000      0.00000000      0.00000000      0.00000000      0.00000000      0.00000000      0.00000000      0.00000000      0.00000000      0.00000000      0.00000000      0.00000000      0.00000000      0.00000000      0.00000000      0.00000000      0.00000000      0.00000000      0.00000000      0.00000000      0.00000000      0.00000000      0.00000000      0.00000000      0.00000000      0.00000000      0.00000000      0.00000000      0.00000000      0.00000000      0.00000000      0.00000000      0.00000000      0.00000000      0.00000000      0.00000000      0.00000000      0.00000000      0.00000000      0.00000000      0.00000000      0.00000000      0.00000000      0.00000000      1.00000000     -5.49368267     -7.09322608      0.73278591     -6.33052335      2.93858923     -3.56583769     -8.03972315     -4.24409869    -12.11541180      7.91258270     -0.86854256     -0.19607640     -1.51569762     10.64054758    -12.28884537     -0.81569651     -8.61602780    -10.37613638     -6.57898105     -8.21818526      7.56844329      4.87295269     -3.13520249     10.06695459      2.15972532      1.89121944     -4.70131708    -11.19876591    -12.79197974     -1.62500065      3.35568404      4.26329690     14.21904202    -10.08394703      7.00582940      6.17135960     11.46185593    -19.00450640
     0.00000000      0.00000000      0.00000000      0.00000000      0.00000000      0.00000000      0.00000000      0.00000000      0.00000000      0.00000000      0.00000000      0.00000000      0.00000000      0.00000000      0.00000000      0.00000000      0.00000000      0.00000000      0.00000000      0.00000000      0.00000000      0.00000000      0.00000000      0.00000000      0.00000000      0.00000000      0.00000000      0.00000000      0.00000000      0.00000000      0.00000000      0.00000000      0.00000000      0.00000000      0.00000000      0.00000000      0.00000000      0.00000000      0.00000000      0.00000000      0.00000000      0.00000000      0.00000000      0.00000000      0.00000000      0.00000000      0.00000000      0.00000000      0.00000000      0.00000000      0.00000000      0.00000000      0.00000000      0.00000000      0.00000000      0.00000000      0.00000000      0.00000000      0.00000000      0.00000000      0.00000000      0.00000000      1.00000000      1.23521490     -0.01457905      0.99744024     -0.50657985      0.56881105      1.41443433      0.60942968      1.98733354     -1.43288965     -0.10627945     -0.00560344      0.14148016     -1.78046710      2.15030715      0.03641591      1.45464972      1.70635125      1.08947211      1.36758389     -1.21637857     -0.85608794      0.69191403     -1.58101958     -0.15943111     -0.03089082      0.66413829      1.94382735      2.06383857      0.26783235     -0.52996850     -0.77906443     -2.39152999      1.77599867     -1.14970430     -1.09146506     -1.87763350      2.90365735
     0.00000000      0.00000000      0.00000000      0.00000000      0.00000000      0.00000000      0.00000000      0.00000000      0.00000000      0.00000000      0.00000000      0.00000000      0.00000000      0.00000000      0.00000000      0.00000000      0.00000000      0.00000000      0.00000000      0.00000000      0.00000000      0.00000000      0.00000000      0.00000000      0.00000000      0.00000000      0.00000000      0.00000000      0.00000000      0.00000000      0.00000000      0.00000000      0.00000000      0.00000000      0.00000000      0.00000000      0.00000000      0.00000000      0.00000000      0.00000000      0.00000000      0.00000000      0.00000000      0.00000000      0.00000000      0.00000000      0.00000000      0.00000000      0.00000000      0.00000000      0.00000000      0.00000000      0.00000000      0.00000000      0.00000000      0.00000000      0.00000000      0.00000000      0.00000000      0.00000000      0.00000000      0.00000000      0.00000000      1.00000000     -0.13533081      2.32577141     -0.59411057     -0.54445886      0.76012918      0.95494964      0.55156803     -1.00154049      1.23141542     -0.39826552      0.52832872     -1.35333955      1.45611960      0.21756571      1.53652112      1.61924578      1.52049414      0.73855654     -0.38898315      0.16236079     -0.40004713     -1.11132709     -0.78075994     -0.39139440      0.11130688      1.63522992      0.84185879      0.24033064     -0.93108093     -0.74770486     -1.37887300      2.17755583     -1.63929517     -1.74991351     -1.31563145      3.28696553
     0.00000000      0.00000000      0.00000000      0.00000000      0.00000000      0.00000000      0.00000000      0.00000000      0.00000000      0.00000000      0.00000000      0.00000000      0.00000000      0.00000000      0.00000000      0.00000000      0.00000000      0.00000000      0.00000000      0.00000000      0.00000000      0.00000000      0.00000000      0.00000000      0.00000000      0.00000000      0.00000000      0.00000000      0.00000000      0.00000000      0.00000000      0.00000000      0.00000000      0.00000000      0.00000000      0.00000000      0.00000000      0.00000000      0.00000000      0.00000000      0.00000000      0.00000000      0.00000000      0.00000000      0.00000000      0.00000000      0.00000000      0.00000000      0.00000000      0.00000000      0.00000000      0.00000000      0.00000000      0.00000000      0.00000000      0.00000000      0.00000000      0.00000000      0.00000000      0.00000000      0.00000000      0.00000000      0.00000000      0.00000000      1.00000000     -1.18890584      0.66659124      1.35976583      1.16876388     -0.63307630      0.49524313     -0.62310347     -1.06635949      0.61589458     -0.04067927     -0.17763769      0.35467814      0.62345627     -0.42114644     -0.43620754     -0.52235316      0.48170422     -1.61344366     -1.23538437      0.91289518     -0.45629568      1.22952909      0.97199608      1.03608432      0.04649757      0.86335367     -0.64939462      0.79421047     -0.99512456     -1.50930791     -0.18180007     -0.10599276     -0.47406345     -0.46031393     -0.19701488
     0.00000000      0.00000000      0.00000000      0.00000000      0.00000000      0.00000000      0.00000000      0.00000000      0.00000000      0.00000000      0.00000000      0.00000000      0.00000000      0.00000000      0.00000000      0.00000000      0.00000000      0.00000000      0.00000000      0.00000000      0.00000000      0.00000000      0.00000000      0.00000000      0.00000000      0.00000000      0.00000000      0.00000000      0.00000000      0.00000000      0.00000000      0.00000000      0.00000000      0.00000000      0.00000000      0.00000000      0.00000000      0.00000000      0.00000000      0.00000000      0.00000000      0.00000000      0.00000000      0.00000000      0.00000000      0.00000000      0.00000000      0.00000000      0.00000000      0.00000000      0.00000000      0.00000000      0.00000000      0.00000000      0.00000000      0.00000000      0.00000000      0.00000000      0.00000000      0.00000000      0.00000000      0.00000000      0.00000000      0.00000000      0.00000000      1.00000000     -0.22606720     -1.02116091     -0.51078251      0.25447999     -0.69152394      0.04130502      0.92592823     -0.50794948      0.18675723      0.01347797     -0.23878740     -0.03263047      0.51007501      0.20980797      0.82250950     -0.35267689      0.57794166      0.40925351     -0.45071151      0.18684860     -0.52158234     -0.57725985     -0.88766243      0.30940324     -0.64485000      0.42109505     -0.27023997      0.21448909      0.46470018      0.77715502     -0.71560304      0.19789716     -0.11601927      1.03385145
     0.00000000      0.00000000      0.00000000      0.00000000      0.00000000      0.00000000      0.00000000      0.00000000      0.00000000      0.00000000      0.00000000      0.00000000      0.00000000      0.00000000      0.00000000      0.00000000      0.00000000      0.00000000      0.00000000      0.00000000      0.00000000      0.00000000      0.00000000      0.00000000      0.00000000      0.00000000      0.00000000      0.00000000      0.00000000      0.00000000      0.00000000      0.00000000      0.00000000      0.00000000      0.00000000      0.00000000      0.00000000      0.00000000      0.00000000      0.00000000      0.00000000      0.00000000      0.00000000      0.00000000      0.00000000      0.00000000      0.00000000      0.00000000      0.00000000      0.00000000      0.00000000      0.00000000      0.00000000      0.00000000      0.00000000      0.00000000      0.00000000      0.00000000      0.00000000      0.00000000      0.00000000      0.00000000      0.00000000      0.00000000      0.00000000      0.00000000      1.00000000      7.84328315      4.72398540      0.90105964      3.03805439     -0.49172385     -1.27253815      2.26374545      1.37561550     -0.45271558      0.46021807      1.96703667      0.45604263      0.45136085     -2.19418793      2.04617923     -6.07725661     -3.17619798      0.03678650     -0.73908307      1.08332642      1.75939361      5.81679389      1.01362726      4.30764870     -0.73237961     -0.77998955     -1.98544726     -4.60443829     -0.82715359      1.92774684     -2.77454089     -1.51163617      0.85018442
     0.00000000      0.00000000      0.00000000      0.00000000      0.00000000      0.00000000      0.00000000      0.00000000      0.00000000      0.00000000      0.00000000      0.00000000      0.00000000      0.00000000      0.00000000      0.00000000      0.00000000      0.00000000      0.00000000      0.00000000      0.00000000      0.00000000      0.00000000      0.00000000      0.00000000      0.00000000      0.00000000      0.00000000      0.00000000      0.00000000      0.00000000      0.00000000      0.00000000      0.00000000      0.00000000      0.00000000      0.00000000      0.00000000      0.00000000      0.00000000      0.00000000      0.00000000      0.00000000      0.00000000      0.00000000      0.00000000      0.00000000      0.00000000      0.00000000      0.00000000      0.00000000      0.00000000      0.00000000      0.00000000      0.00000000      0.00000000      0.00000000      0.00000000      0.00000000      0.00000000      0.00000000      0.00000000      0.00000000      0.00000000      0.00000000      0.00000000      0.00000000      1.00000000      0.66230235      0.19680440      0.24669161      0.08113666     -0.30538906      0.14218311      0.25822463     -0.29166489     -0.10171740      0.08274619      0.08638027     -0.11142452     -0.48937169      0.44357681     -0.58550451     -0.22886663      0.06427084     -0.04742064      0.01106379      0.42581277      0.57631950     -0.32749061      0.45135564     -0.05661750     -0.27927079     -0.31759114     -0.42164318     -0.36965300      0.56045854     -0.41789682      0.04807645     -0.24874252
     0.00000000      0.00000000      0.00000000      0.00000000      0.00000000      0.00000000      0.00000000      0.00000000      0.00000000      0.00000000      0.00000000      0.00000000      0.00000000      0.00000000      0.00000000      0.00000000      0.00000000      0.00000000      0.00000000      0.00000000      0.00000000      0.00000000      0.00000000      0.00000000      0.00000000      0.00000000      0.00000000      0.00000000      0.00000000      0.00000000      0.00000000      0.00000000      0.00000000      0.00000000      0.00000000      0.00000000      0.00000000      0.00000000      0.00000000      0.00000000      0.00000000      0.00000000      0.00000000      0.00000000      0.00000000      0.00000000      0.00000000      0.00000000      0.00000000      0.00000000      0.00000000      0.00000000      0.00000000      0.00000000      0.00000000      0.00000000      0.00000000      0.00000000      0.00000000      0.00000000      0.00000000      0.00000000      0.00000000      0.00000000      0.00000000      0.00000000      0.00000000      0.00000000      1.00000000      1.23244395      1.05454697      0.63169875     -0.40148870     -0.10814207     -0.44177394     -0.53327529      1.44662962     -1.39473789      0.29368847      0.39217452     -0.54395647      0.90670805     -0.44290962      0.64451265     -0.18068500     -0.42984722      0.26950268      1.16123541      0.62865106      0.31565468      0.81755137     -0.46848134     -0.25895134      0.04326912      0.67251231      1.04662254      0.95000355     -0.98319910      1.13059866     -2.04389095
     0.00000000      0.00000000      0.00000000      0.00000000      0.00000000      0.00000000      0.00000000      0.00000000      0.00000000      0.00000000      0.00000000      0.00000000      0.00000000      0.00000000      0.00000000      0.00000000      0.00000000      0.00000000      0.00000000      0.00000000      0.00000000      0.00000000      0.00000000      0.00000000      0.00000000      0.00000000      0.00000000      0.00000000      0.00000000      0.00000000      0.00000000      0.00000000      0.00000000      0.00000000      0.00000000      0.00000000      0.00000000      0.00000000      0.00000000      0.00000000      0.00000000      0.00000000      0.00000000      0.00000000      0.00000000      0.00000000      0.00000000      0.00000000      0.00000000      0.00000000      0.00000000      0.00000000      0.00000000      0.00000000      0.00000000      0.00000000      0.00000000      0.00000000      0.00000000      0.00000000      0.00000000      0.00000000      0.00000000      0.00000000      0.00000000      0.00000000      0.00000000      0.00000000      0.00000000      1.00000000     -0.20527538      1.89749749     -5.21889747      1.26900430     -4.67046854      6.23042918      3.77859527     -6.97424023     -2.20840005     -5.47907868     -0.91036126     -1.21315906      1.00532902     -0.58948538      2.30143819      6.55783624      4.61937699      7.06178735     -0.44859147      0.84985220     -2.79805408      0.81750664      1.09223942      3.35096693      6.38972012      5.79401633      3.12427742      0.11790141      3.01867672     -8.99500606
     0.00000000      0.00000000      0.00000000      0.00000000      0.00000000      0.00000000      0.00000000      0.00000000      0.00000000      0.00000000      0.00000000      0.00000000      0.00000000      0.00000000      0.00000000      0.00000000      0.00000000      0.00000000      0.00000000      0.00000000      0.00000000      0.00000000      0.00000000      0.00000000      0.00000000      0.00000000      0.00000000      0.00000000      0.00000000      0.00000000      0.00000000      0.00000000      0.00000000      0.00000000      0.00000000      0.00000000      0.00000000      0.00000000      0.00000000      0.00000000      0.00000000      0.00000000      0.00000000      0.00000000      0.00000000      0.00000000      0.00000000      0.00000000      0.00000000      0.00000000      0.00000000      0.00000000      0.00000000      0.00000000      0.00000000      0.00000000      0.00000000      0.00000000      0.00000000      0.00000000      0.00000000      0.00000000      0.00000000      0.00000000      0.00000000      0.00000000      0.00000000      0.00000000      0.00000000      0.00000000      1.00000000     -1.02946473      0.69560598      0.08599982      0.13035322     -0.30241444      0.38427095      0.55969817      0.72384448      1.38079938      0.89734403      0.16916031     -0.51565571     -0.02435056     -0.89639130     -1.37545140     -0.59071305     -1.07785638      0.21293024      1.28802653      1.17746754     -0.05352820      0.01179887     -0.16971613     -1.15360549      0.57251586     -0.87599110     -0.05938698     -1.19831333      1.11828244
     0.00000000      0.00000000      0.00000000      0.00000000      0.00000000      0.00000000      0.00000000      0.00000000      0.00000000      0.00000000      0.00000000      0.00000000      0.00000000      0.00000000      0.00000000      0.00000000      0.00000000      0.00000000      0.00000000      0.00000000      0.00000000      0.00000000      0.00000000      0.00000000      0.00000000      0.00000000      0.00000000      0.00000000      0.00000000      0.00000000      0.00000000      0.00000000      0.00000000      0.00000000      0.00000000      0.00000000      0.00000000      0.00000000      0.00000000      0.00000000      0.00000000      0.00000000      0.00000000      0.00000000      0.00000000      0.00000000      0.00000000      0.00000000      0.00000000      0.00000000      0.00000000      0.00000000      0.00000000      0.00000000      0.00000000      0.00000000      0.00000000      0.00000000      0.00000000      0.00000000      0.00000000      0.00000000      0.00000000      0.00000000      0.00000000      0.00000000      0.00000000      0.00000000      0.00000000      0.00000000      0.00000000      1.00000000      5.16909492      0.30546930      6.49753822     -4.92202652     -5.64403070      8.13951517      2.01079350      3.67996131     -0.13613759     -0.46255728     -0.95172419      2.07671104     -1.55930088     -2.99201198     -3.27342973     -6.33593159      1.74556186     -2.65888901      2.44300856      0.14525169     -1.26649241     -2.36336626     -5.11732108     -8.77874931     -2.36452327      1.34023618     -1.31143553      8.71294302
     0.00000000      0.00000000      0.00000000      0.00000000      0.00000000      0.00000000      0.00000000      0.00000000      0.00000000      0.00000000      0.00000000      0.00000000      0.00000000      0.00000000      0.00000000      0.00000000      0.00000000      0.00000000      0.00000000      0.00000000      0.00000000      0.00000000      0.00000000      0.00000000      0.00000000      0.00000000      0.00000000      0.00000000      0.00000000      0.00000000      0.00000000      0.00000000      0.00000000      0.00000000      0.00000000      0.00000000      0.00000000      0.00000000      0.00000000      0.00000000      0.00000000      0.00000000      0.00000000      0.00000000      0.00000000      0.00000000      0.00000000      0.00000000      0.00000000      0.00000000      0.00000000      0.00000000      0.00000000      0.00000000      0.00000000      0.00000000      0.00000000      0.00000000      0.00000000      0.00000000      0.00000000      0.00000000      0.00000000      0.00000000      0.00000000      0.00000000      0.00000000      0.00000000      0.00000000      0.00000000      0.00000000      0.00000000      1.00000000     -0.11352168      1.09257168     -1.10728255     -0.96635604      1.36666464      0.44598830      0.83176542      0.02395478      0.10990698     -0.17069240      0.30733259     -0.45138125     -0.87645603     -0.78592422     -1.25769840      0.15475737     -0.40802715      0.46226864     -0.00659329     -0.33204466     -0.52905065     -0.99999559     -1.50705233     -0.37078830      0.21614452     -0.37117787      1.56572187
     0.00000000      0.00000000      0.00000000      0.00000000      0.00000000      0.00000000      0.00000000      0.00000000      0.00000000      0.00000000      0.00000000      0.00000000      0.00000000      0.00000000      0.00000000      0.00000000      0.00000000      0.00000000      0.00000000      0.00000000      0.00000000      0.00000000      0.00000000      0.00000000      0.00000000      0.00000000      0.00000000      0.00000000      0.00000000      0.00000000      0.00000000      0.00000000      0.00000000      0.00000000      0.00000000      0.00000000      0.00000000      0.00000000      0.00000000      0.00000000      0.00000000      0.00000000      0.00000000      0.00000000      0.00000000      0.00000000      0.00000000      0.00000000      0.00000000      0.00000000      0.00000000      0.00000000      0.00000000      0.00000000      0.00000000      0.00000000      0.00000000      0.00000000      0.00000000      0.00000000      0.00000000      0.00000000      0.00000000      0.00000000      0.00000000      0.00000000      0.00000000      0.00000000      0.00000000      0.00000000      0.00000000      0.00000000      0.00000000      1.00000000      0.18208601      1.96581611      0.29250718      1.40458403     -1.61878955      0.06662243      0.35121943     -0.98791880     -0.51468363      0.51507001      1.20115217     -0.03892600      0.66899267      0.37848144      2.38911141      0.45239568      1.01462366     -1.87969009      1.01533580      0.07842790     -0.03341285      0.85692686     -0.63415443     -0.88358945      0.41822330      0.44539019
     0.00000000      0.00000000      0.00000000      0.00000000      0.00000000      0.00000000      0.00000000      0.00000000      0.00000000      0.00000000      0.00000000      0.00000000      0.00000000      0.00000000      0.00000000      0.00000000      0.00000000      0.00000000      0.00000000      0.00000000      0.00000000      0.00000000      0.00000000      0.00000000      0.00000000      0.00000000      0.00000000      0.00000000      0.00000000      0.00000000      0.00000000      0.00000000      0.00000000      0.00000000      0.00000000      0.00000000      0.00000000      0.00000000      0.00000000      0.00000000      0.00000000      0.00000000      0.00000000      0.00000000      0.00000000      0.00000000      0.00000000      0.00000000      0.00000000      0.00000000      0.00000000      0.00000000      0.00000000      0.00000000      0.00000000      0.00000000      0.00000000      0.00000000      0.00000000      0.00000000      0.00000000      0.00000000      0.00000000      0.00000000      0.00000000      0.00000000      0.00000000      0.00000000      0.00000000      0.00000000      0.00000000      0.00000000      0.00000000      0.00000000      1.00000000     -0.03121630     -1.44911091      0.16401959     -0.91611257     -0.04382195     -0.81563438      0.49427159      0.90101779      2.18427808      0.02016573     -1.32536765     -1.11796140     -0.09901504      1.50302666     -1.80983645      1.94018885     -2.09529290     -0.71531602     -0.57345871      0.46695347     -1.51807223      2.14543177     -1.14777553      1.21293892     -2.99781157
     0.00000000      0.00000000      0.00000000      0.00000000      0.00000000      0.00000000      0.00000000      0.00000000      0.00000000      0.00000000      0.00000000      0.00000000      0.00000000      0.00000000      0.00000000      0.00000000      0.00000000      0.00000000      0.00000000      0.00000000      0.00000000      0.00000000      0.00000000      0.00000000      0.00000000      0.00000000      0.00000000      0.00000000      0.00000000      0.00000000      0.00000000      0.00000000      0.00000000      0.00000000      0.00000000      0.00000000      0.00000000      0.00000000      0.00000000      0.00000000      0.00000000      0.00000000      0.00000000      0.00000000      0.00000000      0.00000000      0.00000000      0.00000000      0.00000000      0.00000000      0.00000000      0.00000000      0.00000000      0.00000000      0.00000000      0.00000000      0.00000000      0.00000000      0.00000000      0.00000000      0.00000000      0.00000000      0.00000000      0.00000000      0.00000000      0.00000000      0.00000000      0.00000000      0.00000000      0.00000000      0.00000000      0.00000000      0.00000000      0.00000000      0.00000000      1.00000000      0.19542909     -0.60199577     -1.93391547      0.09516949     -0.40273134      0.68984994      0.41932299      2.08303064      0.38474160     -1.94707588     -0.40864597      0.32561934      1.88843444     -0.96176838      1.86709636     -2.94986742      0.15436386     -0.46717236      0.64254526      1.18966587      1.28146867     -2.39952966      1.58304199     -3.20030559
     0.00000000      0.00000000      0.00000000      0.00000000      0.00000000      0.00000000      0.00000000      0.00000000      0.00000000      0.00000000      0.00000000      0.00000000      0.00000000      0.00000000      0.00000000      0.00000000      0.00000000      0.00000000      0.00000000      0.00000000      0.00000000      0.00000000      0.00000000      0.00000000      0.00000000      0.00000000      0.00000000      0.00000000      0.00000000      0.00000000      0.00000000      0.00000000      0.00000000      0.00000000      0.00000000      0.00000000      0.00000000      0.00000000      0.00000000      0.00000000      0.00000000      0.00000000      0.00000000      0.00000000      0.00000000      0.00000000      0.00000000      0.00000000      0.00000000      0.00000000      0.00000000      0.00000000      0.00000000      0.00000000      0.00000000      0.00000000      0.00000000      0.00000000      0.00000000      0.00000000      0.00000000      0.00000000      0.00000000      0.00000000      0.00000000      0.00000000      0.00000000      0.00000000      0.00000000      0.00000000      0.00000000      0.00000000      0.00000000      0.00000000      0.00000000      0.00000000      1.00000000      0.08457031     -1.62746743      0.90916918     -0.02664814      0.07250949     -1.25736971     -0.31793029      0.54842863     -1.90619839      0.97792850      0.59110994      0.51360392      0.75153212     -0.39946117     -1.92168833      0.94277116     -0.82455372     -0.48791258      1.35348980     -1.76876502     -1.82134449      0.42597839      0.33092476
     0.00000000      0.00000000      0.00000000      0.00000000      0.00000000      0.00000000      0.00000000      0.00000000      0.00000000      0.00000000      0.00000000      0.00000000      0.00000000      0.00000000      0.00000000      0.00000000      0.00000000      0.00000000      0.00000000      0.00000000      0.00000000      0.00000000      0.00000000      0.00000000      0.00000000      0.00000000      0.00000000      0.00000000      0.00000000      0.00000000      0.00000000      0.00000000      0.00000000      0.00000000      0.00000000      0.00000000      0.00000000      0.00000000      0.00000000      0.00000000      0.00000000      0.00000000      0.00000000      0.00000000      0.00000000      0.00000000      0.00000000      0.00000000      0.00000000      0.00000000      0.00000000      0.00000000      0.00000000      0.00000000      0.00000000      0.00000000      0.00000000      0.00000000      0.00000000      0.00000000      0.00000000      0.00000000      0.00000000      0.00000000      0.00000000      0.00000000      0.00000000      0.00000000      0.00000000      0.00000000      0.00000000      0.00000000      0.00000000      0.00000000      0.00000000      0.00000000      0.00000000      1.00000000      1.00131715     -0.09128638      1.00158732     -0.35699984      0.00759728     -0.22048457      0.74520098      0.64803608      0.31476894     -0.74901944     -0.55156254      0.76061432     -0.12814779      1.04390044      0.63666169      0.26487532     -0.48016127      0.13761654     -1.25211540      0.95708969     -0.97234767      2.36675896
     0.00000000      0.00000000      0.00000000      0.00000000      0.00000000      0.00000000      0.00000000      0.00000000      0.00000000      0.00000000      0.00000000      0.00000000      0.00000000      0.00000000      0.00000000      0.00000000      0.00000000      0.00000000      0.00000000      0.00000000      0.00000000      0.00000000      0.00000000      0.00000000      0.00000000      0.00000000      0.00000000      0.00000000      0.00000000      0.00000000      0.00000000      0.00000000      0.00000000      0.00000000      0.00000000      0.00000000      0.00000000      0.00000000      0.00000000      0.00000000      0.00000000      0.00000000      0.00000000      0.00000000      0.00000000      0.00000000      0.00000000      0.00000000      0.00000000      0.00000000      0.00000000      0.00000000      0.00000000      0.00000000      0.00000000      0.00000000      0.00000000      0.00000000      0.00000000      0.00000000      0.00000000      0.00000000      0.00000000      0.00000000      0.00000000      0.00000000      0.00000000      0.00000000      0.00000000      0.00000000      0.00000000      0.00000000      0.00000000      0.00000000      0.00000000      0.00000000      0.00000000      0.00000000      1.00000000     12.81654015      3.30522975      1.27120490    -13.37849445     -2.50329598      5.64717839    -22.53640084      2.57895937     -6.61222129     -1.46551951      5.25345189     -4.13427101    -20.57002683      9.15872029     -8.45236852     -3.54088130      3.11247659    -12.95158061    -10.58084921      3.87292486     -1.05265112
     0.00000000      0.00000000      0.00000000      0.00000000      0.00000000      0.00000000      0.00000000      0.00000000      0.00000000      0.00000000      0.00000000      0.00000000      0.00000000      0.00000000      0.00000000      0.00000000      0.00000000      0.00000000      0.00000000      0.00000000      0.00000000      0.00000000      0.00000000      0.00000000      0.00000000      0.00000000      0.00000000      0.00000000      0.00000000      0.00000000      0.00000000      0.00000000      0.00000000      0.00000000      0.00000000      0.00000000      0.00000000      0.00000000      0.00000000      0.00000000      0.00000000      0.00000000      0.00000000      0.00000000      0.00000000      0.00000000      0.00000000      0.00000000      0.00000000      0.00000000      0.00000000      0.00000000      0.00000000      0.00000000      0.00000000      0.00000000      0.00000000      0.00000000      0.00000000      0.00000000      0.00000000      0.00000000      0.00000000      0.00000000      0.00000000      0.00000000      0.00000000      0.00000000      0.00000000      0.00000000      0.00000000      0.00000000      0.00000000      0.00000000      0.00000000      0.00000000      0.00000000      0.00000000      0.00000000      1.00000000      0.23215129      0.10758326     -1.04015274     -0.20075084      0.43335523     -1.77408942      0.19600651     -0.48846377     -0.05995488      0.39138447     -0.30524042     -1.65699076      0.70813677     -0.67474819     -0.28519738      0.25664544     -0.96991995     -0.86187910      0.31495511     -0.10102174
     0.00000000      0.00000000      0.00000000      0.00000000      0.00000000      0.00000000      0.00000000      0.00000000      0.00000000      0.00000000      0.00000000      0.00000000      0.00000000      0.00000000      0.00000000      0.00000000      0.00000000      0.00000000      0.00000000      0.00000000      0.00000000      0.00000000      0.00000000      0.00000000      0.00000000      0.00000000      0.00000000      0.00000000      0.00000000      0.00000000      0.00000000      0.00000000      0.00000000      0.00000000      0.00000000      0.00000000      0.00000000      0.00000000      0.00000000      0.00000000      0.00000000      0.00000000      0.00000000      0.00000000      0.00000000      0.00000000      0.00000000      0.00000000      0.00000000      0.00000000      0.00000000      0.00000000      0.00000000      0.00000000      0.00000000      0.00000000      0.00000000      0.00000000      0.00000000      0.00000000      0.00000000      0.00000000      0.00000000      0.00000000      0.00000000      0.00000000      0.00000000      0.00000000      0.00000000      0.00000000      0.00000000      0.00000000      0.00000000      0.00000000      0.00000000      0.00000000      0.00000000      0.00000000      0.00000000      0.00000000      1.00000000      0.57113723      0.13311467     -0.10721376     -0.07357164     -0.35847262     -0.09892671     -0.70464489      0.04394911      0.87528135      0.89226901      0.58932592     -0.40909954      0.01365535     -0.55648167      0.85954642     -0.08053114     -0.00044559     -0.71836924      1.58023048
     0.00000000      0.00000000      0.00000000      0.00000000      0.00000000      0.00000000      0.00000000      0.00000000      0.00000000      0.00000000      0.00000000      0.00000000      0.00000000      0.00000000      0.00000000      0.00000000      0.00000000      0.00000000      0.00000000      0.00000000      0.00000000      0.00000000      0.00000000      0.00000000      0.00000000      0.00000000      0.00000000      0.00000000      0.00000000      0.00000000      0.00000000      0.00000000      0.00000000      0.00000000      0.00000000      0.00000000      0.00000000      0.00000000      0.00000000      0.00000000      0.00000000      0.00000000      0.00000000      0.00000000      0.00000000      0.00000000      0.00000000      0.00000000      0.00000000      0.00000000      0.00000000      0.00000000      0.00000000      0.00000000      0.00000000      0.00000000      0.00000000      0.00000000      0.00000000      0.00000000      0.00000000      0.00000000      0.00000000      0.00000000      0.00000000      0.00000000      0.00000000      0.00000000      0.00000000      0.00000000      0.00000000      0.00000000      0.00000000      0.00000000      0.00000000      0.00000000      0.00000000      0.00000000      0.00000000      0.00000000      0.00000000      1.00000000      4.12760553    -17.96708571    -10.63659702     24.31226170     -7.94122181      7.72150132     -2.63858102      1.63416092     -3.79136862     19.27415434     -0.40908323      8.21831768      4.07918260     -9.11787551      8.12033157     12.27123934    -13.98199122     -2.40964598
     0.00000000      0.00000000      0.00000000      0.00000000      0.00000000      0.00000000      0.00000000      0.00000000      0.00000000      0.00000000      0.00000000      0.00000000      0.00000000      0.00000000      0.00000000      0.00000000      0.00000000      0.00000000      0.00000000      0.00000000      0.00000000      0.00000000      0.00000000      0.00000000      0.00000000      0.00000000      0.00000000      0.00000000      0.00000000      0.00000000      0.00000000      0.00000000      0.00000000      0.00000000      0.00000000      0.00000000      0.00000000      0.00000000      0.00000000      0.00000000      0.00000000      0.00000000      0.00000000      0.00000000      0.00000000      0.00000000      0.00000000      0.00000000      0.00000000      0.00000000      0.00000000      0.00000000      0.00000000      0.00000000      0.00000000      0.00000000      0.00000000      0.00000000      0.00000000      0.00000000      0.00000000      0.00000000      0.00000000      0.00000000      0.00000000      0.00000000      0.00000000      0.00000000      0.00000000      0.00000000      0.00000000      0.00000000      0.00000000      0.00000000      0.00000000      0.00000000      0.00000000      0.00000000      0.00000000      0.00000000      0.00000000      0.00000000      1.00000000     -9.84592248     -4.91588382     10.75983633     -3.75392194      4.62710519     -1.46429720      1.59546908     -3.18532404      8.43902286     -1.07224501      3.74219549      1.71959502     -3.67799916      3.22415108      5.50762548     -6.28685976      0.07401624
     0.00000000      0.00000000      0.00000000      0.00000000      0.00000000      0.00000000      0.00000000      0.00000000      0.00000000      0.00000000      0.00000000      0.00000000      0.00000000      0.00000000      0.00000000      0.00000000      0.00000000      0.00000000      0.00000000      0.00000000      0.00000000      0.00000000      0.00000000      0.00000000      0.00000000      0.00000000      0.00000000      0.00000000      0.00000000      0.00000000      0.00000000      0.00000000      0.00000000      0.00000000      0.00000000      0.00000000      0.00000000      0.00000000      0.00000000      0.00000000      0.00000000      0.00000000      0.00000000      0.00000000      0.00000000      0.00000000      0.00000000      0.00000000      0.00000000      0.00000000      0.00000000      0.00000000      0.00000000      0.00000000      0.00000000      0.00000000      0.00000000      0.00000000      0.00000000      0.00000000      0.00000000      0.00000000      0.00000000      0.00000000      0.00000000      0.00000000      0.00000000      0.00000000      0.00000000      0.00000000      0.00000000      0.00000000      0.00000000      0.00000000      0.00000000      0.00000000      0.00000000      0.00000000      0.00000000      0.00000000      0.00000000      0.00000000      0.00000000      1.00000000      0.25419380     -0.50136704      0.49683861     -0.54816019     -0.08360125     -0.15963623      0.44623676     -0.27301839      0.45910561     -0.14890503     -0.04311217      0.02634135     -0.31919888     -0.15479803      0.29496685     -0.26941125
     0.00000000      0.00000000      0.00000000      0.00000000      0.00000000      0.00000000      0.00000000      0.00000000      0.00000000      0.00000000      0.00000000      0.00000000      0.00000000      0.00000000      0.00000000      0.00000000      0.00000000      0.00000000      0.00000000      0.00000000      0.00000000      0.00000000      0.00000000      0.00000000      0.00000000      0.00000000      0.00000000      0.00000000      0.00000000      0.00000000      0.00000000      0.00000000      0.00000000      0.00000000      0.00000000      0.00000000      0.00000000      0.00000000      0.00000000      0.00000000      0.00000000      0.00000000      0.00000000      0.00000000      0.00000000      0.00000000      0.00000000      0.00000000      0.00000000      0.00000000      0.00000000      0.00000000      0.00000000      0.00000000      0.00000000      0.00000000      0.00000000      0.00000000      0.00000000      0.00000000      0.00000000      0.00000000      0.00000000      0.00000000      0.00000000      0.00000000      0.00000000      0.00000000      0.00000000      0.00000000      0.00000000      0.00000000      0.00000000      0.00000000      0.00000000      0.00000000      0.00000000      0.00000000      0.00000000      0.00000000      0.00000000      0.00000000      0.00000000      0.00000000      1.00000000     -3.06989428     -1.83894859      1.36493037      2.27500219      0.73991511      1.20653961     -3.08658899     -3.03040885     -0.71061170     -0.92634948      3.58070789      0.46996237     -2.99625726      2.18738687      0.84099675
     0.00000000      0.00000000      0.00000000      0.00000000      0.00000000      0.00000000      0.00000000      0.00000000      0.00000000      0.00000000      0.00000000      0.00000000      0.00000000      0.00000000      0.00000000      0.00000000      0.00000000      0.00000000      0.00000000      0.00000000      0.00000000      0.00000000      0.00000000      0.00000000      0.00000000      0.00000000      0.00000000      0.00000000      0.00000000      0.00000000      0.00000000      0.00000000      0.00000000      0.00000000      0.00000000      0.00000000      0.00000000      0.00000000      0.00000000      0.00000000      0.00000000      0.00000000      0.00000000      0.00000000      0.00000000      0.00000000      0.00000000      0.00000000      0.00000000      0.00000000      0.00000000      0.00000000      0.00000000      0.00000000      0.00000000      0.00000000      0.00000000      0.00000000      0.00000000      0.00000000      0.00000000      0.00000000      0.00000000      0.00000000      0.00000000      0.00000000      0.00000000      0.00000000      0.00000000      0.00000000      0.00000000      0.00000000      0.00000000      0.00000000      0.00000000      0.00000000      0.00000000      0.00000000      0.00000000      0.00000000      0.00000000      0.00000000      0.00000000      0.00000000      0.00000000      1.00000000      1.63510615     -1.37863665     -1.38655362     -1.51544581     -4.09817066      1.38873690      0.66688098     -0.99026311      0.20405145     -3.30109860      0.31769330      2.33775186     -1.23640569      1.93426899
     0.00000000      0.00000000      0.00000000      0.00000000      0.00000000      0.00000000      0.00000000      0.00000000      0.00000000      0.00000000      0.00000000      0.00000000      0.00000000      0.00000000      0.00000000      0.00000000      0.00000000      0.00000000      0.00000000      0.00000000      0.00000000      0.00000000      0.00000000      0.00000000      0.00000000      0.00000000      0.00000000      0.00000000      0.00000000      0.00000000      0.00000000      0.00000000      0.00000000      0.00000000      0.00000000      0.00000000      0.00000000      0.00000000      0.00000000      0.00000000      0.00000000      0.00000000      0.00000000      0.00000000      0.00000000      0.00000000      0.00000000      0.00000000      0.00000000      0.00000000      0.00000000      0.00000000      0.00000000      0.00000000      0.00000000      0.00000000      0.00000000      0.00000000      0.00000000      0.00000000      0.00000000      0.00000000      0.00000000      0.00000000      0.00000000      0.00000000      0.00000000      0.00000000      0.00000000      0.00000000      0.00000000      0.00000000      0.00000000      0.00000000      0.00000000      0.00000000      0.00000000      0.00000000      0.00000000      0.00000000      0.00000000      0.00000000      0.00000000      0.00000000      0.00000000      0.00000000      1.00000000      0.76211076     -0.53022856     -1.70258648     -7.83592391      0.85074887     -3.10545145     -3.27091593     -0.77763400     -2.24352914      2.83633791      2.09938814     -0.70193481      4.41373577
     0.00000000      0.00000000      0.00000000      0.00000000      0.00000000      0.00000000      0.00000000      0.00000000      0.00000000      0.00000000      0.00000000      0.00000000      0.00000000      0.00000000      0.00000000      0.00000000      0.00000000      0.00000000      0.00000000      0.00000000      0.00000000      0.00000000      0.00000000      0.00000000      0.00000000      0.00000000      0.00000000      0.00000000      0.00000000      0.00000000      0.00000000      0.00000000      0.00000000      0.00000000      0.00000000      0.00000000      0.00000000      0.00000000      0.00000000      0.00000000      0.00000000      0.00000000      0.00000000      0.00000000      0.00000000      0.00000000      0.00000000      0.00000000      0.00000000      0.00000000      0.00000000      0.00000000      0.00000000      0.00000000      0.00000000      0.00000000      0.00000000      0.00000000      0.00000000      0.00000000      0.00000000      0.00000000      0.00000000      0.00000000      0.00000000      0.00000000      0.00000000      0.00000000      0.00000000      0.00000000      0.00000000      0.00000000      0.00000000      0.00000000      0.00000000      0.00000000      0.00000000      0.00000000      0.00000000      0.00000000      0.00000000      0.00000000      0.00000000      0.00000000      0.00000000      0.00000000      0.00000000      1.00000000      0.48210106     -0.97945618     -3.97069847     -0.46156149     -1.49220658     -2.15650845     -0.56383780     -0.20311062      2.27519606     -0.12000987     -0.66600329      1.65563280
     0.00000000      0.00000000      0.00000000      0.00000000      0.00000000      0.00000000      0.00000000      0.00000000      0.00000000      0.00000000      0.00000000      0.00000000      0.00000000      0.00000000      0.00000000      0.00000000      0.00000000      0.00000000      0.00000000      0.00000000      0.00000000      0.00000000      0.00000000      0.00000000      0.00000000      0.00000000      0.00000000      0.00000000      0.00000000      0.00000000      0.00000000      0.00000000      0.00000000      0.00000000      0.00000000      0.00000000      0.00000000      0.00000000      0.00000000      0.00000000      0.00000000      0.00000000      0.00000000      0.00000000      0.00000000      0.00000000      0.00000000      0.00000000      0.00000000      0.00000000      0.00000000      0.00000000      0.00000000      0.00000000      0.00000000      0.00000000      0.00000000      0.00000000      0.00000000      0.00000000      0.00000000      0.00000000      0.00000000      0.00000000      0.00000000      0.00000000      0.00000000      0.00000000      0.00000000      0.00000000      0.00000000      0.00000000      0.00000000      0.00000000      0.00000000      0.00000000      0.00000000      0.00000000      0.00000000      0.00000000      0.00000000      0.00000000      0.00000000      0.00000000      0.00000000      0.00000000      0.00000000      0.00000000      1.00000000     -0.58271769     -1.84598294     -1.43261798      0.63661662     -1.26557496     -0.44171217      0.71225964      1.43867058     -1.95243963     -1.11890700      0.48159865
     0.00000000      0.00000000      0.00000000      0.00000000      0.00000000      0.00000000      0.00000000      0.00000000      0.00000000      0.00000000      0.00000000      0.00000000      0.00000000      0.00000000      0.00000000      0.00000000      0.00000000      0.00000000      0.00000000      0.00000000      0.00000000      0.00000000      0.00000000      0.00000000      0.00000000      0.00000000      0.00000000      0.00000000      0.00000000      0.00000000      0.00000000      0.00000000      0.00000000      0.00000000      0.00000000      0.00000000      0.00000000      0.00000000      0.00000000      0.00000000      0.00000000      0.00000000      0.00000000      0.00000000      0.00000000      0.00000000      0.00000000      0.00000000      0.00000000      0.00000000      0.00000000      0.00000000      0.00000000      0.00000000      0.00000000      0.00000000      0.00000000      0.00000000      0.00000000      0.00000000      0.00000000      0.00000000      0.00000000      0.00000000      0.00000000      0.00000000      0.00000000      0.00000000      0.00000000      0.00000000      0.00000000      0.00000000      0.00000000      0.00000000      0.00000000      0.00000000      0.00000000      0.00000000      0.00000000      0.00000000      0.00000000      0.00000000      0.00000000      0.00000000      0.00000000      0.00000000      0.00000000      0.00000000      0.00000000      1.00000000      3.76840251      0.09102774      0.78854405      1.68105031     -0.09508547      1.38529904     -1.67490591     -0.80149326      1.02271796     -1.82809247
     0.00000000      0.00000000      0.00000000      0.00000000      0.00000000      0.00000000      0.00000000      0.00000000      0.00000000      0.00000000      0.00000000      0.00000000      0.00000000      0.00000000      0.00000000      0.00000000      0.00000000      0.00000000      0.00000000      0.00000000      0.00000000      0.00000000      0.00000000      0.00000000      0.00000000      0.00000000      0.00000000      0.00000000      0.00000000      0.00000000      0.00000000      0.00000000      0.00000000      0.00000000      0.00000000      0.00000000      0.00000000      0.00000000      0.00000000      0.00000000      0.00000000      0.00000000      0.00000000      0.00000000      0.00000000      0.00000000      0.00000000      0.00000000      0.00000000      0.00000000      0.00000000      0.00000000      0.00000000      0.00000000      0.00000000      0.00000000      0.00000000      0.00000000      0.00000000      0.00000000      0.00000000      0.00000000      0.00000000      0.00000000      0.00000000      0.00000000      0.00000000      0.00000000      0.00000000      0.00000000      0.00000000      0.00000000      0.00000000      0.00000000      0.00000000      0.00000000      0.00000000      0.00000000      0.00000000      0.00000000      0.00000000      0.00000000      0.00000000      0.00000000      0.00000000      0.00000000      0.00000000      0.00000000      0.00000000      0.00000000      1.00000000     -1.02258167     -3.01069838      0.26038616      1.42932400     -3.73369604      2.30424591      3.09398152      2.82610254      1.48668526
     0.00000000      0.00000000      0.00000000      0.00000000      0.00000000      0.00000000      0.00000000      0.00000000      0.00000000      0.00000000      0.00000000      0.00000000      0.00000000      0.00000000      0.00000000      0.00000000      0.00000000      0.00000000      0.00000000      0.00000000      0.00000000      0.00000000      0.00000000      0.00000000      0.00000000      0.00000000      0.00000000      0.00000000      0.00000000      0.00000000      0.00000000      0.00000000      0.00000000      0.00000000      0.00000000      0.00000000      0.00000000      0.00000000      0.00000000      0.00000000      0.00000000      0.00000000      0.00000000      0.00000000      0.00000000      0.00000000      0.00000000      0.00000000      0.00000000      0.00000000      0.00000000      0.00000000      0.00000000      0.00000000      0.00000000      0.00000000      0.00000000      0.00000000      0.00000000      0.00000000      0.00000000      0.00000000      0.00000000      0.00000000      0.00000000      0.00000000      0.00000000      0.00000000      0.00000000      0.00000000      0.00000000      0.00000000      0.00000000      0.00000000      0.00000000      0.00000000      0.00000000      0.00000000      0.00000000      0.00000000      0.00000000      0.00000000      0.00000000      0.00000000      0.00000000      0.00000000      0.00000000      0.00000000      0.00000000      0.00000000      0.00000000      1.00000000     -0.02317426     -0.13112831     -0.89801462      0.70243879     -1.23678959     -0.41211810     -1.12126074     -1.12037398
     0.00000000      0.00000000      0.00000000      0.00000000      0.00000000      0.00000000      0.00000000      0.00000000      0.00000000      0.00000000      0.00000000      0.00000000      0.00000000      0.00000000      0.00000000      0.00000000      0.00000000      0.00000000      0.00000000      0.00000000      0.00000000      0.00000000      0.00000000      0.00000000      0.00000000      0.00000000      0.00000000      0.00000000      0.00000000      0.00000000      0.00000000      0.00000000      0.00000000      0.00000000      0.00000000      0.00000000      0.00000000      0.00000000      0.00000000      0.00000000      0.00000000      0.00000000      0.00000000      0.00000000      0.00000000      0.00000000      0.00000000      0.00000000      0.00000000      0.00000000      0.00000000      0.00000000      0.00000000      0.00000000      0.00000000      0.00000000      0.00000000      0.00000000      0.00000000      0.00000000      0.00000000      0.00000000      0.00000000      0.00000000      0.00000000      0.00000000      0.00000000      0.00000000      0.00000000      0.00000000      0.00000000      0.00000000      0.00000000      0.00000000      0.00000000      0.00000000      0.00000000      0.00000000      0.00000000      0.00000000      0.00000000      0.00000000      0.00000000      0.00000000      0.00000000      0.00000000      0.00000000      0.00000000      0.00000000      0.00000000      0.00000000      0.00000000      1.00000000     -0.20964283     -0.24486390      0.96676491     -0.61855496     -0.84210504     -0.77147273     -0.84613062
     0.00000000      0.00000000      0.00000000      0.00000000      0.00000000      0.00000000      0.00000000      0.00000000      0.00000000      0.00000000      0.00000000      0.00000000      0.00000000      0.00000000      0.00000000      0.00000000      0.00000000      0.00000000      0.00000000      0.00000000      0.00000000      0.00000000      0.00000000      0.00000000      0.00000000      0.00000000      0.00000000      0.00000000      0.00000000      0.00000000      0.00000000      0.00000000      0.00000000      0.00000000      0.00000000      0.00000000      0.00000000      0.00000000      0.00000000      0.00000000      0.00000000      0.00000000      0.00000000      0.00000000      0.00000000      0.00000000      0.00000000      0.00000000      0.00000000      0.00000000      0.00000000      0.00000000      0.00000000      0.00000000      0.00000000      0.00000000      0.00000000      0.00000000      0.00000000      0.00000000      0.00000000      0.00000000      0.00000000      0.00000000      0.00000000      0.00000000      0.00000000      0.00000000      0.00000000      0.00000000      0.00000000      0.00000000      0.00000000      0.00000000      0.00000000      0.00000000      0.00000000      0.00000000      0.00000000      0.00000000      0.00000000      0.00000000      0.00000000      0.00000000      0.00000000      0.00000000      0.00000000      0.00000000      0.00000000      0.00000000      0.00000000      0.00000000      0.00000000      1.00000000     -0.13464991      0.52916481     -0.17482491     -1.12153871     -0.18632296     -0.94628414
     0.00000000      0.00000000      0.00000000      0.00000000      0.00000000      0.00000000      0.00000000      0.00000000      0.00000000      0.00000000      0.00000000      0.00000000      0.00000000      0.00000000      0.00000000      0.00000000      0.00000000      0.00000000      0.00000000      0.00000000      0.00000000      0.00000000      0.00000000      0.00000000      0.00000000      0.00000000      0.00000000      0.00000000      0.00000000      0.00000000      0.00000000      0.00000000      0.00000000      0.00000000      0.00000000      0.00000000      0.00000000      0.00000000      0.00000000      0.00000000      0.00000000      0.00000000      0.00000000      0.00000000      0.00000000      0.00000000      0.00000000      0.00000000      0.00000000      0.00000000      0.00000000      0.00000000      0.00000000      0.00000000      0.00000000      0.00000000      0.00000000      0.00000000      0.00000000      0.00000000      0.00000000      0.00000000      0.00000000      0.00000000      0.00000000      0.00000000      0.00000000      0.00000000      0.00000000      0.00000000      0.00000000      0.00000000      0.00000000      0.00000000      0.00000000      0.00000000      0.00000000      0.00000000      0.00000000      0.00000000      0.00000000      0.00000000      0.00000000      0.00000000      0.00000000      0.00000000      0.00000000      0.00000000      0.00000000      0.00000000      0.00000000      0.00000000      0.00000000      0.00000000      1.00000000     -0.38687576      1.38183661      1.10416107      1.40625505      3.59348144
     0.00000000      0.00000000      0.00000000      0.00000000      0.00000000      0.00000000      0.00000000      0.00000000      0.00000000      0.00000000      0.00000000      0.00000000      0.00000000      0.00000000      0.00000000      0.00000000      0.00000000      0.00000000      0.00000000      0.00000000      0.00000000      0.00000000      0.00000000      0.00000000      0.00000000      0.00000000      0.00000000      0.00000000      0.00000000      0.00000000      0.00000000      0.00000000      0.00000000      0.00000000      0.00000000      0.00000000      0.00000000      0.00000000      0.00000000      0.00000000      0.00000000      0.00000000      0.00000000      0.00000000      0.00000000      0.00000000      0.00000000      0.00000000      0.00000000      0.00000000      0.00000000      0.00000000      0.00000000      0.00000000      0.00000000      0.00000000      0.00000000      0.00000000      0.00000000      0.00000000      0.00000000      0.00000000      0.00000000      0.00000000      0.00000000      0.00000000      0.00000000      0.00000000      0.00000000      0.00000000      0.00000000      0.00000000      0.00000000      0.00000000      0.00000000      0.00000000      0.00000000      0.00000000      0.00000000      0.00000000      0.00000000      0.00000000      0.00000000      0.00000000      0.00000000      0.00000000      0.00000000      0.00000000      0.00000000      0.00000000      0.00000000      0.00000000      0.00000000      0.00000000      0.00000000      1.00000000     -0.97465591     -2.07428431     -2.09705973     -4.18730011
     0.00000000      0.00000000      0.00000000      0.00000000      0.00000000      0.00000000      0.00000000      0.00000000      0.00000000      0.00000000      0.00000000      0.00000000      0.00000000      0.00000000      0.00000000      0.00000000      0.00000000      0.00000000      0.00000000      0.00000000      0.00000000      0.00000000      0.00000000      0.00000000      0.00000000      0.00000000      0.00000000      0.00000000      0.00000000      0.00000000      0.00000000      0.00000000      0.00000000      0.00000000      0.00000000      0.00000000      0.00000000      0.00000000      0.00000000      0.00000000      0.00000000      0.00000000      0.00000000      0.00000000      0.00000000      0.00000000      0.00000000      0.00000000      0.00000000      0.00000000      0.00000000      0.00000000      0.00000000      0.00000000      0.00000000      0.00000000      0.00000000      0.00000000      0.00000000      0.00000000      0.00000000      0.00000000      0.00000000      0.00000000      0.00000000      0.00000000      0.00000000      0.00000000      0.00000000      0.00000000      0.00000000      0.00000000      0.00000000      0.00000000      0.00000000      0.00000000      0.00000000      0.00000000      0.00000000      0.00000000      0.00000000      0.00000000      0.00000000      0.00000000      0.00000000      0.00000000      0.00000000      0.00000000      0.00000000      0.00000000      0.00000000      0.00000000      0.00000000      0.00000000      0.00000000      0.00000000      1.00000000      0.78917957      1.05715943      2.63168113
     0.00000000      0.00000000      0.00000000      0.00000000      0.00000000      0.00000000      0.00000000      0.00000000      0.00000000      0.00000000      0.00000000      0.00000000      0.00000000      0.00000000      0.00000000      0.00000000      0.00000000      0.00000000      0.00000000      0.00000000      0.00000000      0.00000000      0.00000000      0.00000000      0.00000000      0.00000000      0.00000000      0.00000000      0.00000000      0.00000000      0.00000000      0.00000000      0.00000000      0.00000000      0.00000000      0.00000000      0.00000000      0.00000000      0.00000000      0.00000000      0.00000000      0.00000000      0.00000000      0.00000000      0.00000000      0.00000000      0.00000000      0.00000000      0.00000000      0.00000000      0.00000000      0.00000000      0.00000000      0.00000000      0.00000000      0.00000000      0.00000000      0.00000000      0.00000000      0.00000000      0.00000000      0.00000000      0.00000000      0.00000000      0.00000000      0.00000000      0.00000000      0.00000000      0.00000000      0.00000000      0.00000000      0.00000000      0.00000000      0.00000000      0.00000000      0.00000000      0.00000000      0.00000000      0.00000000      0.00000000      0.00000000      0.00000000      0.00000000      0.00000000      0.00000000      0.00000000      0.00000000      0.00000000      0.00000000      0.00000000      0.00000000      0.00000000      0.00000000      0.00000000      0.00000000      0.00000000      0.00000000      1.00000000      1.11426952      3.82758031
     0.00000000      0.00000000      0.00000000      0.00000000      0.00000000      0.00000000      0.00000000      0.00000000      0.00000000      0.00000000      0.00000000      0.00000000      0.00000000      0.00000000      0.00000000      0.00000000      0.00000000      0.00000000      0.00000000      0.00000000      0.00000000      0.00000000      0.00000000      0.00000000      0.00000000      0.00000000      0.00000000      0.00000000      0.00000000      0.00000000      0.00000000      0.00000000      0.00000000      0.00000000      0.00000000      0.00000000      0.00000000      0.00000000      0.00000000      0.00000000      0.00000000      0.00000000      0.00000000      0.00000000      0.00000000      0.00000000      0.00000000      0.00000000      0.00000000      0.00000000      0.00000000      0.00000000      0.00000000      0.00000000      0.00000000      0.00000000      0.00000000      0.00000000      0.00000000      0.00000000      0.00000000      0.00000000      0.00000000      0.00000000      0.00000000      0.00000000      0.00000000      0.00000000      0.00000000      0.00000000      0.00000000      0.00000000      0.00000000      0.00000000      0.00000000      0.00000000      0.00000000      0.00000000      0.00000000      0.00000000      0.00000000      0.00000000      0.00000000      0.00000000      0.00000000      0.00000000      0.00000000      0.00000000      0.00000000      0.00000000      0.00000000      0.00000000      0.00000000      0.00000000      0.00000000      0.00000000      0.00000000      0.00000000      1.00000000      0.24561009
     0.00000000      0.00000000      0.00000000      0.00000000      0.00000000      0.00000000      0.00000000      0.00000000      0.00000000      0.00000000      0.00000000      0.00000000      0.00000000      0.00000000      0.00000000      0.00000000      0.00000000      0.00000000      0.00000000      0.00000000      0.00000000      0.00000000      0.00000000      0.00000000      0.00000000      0.00000000      0.00000000      0.00000000      0.00000000      0.00000000      0.00000000      0.00000000      0.00000000      0.00000000      0.00000000      0.00000000      0.00000000      0.00000000      0.00000000      0.00000000      0.00000000      0.00000000      0.00000000      0.00000000      0.00000000      0.00000000      0.00000000      0.00000000      0.00000000      0.00000000      0.00000000      0.00000000      0.00000000      0.00000000      0.00000000      0.00000000      0.00000000      0.00000000      0.00000000      0.00000000      0.00000000      0.00000000      0.00000000      0.00000000      0.00000000      0.00000000      0.00000000      0.00000000      0.00000000      0.00000000      0.00000000      0.00000000      0.00000000      0.00000000      0.00000000      0.00000000      0.00000000      0.00000000      0.00000000      0.00000000      0.00000000      0.00000000      0.00000000      0.00000000      0.00000000      0.00000000      0.00000000      0.00000000      0.00000000      0.00000000      0.00000000      0.00000000      0.00000000      0.00000000      0.00000000      0.00000000      0.00000000      0.00000000      0.00000000      1.00000000
