   584.10368426      1.40843121      7.28606997      3.19768553      3.69537142      1.37314742      4.50904779      2.37786552      5.65627971      6.75336924      6.85688530      1.04107044      8.50481177      4.13389000      8.08455914      4.45568399      1.99844194      1.53640258      1.41466322      5.04298925      8.89871528      2.13149114      9.01023819      2.32399964      5.71573959      2.04576408      3.58770293      7.92111049      6.90748402      8.35936171      1.61053164      3.57016698      5.35176726      4.03844327      1.14144202      1.89045561      1.80540139      0.02831270      6.75090948      2.95820216      0.18242306      3.58031523      0.59387153      0.31215590      3.41745261      1.03716106      9.48555635      7.97130371      4.72783383      4.32719921      7.19711823      1.64504391      2.36958600      3.62430968      4.42056534      1.54872285      8.17723394      8.24498145      3.00895975      8.07071482      7.00411273      1.50654663      8.92501174      6.06193992      9.41600954      2.92843248      2.14789307      4.75533863      5.47042051      0.51223315      9.24742854      7.70644239      0.74142122      4.09035850      9.98849997      0.90844815      1.96379431      5.31218109      9.66919507      7.25724987      5.77687090      8.87833874      0.50106854      5.08992239      0.99196151      9.24978393      1.61124658      6.73887032      2.19116746      6.18340745      5.38100425      9.20588680      2.43674077      3.35017247      3.89932432      0.75760421      8.82296479      0.72289090      0.13722282      1.85670063
     8.74087798    660.11780999      1.96467591      1.16502443      1.08651702      7.66539965      4.20571396      2.11511303      6.93136469      6.50390314      5.12464510      7.76794005      6.78671969      8.20148697      9.42181817      2.96652113      5.83079053      0.66679204      8.12702494      7.23715519      7.25366204      8.06303132      9.09435005      7.37348206      2.13916109      9.06322003      8.39189474      3.75517249      2.86370920      3.71408839      3.86798417      0.65904664      3.81935637      0.06520668      4.29189279      6.91157678      4.80307949      3.50401631      6.20280356      0.77243992      6.02138451      4.53188664      3.72172013      7.97283863      5.30898688      7.52449208      5.26031423      6.47664756      9.20728348      1.69632692      9.76210794      7.05950165      9.62695059      9.54085401      8.03234768      1.48518115      6.27475860      3.67219218      1.90581274      9.49774999      3.12746695      5.75156146      5.95655001      2.01995141      0.07882973      1.28059136      8.79290360      0.45147362      5.85106063      5.11407367      0.43441581      8.50841607      6.29363277      0.56262641      5.52223908      7.60119054      9.14264974      1.43930601      3.84310183      5.12120780      6.63211726      6.41830020      7.96765968      6.72931277      6.25971308      4.47414190      4.97838939      2.95165433      3.62764375      3.85195060      6.85112288      6.10383320      8.07293446      5.40032202      3.61390703      6.16781862      0.03230472      0.23439759      3.75472744      8.95588446
     2.01708944      1.46672198    656.68845107      8.97798154      8.27681074      3.05163299      7.11589391      7.20014505      6.07670000      4.50939018      7.28656862      2.57371016      6.93146064      2.98246313      5.39062056      4.05163904      7.78494927      0.95055492      8.14897683      0.71889565      2.43889423      3.42773443      9.34701003      9.33766791      1.11625344      0.68052672      7.77009119      2.28515277      2.57893337      3.63415975      3.86109757      9.78059843      9.56442914      4.32512393      7.50390278      4.01804070      1.63401483      8.36119591      2.42724818      5.38886288      5.68189618      1.61151887      3.70763524      4.10276562      3.67724926      1.44236543      3.20397545      6.49830334      6.41497167      3.19028263      6.39895652      9.17910806      7.79998680      1.90996581      8.86861326      2.85617603      9.74221257      2.18365838      0.27114129      8.15771752      0.97945306      9.11277496      6.00054816      7.76348508      0.36668407      9.40655813      0.04212456      0.56919136      2.10819700      6.39706560      0.43190032      1.16324652      0.74984323      2.99257028      9.76895942      3.14137574      9.46592662      5.66512751      7.16138977      7.78983765      1.64335244      2.69330333      7.58917573      8.89144544      7.60266407      2.53594037      3.45189593      0.63155018      0.68191949      6.23874431      1.52351172      4.04785395      1.96599099      0.40514230      9.61340692      7.41926505      7.06297251      6.18961641      6.06440490      1.04448735
     4.28376492      6.94040014      9.54591480    642.30795936      1.78981386      6.64218830      7.36771782      6.20598320      8.18900111      9.46556364      7.15566161      4.71298881      2.00427159      4.76633765      0.51368032      8.56327100      8.69285955      5.13399456      6.53005592      1.62872526      0.82754991      2.71927206      7.06605458      5.89392090      5.63942800      0.04126117      3.55916404      0.94033183      6.93435230      1.70506024      4.78376276      5.21413216      9.53630404      7.04010178      9.40162214      5.96644241      3.70811698      4.37715374      7.93094763      4.05323325      1.51973065      8.46396439      1.99628041      6.40510555      9.53937678      7.10600055      7.30525035      7.02912909      2.77560161      1.47476003      3.58543693      1.93452530      8.79226922      9.46119199      0.67956316      4.58039145      1.66816090      0.85615429      2.82009815      4.63743224      0.73218084      5.36529274      1.25285536      0.42723464      4.61035212      5.04195224      6.12598454      5.64234838      1.93972690      2.07400243      4.18404342      2.98848583      7.68456062      2.38770246      1.24005047      3.82728434      7.55650500      3.45784021      9.44546547      7.10448108      0.71191880      0.14316413      6.68064619      3.04999942      4.63523991      9.08788026      2.32460834      4.67183182      4.04114960      2.90709142      7.89054340      4.49801034      0.45670590      5.26813483      9.07460064      5.44476931      9.37480746      8.83898579      8.95412293      8.51499266
     6.77919793      2.83427471      7.46326123      0.74369061    665.22983319      3.41467300      1.70040499      6.01385288      4.98503849      4.94847890      0.57911455      5.03077457      5.89699673      7.39148476      4.20549897      3.26915371      4.68647830      2.88597808      1.14170014      5.28681667      1.78879251      8.62936174      8.20256134      5.35470829      0.16375790      8.40056448      7.54298900      5.34448369      5.16627486      3.86240082      3.29609218      0.31196612      0.37244791      6.90814771      3.74423409      7.48272498      2.71444461      5.27793523      4.37023980      6.16858732      2.50277222      3.99033880      0.42121432      7.93773209      6.97727014      4.61669716      7.60741055      8.90631260      6.56748895      9.53643121      3.60519238      4.89996707      1.49666067      6.28699613      8.69291789      4.63163520      6.15887723      0.91677672      4.44649860      6.88077291      1.63182086      8.34314793      3.47414384      7.07190166      4.99321452      5.61506345      6.16888823      7.46150666      9.86534075      6.38857710      4.25918042      6.30970108      5.50692442      1.82724001      7.37566803      7.55172461      5.17752259      2.41540002      5.43796888      3.08232498      5.05674387      6.73427556      1.22964582      0.73358872      8.93353696      2.29897402      0.34742137      6.03572989      1.29085842      5.57908581      3.89177131      0.40627556      0.66547939      6.89727808      5.05863502      5.03582414      1.78110529      8.50961613      4.85359076      9.80908881
     3.44702216      9.35516095      2.92473004      7.86698919      8.98539832    638.15932248      4.30858951      5.80564288      6.04444679      8.38140484      5.54079444      6.52524900      3.88943223      9.61300372      1.80687055      7.95672225      7.57914794      2.49355061      9.55937480      6.53894875      4.06132449      8.27529724      2.99843715      8.87611740      5.55992468      8.97247376      2.62493387      5.25929842      9.30245022      8.98044111      9.66946075      8.97385312      7.29440011      4.70785747      3.93592875      0.78341967      7.34383666      2.66358555      7.28811915      6.90033103      5.19043167      2.88494860      0.45680722      3.85215522      0.30796106      2.18007458      6.09504991      0.28087807      1.07561494      1.42849114      7.84408681      0.10216725      8.15792967      5.15990219      4.77386994      4.53510490      2.46904794      3.25052102      7.59178367      1.24052153      4.38825989      7.82138679      7.43137915      7.04334509      2.10950577      1.22562179      9.36019808      3.42758644      8.74717957      1.98005543      6.90687907      3.83469253      9.38446927      5.92704447      0.13769385      5.62639896      4.13429312      2.48420899      0.97306162      0.56351271      2.57387168      9.30850872      0.39419813      7.62412550      4.69629210      3.80011220      6.62578529      8.22846162      6.22428002      8.26341839      6.73266124      3.03911066      3.07272541      7.37981713      6.16687421      3.97283342      8.27880924      3.76976648      6.24128591      4.91481095
     6.74649637      6.05910350      5.06732613      5.37126518      7.06525534      6.72518715    628.37073265      0.84676193      8.83376842      0.75541113      9.90404566      9.38911261      7.80395258      4.02463061      1.20084720      6.60477717      6.43415515      5.66174891      7.26726601      6.74385235      7.82478528      2.82109090      6.60078926      9.06421409      9.15103788      5.69348890      9.61067228      8.51708194      6.49431100      6.68941491      1.01298031      9.00004104      1.94767868      7.30830510      6.73153452      2.57556309      7.40544739      3.91146966      9.24340667      4.10588932      4.36596233      3.82568093      2.23240171      3.66630296      5.93406690      6.38444405      6.07872858      0.23692437      8.85962618      0.12172499      1.02924590      2.85068608      6.18515102      8.71376209      2.65784990      5.02139796      5.47567315      4.12981616      9.69218812      5.05494888      6.19824278      3.88126376      8.58591213      1.42830098      1.35565255      1.57256555      9.84384052      9.12818427      8.54742510      2.80403625      4.78865988      6.27070127      7.69380796      0.29427895      6.77923161      2.48517549      0.24167915      8.00279709      0.70233971      3.62794651      4.31798537      7.66991167      0.08235849      1.30594575      9.11453503      4.19414377      3.20485906      7.84981797      2.45664958      2.47580007      8.04372263      6.80646101      5.11394814      3.89674588      4.31642898      3.73648346      0.91791377      8.23366774      9.43030384      1.85118754
     7.89272602      6.55257409      2.47017947      3.91121569      4.26465030      9.53735221      0.08298647    625.32636022      3.78464960      7.79753373      5.89831307      5.17804367      2.57887532      6.60844271      6.16075686      5.89773765      6.83874197      9.17676044      6.53253785      7.34060718      7.28049629      1.32392840      7.10828341      0.14785269      8.68513256      3.33009276      2.56084398      0.49741113      7.03171092      3.43104377      9.93434741      2.32952531      2.13912466      4.10716570      5.07781875      7.83827759      4.82561519      4.77205490      2.93798523      2.31639790      5.65809638      5.43185638      0.46426412      1.42001031      1.66910114      2.21531088      0.69278017      8.44169511      1.55448267      3.07671057      6.93458304      5.90568044      3.83164938      0.16278451      0.83986325      5.86477891      6.55829032      6.71960130      9.73426020      1.60345422      5.43540894      2.04657044      3.06105271      5.62015159      0.33631295      0.88473911      6.49149817      2.00917551      5.65594525      4.96407718      2.31803404      9.51169735      7.40744834      3.94073791      9.63076170      2.26053780      5.37861712      3.67237126      4.63463285      5.36492870      2.08291010      0.84319889      5.18759578      8.95611284      4.14730979      8.38811937      9.85830611      4.49189002      1.42526293      2.28656307      4.20659620      5.94064149      2.38969198      3.95213012      6.08475741      8.65721443      8.70626440      9.81034772      0.78217537      5.41321741
     8.36144254      5.73987179      9.22203031      4.80496980      1.98508137      2.69344071      0.74924892      4.05129097    621.65111099      8.36407572      8.49897289      3.74962805      8.35794215      4.53582280      6.42793222      3.86740186      6.55316229      9.69534627      5.80836108      7.67347800      2.63933470      0.98689049      3.40425250      1.81978892      8.61456867      9.51887774      4.49487993      3.48089150      1.06736942      0.73309799      7.90441754      7.44675976      9.24255598      9.02975537      9.46300032      8.15837616      7.36433297      4.68974335      5.86643977      6.41841799      7.11087950      9.75989864      1.21898533      1.73735446      8.98270567      1.97445289      0.15711160      4.96459746      1.93873477      8.97021117      3.06020974      9.21923152      1.09817887      9.36051594      0.56151515      6.23581662      2.24144133      7.24836806      9.41236211      0.89950297      2.07663456      4.52982458      1.47159139      6.01924592      5.26161661      8.64876147      0.58821038      0.52892039      5.34865482      8.50265800      8.71164045      7.72233421      5.32365946      6.52753091      0.75792849      6.89121439      1.27142525      3.29410737      4.02886780      0.97176767      3.32511957      0.82607360      2.57862338      2.43188509      3.30953643      9.73009531      6.53811201      9.65253830      7.94804128      6.98546630      1.32222408      6.10719306      4.16306729      7.20308949      2.66484555      5.46236908      6.93075233      5.21732229      8.58324695      9.14013480
     8.72430245      8.83438076      2.88850384      0.84337263      4.12371903      1.30303889      5.83206686      3.29897060      5.15932558    670.00144008      8.57863719      0.90957357      0.13864718      8.13361636      8.52102081      4.49915746      6.40385175      1.89547148      4.23016708      1.68504491      1.00459938      2.59247743      7.95984196      7.73061251      1.70955399      1.24539683      8.86631161      9.20167993      6.72801434      3.85616787      9.15372136      9.65651287      4.63145460      5.90074849      2.03658171      0.44148342      8.89824036      4.09768504      5.61910374      9.51820295      8.07717909      3.16857242      5.71928710      2.69532632      8.43682238      7.41111712      6.04228885      3.79755715      6.61554311      4.26359624      1.34872816      7.42825474      6.35123146      3.38350171      0.88551287      5.78065008      0.21670613      2.66522819      4.35293791      7.02154548      3.53389475      6.19335125      0.14168177      4.31920292      8.94841205      2.05895133      5.94112453      5.03054331      4.61547510      6.49068515      4.89706135      3.28655290      3.71294672      9.32371865      3.43045642      8.58418498      4.06558453      9.17869962      5.42636271      3.05149857      4.55157135      5.88006992      9.35089582      6.24327672      7.82424651      1.85144940      5.15574291      0.18631829      2.61937465      4.38212037      9.12244592      9.46204319      8.93323330      2.41323610      1.82557466      4.02893456      6.39033491      0.86125814      2.01175320      2.54261121
     9.11528097      8.21115296      2.69375560      5.45809195      9.84107813      7.10840997      1.52090318      1.67838757      3.30308976      4.94631522    697.63000411      2.77871353      9.37764567      1.18591395      9.51694200      3.26482117      7.65884520      2.31060373      9.82207307      2.78003570      6.58260574      5.43771896      0.40881292      7.65248278      6.85248451      9.31342218      6.81475182      6.89378988      3.82655995      3.11575338      1.81873751      1.06279192      4.44872617      7.33297594      9.98070696      6.74590503      8.99532208      4.95330344      2.79990666      2.02383725      9.47710563      9.72093231      4.48422686      4.70946858      4.32038785      7.53375232      9.46228513      6.87028712      6.40929247      4.68488956      2.47480140      8.45273077      6.25839603      4.38869255      0.64628156      8.97145070      9.61349850      7.69170783      1.39240736      6.52028465      6.17986879      0.05785971      2.49543015      4.83934005      7.54024866      1.04366097      1.20078986      9.09333602      8.59081659      2.82037733      1.85137601      6.44553531      5.99240440      5.78253588      4.10307562      7.20847931      9.84949796      8.71939008      6.70776949      1.01953606      6.15398480      6.91801403      0.90458956      1.22960741      0.57829794      8.44907533      0.84345130      7.56816359      3.57583109      5.19612628      7.04846320      4.47006088      1.82891359      2.36668235      5.51600363      9.93166082      8.00690650      7.78448103      9.12204471      2.36900787
     7.46405220      2.20202251      9.64023632      5.07064729      1.91145438      0.74363133      1.47433185      5.24147900      4.86568080      2.84152032      7.08351311    651.78436771      9.19730787      1.82255434      6.90428312      9.92665140      1.96919321      4.79214906      9.05329728      2.42216984      9.61694645      2.75624226      5.81333611      0.99431004      7.57390767      9.72939241      5.64488563      5.96762283      1.83586465      8.04883415      7.58277129      1.95965159      4.04141446      6.82411887      1.19915161      7.15841065      2.05747378      1.97082060      1.59999665      8.07383286      2.10014002      7.22622272      8.59907712      1.47552391      4.40468304      8.10299214      7.06696479      4.99414055      5.87637069      5.21773891      4.92571883      0.00522858      1.84533744      9.09037173      2.68925098      1.08958854      5.86046489      4.76213111      2.65549940      0.35534032      7.55988305      5.71183972      8.41452771      4.80933567      2.19794517      4.28586484      5.64703323      2.74363538      3.46513436      4.03494497      8.69126898      4.50678083      9.00356507      0.90642907      6.91328857      1.45226452      3.57162627      9.77087748      1.43573612      6.48954819      9.22585555      6.46111371      8.59411415      2.75383004      3.38842222      8.08354859      9.71346117      2.07467632      9.27802441      5.84789581      5.74819710      0.29691677      7.29738957      9.93216548      3.16661842      6.05625279      6.09261498      3.99557635      6.17545858      0.08808195
     6.86826603      9.49069148      7.18899919      9.81338996      8.67379938      4.21498136      9.10905939      9.42358967      6.51297164      7.82488161      0.67040559      6.60685992    585.42362991      2.25835196      5.95035426      3.69622763      6.21788843      1.32151729      7.97816217      3.39259105      4.11565002      2.75114685      6.10097832      5.86129679      4.90184229      3.02095522      1.65165887      5.56225043      3.08592662      5.88351775      8.45015748      4.97004359      6.32729419      1.58910969      4.67230464      0.49293909      5.89887837      6.82803338      6.03564319      3.68493367      9.30115477      8.33492838      6.44269670      5.26198124      3.73547778      9.52613964      3.93527409      8.28217543      1.74087204      7.31524497      1.97437883      0.67440314      0.25004375      1.59464118      1.15672241      2.51551153      7.91785947      8.51338364      2.06566863      9.23077805      0.09210208      3.69041470      2.67823980      6.12809482      4.49821514      8.73647164      6.73328568      8.99315270      4.36117819      9.83318745      2.65476360      9.71853466      1.62760802      5.87884508      3.54514089      4.82513649      3.51006859      0.06866548      3.20109810      1.37965791      1.20558241      1.99131343      3.92745507      4.33789634      3.80311052      8.14117785      3.02899243      0.66791634      2.74057205      1.14569979      0.49118769      8.49552911      3.53775981      2.03397498      9.22652194      2.59249750      4.57190377      5.43862706      8.61069115      4.14136289
     5.69865249      5.54756106      4.91365113      2.67719484      3.97640178      4.86233250      4.94206137      0.47171598      0.20747760      7.53530542      8.20888714      8.10938383      0.51626577    612.46363924      2.86532033      3.32401251      0.40245674      3.82880142      7.34825838      4.56684825      8.89807991      2.22348395      7.56520315      2.10096084      2.53399933      7.76481768      3.08409329      7.21294742      6.16263214      5.32473678      0.37926736      0.60663884      4.31103910      0.72589516      3.06892581      2.38339729      7.87632554      3.84576926      3.59665718      5.64413259      2.43898419      4.16374198      3.20166993      8.56535906      2.27932392      1.10964488      4.05693480      6.55161266      3.87925975      8.13777701      4.91508068      4.09746516      6.24414494      2.22345068      0.34659566      4.42847784      9.28138109      0.75107541      7.77423884      3.40043956      3.54194012      9.25757307      1.32211069      2.01873214      0.39203631      9.61043617      2.34112498      3.93532847      8.25927892      1.91380669      4.39550571      5.91704165      5.78589425      0.56306915      6.17655532      5.89644414      6.69125625      9.27544653      9.05841489      8.38233242      1.37629813      4.39530867      0.77224228      6.64492618      9.04837691      0.34892361      7.15521343      7.56563763      2.61011480      9.99542405      6.52612095      0.47509820      2.51276589      0.06856722      7.81653100      9.68203061      6.38065789      5.26616158      6.34401675      5.38327084
     6.92216925      9.24122267      9.37383607      4.52368171      1.25349451      9.76547301      0.56799427      8.91349029      4.56697641      7.10977643      6.24361286      5.58551804      4.71339764      7.84934897    674.20192693      7.92915023      4.27041408      8.42818462      1.23095309      2.95171681      9.65449101      6.56917278      2.71289020      0.82253331      7.13580436      1.13441494      3.64761127      9.47071493      0.03744485      9.94762785      2.61609476      9.42907318      2.23235891      1.55391541      6.99047880      4.52449543      0.45485480      9.33165969      1.46095898      1.46228826      2.77607584      4.91034723      0.31001481      5.29778187      7.92013205      4.75949879      5.14359657      5.08867731      0.18375525      9.21149689      8.16998739      6.80607465      2.77049059      4.82643850      8.06943097      6.70551507      9.15518496      5.66384876      9.89566323      2.51668095      0.04509699      3.59538518      2.72936894      0.90696647      7.25356171      2.98553315      9.31642271      0.53897384      8.11476763      9.88067608      6.62911281      3.60632605      0.03554725      8.45825580      6.14491011      6.11298325      4.58214447      9.08685192      3.76549206      3.59916903      6.30216875      9.99594367      2.03320527      1.47839861      4.37757408      5.63472184      7.74321275      3.82715754      2.19695530      2.53401938      3.19148919      6.44570834      0.79054490      5.97159536      4.69782517      6.01573996      1.30703747      6.85569002      4.26660432      4.45468012
     2.81408354      2.59934045      3.38241327      4.88608291      7.35265668      8.24143185      2.12621056      1.22546554      6.06810770      6.23223488      5.21638291      2.75780769      2.60095035      8.48524611      8.16339886    657.98256049      5.75639244      6.35828803      7.30321453      0.51334479      4.24465454      6.95906327      8.06891433      2.14847687      4.92881796      6.07998069      8.23615790      7.77339487      3.84288101      7.01609863      1.93399349      7.05666035      9.66931855      3.05419427      4.04943042      5.30409192      8.10522631      2.33683929      7.85713675      0.34296582      0.36455418      0.76550960      9.45492332      6.68084037      6.40792863      6.12207736      5.69377111      0.39683611      4.93277420      4.40787624      7.71411447      6.24787665      3.08213761      1.55651758      3.19459849      2.94802729      9.99988098      0.39600105      9.49036599      3.24656587      9.24642888      2.17968130      6.82586141      1.60718223      8.78362964      1.69699549      5.00449980      7.87863917      5.50812210      4.66249065      0.52131100      6.99040495      9.13988467      1.96347474      0.55086149      7.96461819      4.68595002      4.32024189      5.55176795      5.48796051      2.74791139      3.70233588      0.03973882      9.55642839      7.23662427      4.01509422      5.08105830      3.06455892      5.08584464      5.28210688      1.02504563      2.68079409      1.88748256      6.14744817      4.71232893      0.69654860      2.00797925      1.07365190      6.13444297      6.25674261
     7.33752786      0.82608324      6.84672335      7.03255574      8.32206529      9.33279177      8.59440620      6.14855826      5.32936160      9.79858032      6.37393099      5.42867761      6.27989468      3.98277155      2.14120693      5.91903629    662.36623869      7.78992869      8.55337582      1.82579835      0.89561551      5.02913258      7.23212766      6.25575992      1.24570128      8.07915143      6.54137804      0.45667564      0.47982229      2.41790677      7.42276331      4.79628215      0.54271606      5.75110268      2.50226998      9.87847796      6.79468852      8.17628982      1.83554492      3.78417752      3.84119393      2.70717745      6.07855135      7.47705165      3.49574882      5.06711150      8.04473163      6.15379093      1.47575825      4.71048602      7.98922957      0.20415505      3.66394203      9.43398220      5.35316952      9.00600799      9.40618254      5.25619813      2.70288352      3.57415377      0.37339555      9.62331660      3.72443243      2.71049084      8.31682503      4.71274200      9.41368261      7.99312357      5.30358195      1.81280591      1.13729602      9.82419377      6.67000189      8.23981491      4.97496526      9.19886152      4.48649802      3.20455804      3.68807849      0.07151129      2.60510439      5.14961769      5.97463424      2.61895291      5.05643824      4.89431010      7.72396026      3.76628054      0.98290579      6.38023430      2.08652464      2.21957810      4.20037832      0.54507013      7.11434634      9.20677744      2.73491720      4.43226539      4.25815348      1.70608549
     2.28145363      6.66984723      3.60287953      7.14573064      6.84256489      2.17861786      3.82276275      8.80651040      5.56764246      7.38098939      9.20617984      8.96443636      5.58126608      5.32132859      5.60339366      2.38431081      0.90377519    715.82392528      0.74507777      7.90245328      2.32304362      8.60608564      1.39886491      9.62095514      3.46016514      9.05093525      8.56818618      6.72777209      6.89520185      8.66047443      4.89515297      6.92832573      9.10264793      0.26153331      4.15078255      1.37124400      4.58513392      6.38934063      4.28483159      0.87544090      3.36208052      6.15594301      0.43352235      5.85970593      3.11962179      7.02801687      5.70238833      1.29242897      0.95430407      5.88882304      5.79267669      2.53015756      8.41201709      6.00261511      4.43060421      0.26306706      7.46345810      4.81391121      8.38803578      0.42481635      8.10931961      4.43786458      7.85003968      5.68846958      3.85717112      5.68727918      5.09332731      5.04802315      9.22409785      7.58111382      7.99743411      1.83353222      2.57544135      6.36600105      6.82759548      2.31220247      6.51560794      3.55557553      8.64637980      2.27062684      7.49830340      1.05309952      3.79438389      4.53167259      9.52459193      8.54607651      6.49925948      9.31692281      9.82633258      8.82556358      8.39279410      4.62853384      4.04157705      1.33740022      6.24634285      2.08663983      1.89327651      4.46144273      7.39630122      7.01343016
     1.27797729      7.33048959      5.21229052      4.72625671      4.41295791      4.81604415      7.27010179      5.50427726      1.64217295      0.77922206      5.58261620      0.19143656      8.70034344      3.32291819      2.86549213      3.70424324      3.73431842      6.53368528    617.52280673      9.67687278      5.24307050      2.55830801      4.01720396      4.54533087      1.82778377      2.11603225      3.29483130      6.59978377      2.93969325      4.16820700      9.46156259      7.41354039      0.19810337      3.32348459      7.33728339      7.28196453      9.67051405      9.11085635      3.05083360      1.58969230      7.40599697      2.08331098      8.52345435      2.71293634      3.76213562      8.89734476      4.91958285      8.10119961      8.13822633      7.94245968      5.01702842      7.19833858      7.01882506      4.62853300      7.05467737      6.68709894      8.51929141      0.91055900      8.63936309      9.71727990      0.72305623      8.03528369      8.94991434      7.85681045      9.82502783      0.65865049      2.24774607      1.70613362      1.22684122      8.77810007      6.56961086      4.62173896      1.85419533      1.55610298      6.75825072      0.95641748      4.83457145      9.01852042      5.37212339      7.11840014      6.04306780      4.39644447      5.48883721      2.47334249      4.52161581      2.31147824      0.06352185      2.32733899      0.98375627      9.88983981      1.46417240      0.80408092      4.96953801      6.76300941      7.81791637      6.39498209      9.84432174      5.46180737      0.21368976      1.82232369
     1.59791578      9.55091936      9.11651925      9.96603845      0.61709840      5.54621285      0.52075854      8.47487178      5.13177652      7.72078071      1.48980516      3.31371882      7.05027520      2.67988045      7.05777678      7.95061762      3.07079471      6.50279697      7.49359692    598.01461115      3.09486509      0.65955301      1.82224594      6.90013913      2.30511905      6.79470291      1.12992137      5.69929722      5.01326741      7.70964787      8.67169435      2.46149479      0.72758467      7.65016301      8.24625344      6.26869583      4.38810344      7.09820392      1.07988512      0.96355316      4.34630467      5.23384317      4.40922726      4.63217875      3.62674560      2.28624373      4.30168383      5.42337355      6.12731030      3.90791113      4.93857465      7.78909949      5.89213322      4.31089715      9.89663266      9.74195284      1.20437006      8.69034200      0.60935640      1.17838258      2.12135963      5.16540226      9.85918542      5.71678484      4.78902523      9.37732343      5.89584836      6.14031585      8.20920392      7.91599020      6.25313182      4.53416412      9.76435121      4.15807607      3.77191474      6.32124844      8.81744810      5.12717541      3.96327806      8.03045588      7.25745120      4.04384500      4.85973552      6.05401694      2.09331187      2.15451996      1.11270717      1.35763156      3.52993509      4.94262761      7.42058467      0.97726095      3.12615303      1.54759698      3.29085063      0.94870331      8.73582138      1.41170080      8.91712109      3.07282895
     5.03037729      1.61932065      8.79625665      6.25329911      5.54594629      4.83820631      1.43627831      7.52902582      0.24527080      4.20163780      9.65918785      6.01244658      6.78096932      3.56656087      8.52769777      3.03443933      5.67594848      0.80843499      1.82515150      9.56289065    655.28043323      1.70848774      5.28375145      4.47796687      3.99044242      5.58172691      1.98643881      7.12938189      3.43405493      7.89971135      0.22914118      8.23446874      6.88704128      9.84193779      9.46252591      9.84301565      2.70973176      2.53255896      6.56591442      8.22558001      5.19486807      4.60147879      2.41672279      8.09274740      0.93093264      2.72542200      1.88310442      2.01760762      4.75816259      7.74255780      3.72315457      0.80949707      5.82304922      4.54966385      7.69856892      9.75578541      1.11553000      8.22794908      2.52147257      4.49702126      0.58524475      8.67309544      1.50083690      2.74829901      1.56341738      2.82639718      1.33432330      2.13449344      7.63404363      6.60138283      7.76837437      6.34783469      2.71252875      1.33426835      8.69474035      0.86729487      3.49326441      6.22866387      6.30021734      6.79330161      9.46164594      9.11041571      1.64546588      4.21162764      3.06886418      5.33245074      0.27594825      4.29812839      0.12935772      0.44919492      4.00146574      8.69745979      8.23305061      0.89010267      4.09184657      5.73599325      1.53126667      6.61622397      4.20452831      1.72863915
     0.11264068      3.66653786      3.22015170      2.44403192      6.92415229      9.76914908      5.62543464      4.69399472      6.93379556      0.13465042      3.69853424      4.92725090      1.71126407      3.20506059      4.63235153      7.66477825      7.01036398      8.32638085      7.64626111      6.47316102      6.44219335    663.07799966      8.61582064      5.29704946      1.30607168      4.26376393      5.64544411      5.13334510      6.95825686      1.05449438      3.16726955      7.06945567      5.95211803      7.18379625      5.41860395      5.61263289      6.73139549      9.15829996      4.81374244      9.40329043      8.45077679      2.46218777      6.25854037      8.40215660      1.23523645      9.84253660      0.65267507      1.15855418      7.86974634      5.72703197      1.60401346      9.51199363      9.40870641      0.94210254      4.85956378      1.62397395      3.45386137      5.16907638      1.77463776      6.00890415      9.49359492      0.46007652      5.18878033      6.00249245      5.27743085      4.34524708      5.58054954      1.99313063      6.32094499      0.58080777      5.03370479      6.88962305      3.36501379      0.03137173      5.89436909      9.91191808      3.19313734      4.99537076      3.46439654      4.17423904      7.75494890      8.03926037      6.80400549      7.18667121      0.26203251      4.14753795      2.47925535      4.79696024      0.42408778      0.84935315      0.12480943      9.86273373      0.61166586      1.10780753      4.10779685      5.63305644      5.43411719      8.48290554      7.54334769      1.88407081
     7.05496313      0.39971541      2.93502054      5.47948950      1.98926998      1.57733429      4.39293197      3.89182071      7.70451677      5.30170072      3.63671985      2.31118499      7.05184941      8.09011961      7.60476051      5.78004709      2.66593124      6.53696365      1.47322718      4.84910536      3.31417852      9.70267552    667.17522295      6.68286649      7.36589955      9.51137697      4.15309277      0.73336846      5.71752110      0.46827040      6.93749649      6.01014157      1.17889502      5.30139135      7.03025551      8.15749665      4.76922177      9.84615933      3.15223174      3.14430050      8.48719553      3.15250168      8.23315301      7.90363783      6.77835698      2.17561097      5.80886377      6.45363713      2.59850080      5.30761174      8.41797879      0.52085715      9.72931348      9.18244246      8.41723378      4.61975546      9.33477077      3.53558454      0.48540918      9.90902090      6.41629638      4.19330313      9.06766006      3.30753458      1.54641728      3.87703700      5.54047314      3.83125879      2.83689845      3.18516561      9.41299010      8.02702811      3.49790766      3.24064226      6.48083995      8.32881506      8.46020133      0.51719139      9.32079826      2.13608801      4.07907502      1.72394000      5.57555293      5.71046569      6.55048313      7.16461698      6.69563515      5.17685262      3.53467351      1.51798325      9.87404069      0.19351539      1.89324856      5.71436976      5.22817384      9.28883987      1.20421781      7.12130739      9.04054436      4.65865318
     0.04024581      7.92858245      5.29556179      2.30583345      2.04313765      9.16431522      5.11713511      3.11634658      4.24860044      4.81427810      0.42028574      2.76098781      7.26932566      9.86653523      8.92636644      1.01671823      6.47193380      6.69221741      7.54933435      7.89045958      5.81433599      2.63329581      9.82256923    701.00079504      2.52965825      6.73395129      4.08044765      6.14788356      8.57446385      1.37950252      3.68850335      2.51504986      8.11550465      9.29907719      0.38442373      8.96676625      5.42994757      3.46308269      3.42304831      3.42175666      6.87790570      2.36896211      2.05324281      9.95510526      7.10512519      5.52176176      0.13856133      4.28977996      8.58020925      4.74374734      4.06525737      9.09271385      7.83797687      2.35911986      4.75212645      6.35065120      1.47564548      3.50016235      0.19622757      4.02651354      9.25391106      8.81196025      1.04076678      4.90624300      8.02076607      5.84032617      3.65403609      9.35412847      3.32723583      2.53376898      8.95737352      7.61838258      8.04029500      9.41808199      8.87950257      4.61020914      5.16945805      7.40824748      1.60037569      4.89581446      7.46663434      1.30254349      5.26875811      4.29209623      9.58196912      3.05692594      4.76989492      8.68182516      0.34388205      7.28699350      1.05055947      2.86386009      7.68638820      8.27325168      6.63243494      4.31210684      5.22785428      5.45719104      9.60026530      9.29804256
     0.88038222      1.68263400      0.47443308      8.06615025      6.33212589      5.31888596      5.07256159      6.83803623      5.57260691      3.47086051      7.15840430      5.65122369      6.12621263      4.19339803      0.42781123      6.21759165      7.10957090      3.68827501      7.56658810      8.17491128      7.15239453      3.44533703      3.11522656      3.17636837    627.39215195      5.09575933      4.50322458      4.32013557      3.77854149      7.36607002      3.77768143      2.28713845      3.40641463      1.83113974      8.16965792      9.50522922      5.95343077      2.71187513      3.63469011      2.57529684      3.95821915      5.80208292      8.67992590      9.69810328      9.35580155      3.88247355      4.73596291      9.20797182      0.70395634      9.00490427      7.40833466      2.13931244      1.84978649      2.66380071      4.00362831      4.78140238      8.92289549      4.54690290      7.77283879      6.51037040      1.87639544      1.18792638      8.49963659      6.59210571      5.75788100      7.40234896      2.74222912      8.84434934      9.91114344      2.83203310      3.19865551      3.63879547      2.18100858      6.44321678      3.65199346      6.33194368      3.74315885      9.92431606      5.95893146      7.89513191      2.82607014      8.70683100      2.10896045      3.03653955      2.48693072      3.17122694      1.55107586      8.26546548      1.26057696      7.74974217      4.51654317      4.45137047      1.78829418      4.52144692      3.47614499      2.62046913      7.24719952      4.59078373      5.82525176      8.18491330
     3.14581145      3.24761327      7.31832640      4.94041718      8.03274353      5.63044899      0.70081506      7.79818781      4.27184943      9.90645416      5.69562085      6.81177315      8.57922097      0.41946615      8.18030962      9.15179271      3.19928519      1.09007969      8.08037839      3.57391063      0.32698824      6.10551155      5.14868092      5.64778406      8.83721507    567.15595200      5.52742182      0.35916873      1.54445771      4.24525983      0.50833466      2.62912758      8.47651779      9.69186713      3.44728698      2.79816301      5.71373432      3.91731859      6.08865203      7.69725704      2.72290030      0.97318679      0.92885749      3.99054409      4.68371759      8.42130457      3.55201369      2.40227122      1.85061593      8.80930805      0.84205952      4.21682503      9.95225971      4.47314201      4.23318847      0.55849534      4.68886028      8.24545501      7.13782684      3.04989019      6.71242915      7.32868159      5.01975573      6.07704484      2.66922977      0.42229801      4.98826365      5.29149651      4.56271162      5.95103681      0.54661006      4.77011995      0.15466748      2.76150514      0.24516256      1.35571612      8.19264477      4.90400605      1.37917230      8.74614889      0.14540530      2.09244211      4.15156144      4.77262979      7.81649479      2.24718257      8.56981475      2.25426717      0.07826328      2.49130722      4.92547665      5.53700261      2.24080346      8.85391765      9.21125416      2.97087008      7.20960666      6.82238995      8.19593509      2.01115132
     8.90454429      4.81868146      4.65888702      2.47534415      0.09509772      0.62809913      2.91875414      7.16440925      2.02232356      8.03516677      5.35092884      9.53667657      2.88919029      1.25470300      5.40711500      9.24456952      4.43999710      5.14959706      5.98597356      1.01923421      5.72249524      1.23430811      0.36725212      9.32716712      3.76889341      5.66731644    608.84149036      4.09459538      1.11930469      9.67947338      1.01488476      9.08369469      6.31933938      7.11441146      3.75250474      2.32329200      8.95132611      7.86561779      8.22272514      0.60404139      3.71437686      4.37815320      9.39625561      2.91177668      0.73743662      0.94852424      6.13414731      0.36452856      4.73015811      3.94396597      4.28106600      6.74240719      1.64170612      2.65353871      8.14538809      5.54578622      1.74994213      7.37208972      6.70399152      0.19520344      4.10736108      7.58273271      9.64308851      9.24047524      1.86207877      8.61255374      9.39631664      6.85155417      5.98419952      4.73326993      9.98406174      0.74436518      0.96642913      4.35368637      3.58648390      8.78562911      6.18220283      4.18547987      2.85855616      4.59707273      6.08431188      6.20196858      8.92237471      9.76429717      1.59164411      3.32077039      9.67789749      1.66202139      0.22746664      3.66801389      8.78451534      3.81864564      4.15883305      1.79775981      1.35635066      5.95067390      1.08677998      8.55430207      2.18940815      5.30133030
     8.02810812      6.93284645      3.51548156      2.29715261      4.22219845      9.58642505      6.86565407      5.93007484      2.28143537      9.41164495      7.36520863      9.53476754      2.50999581      9.32881932      2.74293552      8.37477889      4.90193303      6.02838599      9.99129416      6.86018468      5.88083381      3.39335235      0.78796179      5.57139427      9.40445716      8.34586620      9.77129699    699.93732820      1.11389329      7.54002465      7.08447346      0.27974790      8.11483720      4.62672065      1.64742227      4.18682106      7.47842442      1.97560879      2.63556998      8.76610298      0.40853831      2.72169421      9.32534517      2.17112774      7.18105476      5.81195192      7.47058078      8.70339762      8.58369550      4.79739624      2.63919957      9.55268490      7.36776888      2.98372377      4.58782419      0.75690549      3.34706271      6.37066689      2.83984594      7.30118218      8.36368315      3.11305748      4.91330322      5.12769093      3.18336755      4.93717976      5.53584659      1.43421308      4.31890727      0.40386396      7.33728480      4.92559957      1.63116480      9.47407690      4.85506611      9.97846862      9.88164949      1.61646964      0.99678999      8.83292718      2.79445435      6.01729043      9.71793885      0.12930089      6.08488386      2.93103701      0.09825673      3.25925847      1.57372095      5.39925655      6.08990979      6.18451163      8.21577500      7.68070789      2.56974152      2.82193819      7.46499483      9.09643601      6.40037292      3.68177349
     7.21992744      5.63996778      8.69546980      5.72691773      2.96033956      9.68037953      1.39283921      4.56033782      1.21982693      3.03030537      8.27832971      2.02225478      4.96822124      0.60062399      2.15137973      5.86104141      5.79557923      8.25158581      0.01039208      5.51687768      5.08425490      4.22589047      4.89202575      8.37271749      5.11548558      4.17533205      4.56821938      6.18972088    683.76607359      1.49818822      9.00849948      1.03304520      5.23756968      4.41560761      7.82227489      7.56765268      7.42588238      2.63294824      5.01637837      8.10499344      7.46830843      7.50160172      8.06560492      1.77043989      4.15906524      0.50203316      7.32626645      4.66995736      6.33139969      1.85035471      1.06654117      8.18122264      9.82989452      5.65322375      0.84640973      5.06676324      9.43067728      4.99583403      8.02739328      6.29769275      7.99892006      6.57715619      9.47491396      4.98976275      4.53132048      9.58588822      9.02004262      8.62850760      3.09947675      7.39661948      7.48531796      5.29434500      7.24638916      0.48519770      4.96062180      6.92141299      9.54735150      5.30397157      4.69905587      4.76869264      0.40520265      6.07755486      8.61003568      7.78455873      5.78937079      4.60705987      4.16172554      9.90982939      2.40167976      3.30040222      3.36108436      8.49233460      3.22778456      1.85126702      5.73512589      1.09242077      1.75439661      3.82602861      5.32117481      7.49398501
     6.69403055      6.72568156      3.39241152      3.64592759      7.44583973      0.38657416      3.48879857      4.65554498      6.67827597      5.26318073      6.59576939      6.98776023      3.06690992      2.27581103      6.59375544      4.29677177      1.91747052      8.32213658      5.14565950      8.94567423      3.60204337      2.53657460      9.54043173      6.20506356      7.09141372      2.40871094      1.48964440      6.75552044      5.32040618    614.63486557      1.90423033      8.66250497      3.29488511      1.54570972      8.83354930      4.67965033      7.36227219      4.50267559      7.53284870      4.85890897      6.30757450      9.32219113      9.40606688      9.12570992      5.79328049      7.09613222      6.00463317      2.56088746      2.18357905      6.04552434      8.13778240      2.34246627      7.51935145      9.60778497      6.86194600      0.64372286      1.67079467      0.84467442      2.29667510      0.44891156      5.53409540      9.67608612      4.34622274      1.10879942      2.94239410      2.94799692      2.77795020      5.40554366      7.09218066      3.85256994      8.69955981      4.74730328      6.05691449      6.38045214      7.25555652      7.80814727      2.18941706      0.49220081      6.22800515      8.22262596      4.82041699      6.23585233      3.89002951      4.84552203      9.08181643      6.92122918      0.64119249      0.80877886      9.93153903      7.33909170      6.29262020      6.48211551      0.26356803      2.79163952      0.25653784      4.56689474      2.14212067      7.55188292      5.81390814      7.99474668
     8.93851221      2.29482716      6.35161919      4.48663650      1.42119094      4.29432570      6.78510600      1.86644312      8.82221674      7.43492559      7.64829511      6.80791212      1.16024296      7.55495110      7.38757069      6.16848986      8.11869279      2.37176939      7.86723130      7.79757959      1.58027042      6.90840655      0.90190103      1.01068220      7.36896258      9.70435780      4.25976202      2.28129943      6.42180469      0.81145855    651.41383812      3.99177974      4.66130793      5.15505891      3.14336256      4.46452898      4.97707373      7.12969943      7.31275067      1.55447521      5.19485860      9.19081191      5.17187692      2.51505092      9.84498555      7.48807489      7.57550898      7.09929842      7.03389962      1.66582667      9.43079911      4.97458237      9.43113154      4.75856844      2.55809573      2.42689591      1.68730265      8.82761615      1.23687146      8.63383456      8.63749492      0.85439804      9.05740408      2.92229307      3.30572833      4.45542893      0.35298951      1.78748392      5.01928526      1.74411009      3.84056429      5.41952490      0.74046741      2.48341031      0.89334420      1.00992631      9.60114169      1.73155712      8.30238153      6.99770492      6.69762501      2.55039941      7.93934469      3.38754068      9.56537054      6.92208140      8.20371325      9.22543500      4.57621088      7.18396539      3.95872174      4.67270287      8.47966283      9.17929365      5.14016554      5.41198742      9.70828723      2.24866422      0.76965280      2.17095246
     3.07936194      8.21308417      6.71987497      2.94712260      6.88196075      1.99935444      3.25338193      7.76853563      2.36702121      3.10532877      7.57344503      2.31766369      6.54610214      8.83442396      1.68617524      9.46131219      6.74667407      6.51082727      9.58818867      2.77284099      0.13361656      1.70605194      3.02157670      1.88263356      7.53186174      2.57167489      9.39921668      9.24270350      8.52769462      4.43663008      1.24876800    654.53109821      4.83193098      2.05296321      9.34265575      6.88226641      0.84872120      6.90610723      5.53381667      1.86556291      1.52339387      2.63158077      2.40020615      8.45860087      8.83883803      2.64104946      9.75834370      4.45682157      2.27355259      9.36062087      5.18283652      5.02788024      6.99275206      3.31677250      9.85704618      7.58028977      4.80088150      1.56285182      5.72698105      0.42677470      2.15371452      3.01603110      8.84293193      4.10914746      2.79504644      2.71761489      4.74090881      3.64173827      3.02366388      4.61173709      4.29231177      1.68471771      4.61234354      9.88575750      7.11797970      3.64445404      7.13564730      0.13878214      3.05066081      1.85346044      6.63308653      5.91392374      3.95809293      2.12964064      1.82123933      9.72702800      5.70475151      2.77336944      2.90107156      7.26415590      7.82773788      3.61928597      2.62439831      5.34777017      5.69508955      8.81490771      8.56321769      4.49255521      6.32365755      2.02532275
     3.53479590      2.03881958      0.48720768      5.39674728      2.13626390      4.35471051      2.96295198      2.06387518      9.11529922      5.01797964      5.13863795      4.67836374      2.77730163      4.24037687      2.40732294      4.77773787      2.14509306      5.17595333      2.44795449      6.00350037      7.84026426      0.48977432      4.97684967      6.97315996      1.65956234      3.24275695      5.60821760      1.94313905      2.16886933      3.51280427      9.77982009      1.32205316    623.12834642      6.75067663      9.28022762      0.65731199      7.32492909      2.20168364      2.88489248      1.66667701      1.78646546      3.83536599      4.36123920      4.94518154      4.96505169      9.80614576      1.93098516      5.88210158      7.35548338      4.76310453      9.68233576      7.19942789      3.87909349      7.05371593      4.67774050      4.37875052      0.30627904      5.01327545      2.08997997      5.64620522      3.41729049      7.44692408      5.94575942      6.36704073      0.15445586      1.14756561      8.32656337      9.58472700      6.14283428      0.34068814      7.97647907      0.45273314      7.47310814      3.19598865      3.59661429      4.31013894      6.48236706      2.65203781      2.81625003      9.19967685      9.78695458      7.47891669      2.54161099      0.46420325      9.84080156      5.35551150      1.86788315      2.38477121      5.49538095      3.07419882      3.05576428      4.75397596      7.18132354      5.47142948      4.02644818      0.61721068      2.25366948      6.21806964      4.24404150      3.71731208
     4.76646173      3.51629817      2.57144304      4.12927727      0.99035787      7.82921097      2.98000593      1.01658163      4.84299263      4.41238144      6.93040912      3.37207833      7.31624441      6.38122945      9.85205984      7.84671838      3.13774349      4.38969516      8.92862806      5.86110652      2.46884724      6.98744728      9.21416253      0.69728890      3.96382765      8.08716737      3.08936736      9.58407596      2.23739821      5.47172241      1.39736627      8.79718409      4.17972525    691.67858134      0.98930547      5.59347008      4.54041841      9.44424504      6.24394469      1.71295021      8.84321634      8.81875906      7.21566435      4.26640057      5.87932070      1.13444842      4.40364683      5.63740494      7.63167876      9.96223708      6.31389064      9.18121668      5.81349516      9.28123888      6.43100552      2.71261673      7.50017869      5.83903680      9.62993902      7.00077918      1.18752674      5.58133329      5.68258323      7.86187823      3.79575084      1.49919930      3.77645150      0.58858107      7.72794797      5.19334122      8.93924315      5.15772989      9.97922722      5.73818525      3.21897673      8.96402346      4.04220228      9.18500046      5.71535247      9.22148110      6.74016885      0.63133751      9.68620217      4.52001223      5.08241274      4.88674620      9.70889897      5.97145101      3.00454858      2.38675418      0.96693916      9.62221998      1.04043590      2.43217085      7.92115365      7.57409037      2.37875031      2.50081211      5.87626817      6.67961975
     4.42665839      7.09270606      0.12757546      2.44455808      4.69099647      4.39888569      8.61685074      7.50936767      3.62558723      1.39537578      9.46312297      6.07161494      1.80757251      8.77033744      1.82314928      4.05651476      9.42387603      7.02599233      1.88269374      4.22079613      2.80816512      2.14609680      9.81759543      9.99727018      9.69552071      0.45745450      6.31621380      9.15447182      1.75751798      0.26344117      8.11308724      3.43100135      4.47983186      3.43444619    632.48199232      1.08944523      3.29462067      5.60150981      6.51582306      9.12755059      2.50745156      4.82423940      4.69432830      6.22852308      1.11862018      3.47449914      6.78193616      1.16499462      0.45742538      7.12508877      7.82149375      3.75380358      7.09848596      6.39111955      0.58118690      1.18088882      3.77666527      7.25910308      3.50219550      9.31459635      9.05829011      5.21529682      9.63792338      6.91030981      7.64233494      7.56930137      6.44697302      1.15245477      0.87908590      6.62467057      6.64689040      6.14945907      5.14752777      7.01339047      9.35228925      6.31503022      7.77208464      0.59250101      0.01224238      8.30528964      6.57155542      3.15034603      3.68418684      0.23210211      6.77059991      4.89796801      3.99741069      2.54526078      3.47146328      9.56535720      2.09454196      6.55094020      1.62471133      4.71224217      5.61232938      6.83472754      9.36003301      3.73648774      1.07560663      5.76312842
     0.89835235      7.78115334      4.13778444      2.66362164      7.31760371      2.66283366      3.71789651      3.22066000      4.83451959      5.57504103      5.05959229      8.53818332      5.36446774      1.41748257      8.24187145      7.82824296      9.90278439      7.32209012      8.16453088      5.41990455      5.94399016      5.79043355      3.72456270      4.85973592      5.59557427      5.65839081      6.76373299      0.15741501      6.49278541      0.67743844      7.38974404      7.87170030      4.56512727      4.57565347      9.07193724    587.92843461      8.57881646      1.87914909      2.90310753      4.66336034      7.97916039      2.99242248      1.99244653      6.61650667      2.93932397      5.63491809      8.39599327      3.09189354      7.84307417      2.23479562      1.96936646      1.93649290      8.44144196      4.97773940      0.28762596      3.34400504      5.75977554      4.69931837      0.86169031      8.07100169      5.26404279      9.84340602      2.47214314      5.62701992      2.19246302      0.51816090      2.03921532      4.28541965      6.62712601      5.62625234      4.63894258      8.87683517      2.14601310      4.41651344      1.50997772      5.90814136      0.25628857      9.10185156      4.08284326      6.08665354      0.51521477      5.82500112      2.24256510      2.84925076      5.58081817      1.27718758      4.56040305      2.91729605      9.45140436      2.67953937      0.40539326      1.06073101      0.01310879      5.32122869      2.51410007      1.46419236      2.28497191      1.01831009      1.22456749      3.76308839
     2.47856381      6.34322573      9.64701139      1.31899877      1.27855389      4.45402482      2.54869467      0.39452591      3.28421557      5.20933642      0.36861744      6.02375392      0.55859438      0.01675178      5.85263334      9.93708057      4.04347330      2.25138055      4.40547557      4.81223112      0.83479281      3.07360495      2.74596499      2.43506376      3.75854527      3.45335994      3.88626740      2.78387985      5.41856382      1.57416811      6.15424516      7.38919423      4.07148822      0.56013521      2.94736389      6.05300015    633.30884907      9.03150147      8.38151237      1.81648197      5.65912526      4.84952676      3.92984383      4.12165724      7.59005151      6.74334442      3.05318077      7.92091165      4.27595867      7.01059630      8.29641398      2.36443355      6.87654745      9.62402792      6.98204102      5.53838977      7.14805708      7.71089981      1.97010254      8.24528965      8.76266647      4.48100356      9.83317581      3.69189371      6.52571088      3.64154422      8.30812969      0.14729355      7.38189452      6.92793649      7.71760757      3.04671823      2.73299891      3.50152549      0.42568031      1.19693239      9.61362632      1.52895202      7.46989753      6.17439692      7.05279227      9.49681502      9.80810105      5.47750413      6.62975892      9.65921731      2.26473959      6.88704963      1.27240373      0.65741990      0.32304251      6.39737296      4.99669064      2.85345613      2.74718462      6.94411396      5.11970414      9.14778596      2.42730061      3.94854874
     9.93885423      0.70722417      5.70578394      1.46692568      2.88811700      5.11689281      3.93902800      0.96249739      6.42072418      1.26041853      0.09467993      2.98481139      1.53433645      1.37868226      1.30848799      7.24097223      9.25164034      7.15200348      6.50256788      4.46212302      0.25517955      5.83768347      8.71286628      4.56217098      0.98170408      0.80205884      8.26276878      9.15973322      5.88550236      3.36192154      1.14870139      9.40769260      5.63618790      4.52431770      8.95142122      8.92632452      2.22826680    589.58913048      9.78267062      2.82759300      2.62601183      3.80498852      0.65186757      7.18892750      7.21422615      6.69273925      2.87270268      0.50863131      0.96766131      0.50327218      5.02972591      7.11467094      9.40948442      5.31328672      5.94191153      2.48346278      7.04659091      9.60474399      4.99399932      3.11054245      2.29013541      0.70350148      6.84797398      9.27781655      6.28181951      1.77954197      6.42692431      1.41227841      9.92958723      9.68208718      7.74610624      1.17360099      3.08276028      8.95725031      4.75642694      0.54119784      1.33919354      7.62943981      2.05051150      2.32649522      3.12574264      8.57118309      1.38454186      3.64522517      8.81656568      5.87811994      6.77255659      7.11492214      6.55379389      6.41799955      6.40376986      5.14470399      2.71550678      9.74099019      3.19580565      3.15610932      1.69537219      9.98686037      7.23653812      8.35672905
     7.68064026      5.23999639      3.39891203      9.10877747      8.72164843      3.55292549      9.54027122      6.81252443      2.41536142      5.50500135      3.42395325      8.44694524      1.44545251      9.25386354      4.86886004      0.84817257      9.84501026      9.92354481      3.63179346      2.26078577      6.67113092      6.78152231      5.14653703      0.66154077      1.74540756      1.08676302      3.79819797      8.90124434      1.56743872      4.92749702      2.10355006      8.34209973      8.96635513      9.20600068      0.69317025      1.97147188      5.71943056      6.87627127    677.05211021      0.78624941      7.15574789      1.16460642      8.80779614      7.33185841      8.63349519      9.94363141      8.70816885      3.52821159      0.51303873      9.10984174      4.17054546      6.10702897      7.49197902      1.87367899      7.48639263      3.91128670      0.55086865      4.32486544      7.45672262      0.77430781      8.96937714      1.53900495      5.14580982      7.88904658      8.39360565      2.52542117      4.23252624      8.73918072      3.26408279      9.66512118      2.57656137      0.82900511      6.05834547      8.42001437      4.20761341      7.23295196      7.56952712      2.87160616      7.99653925      8.80549191      9.59634161      8.85382500      5.34351920      8.93000203      9.24516755      9.89169955      2.06781805      8.15842982      5.02338005      2.30452761      1.41818934      6.89113699      1.08845363      6.87851809      0.02571194      1.32303921      9.29774009      2.33551127      4.81495344      2.80319588
     4.25438632      8.03764033      8.14465684      5.79780149      2.04430894      0.05564148      8.11890207      3.54124682      5.73240385      0.43029180      7.60142814      5.69913937      8.22821955      5.34444005      2.97006934      6.34315627      2.71843918      1.69325823      3.26192643      3.19358524      3.97896959      9.29610248      7.36623030      0.88944689      1.19751055      3.37742419      2.55116209      3.95335045      5.24307349      7.99470213      1.15127079      7.04149770      5.47347249      6.94505949      4.28841950      8.10862045      3.13348557      9.13205760      8.17809058    660.55691213      7.88585158      6.67847224      0.80196504      9.06904238      2.90962927      6.42750700      4.36538749      5.59706053      7.06369249      0.35733896      3.61006017      5.56451246      5.53122482      5.93941636      1.72489855      5.55320299      5.77244979      6.92354878      1.87110673      3.80151812      1.32075605      4.29602944      0.59647077      2.47365091      8.50068795      9.42536826      5.22061745      9.17499777      9.18446545      2.26977808      3.02882378      3.97902302      7.39432843      7.01353071      6.13635704      8.37350775      6.59013935      0.05274531      5.21597228      5.12389309      8.49270050      6.84777239      9.90451225      0.25955338      9.50340279      1.36367604      2.97575980      0.10891259      6.32219153      4.02883207      6.19264451      3.58444376      6.84811648      8.87610283      1.78507227      4.62837845      9.68806435      5.42962022      5.80793291      5.69835334
     7.71333453      9.95613249      2.10444465      9.96672538      5.07212934      2.19127647      1.17049354      6.33482817      1.24399127      7.04633520      2.95766930      0.65726086      0.62547307      5.62767232      9.85051521      0.46144971      3.48769076      2.18263550      0.65369703      4.42794811      0.54513992      7.91658361      9.04211731      1.72194762      2.48855526      2.19316482      2.60710462      4.61049852      4.94630398      3.06073635      3.52057138      5.77530725      1.13034698      6.41754005      8.58474137      5.77082007      8.20858793      2.20454058      2.18032093      7.10278799    591.07475645      0.79125942      0.33584800      8.26910350      1.63005124      3.22223078      8.60316087      1.71783225      5.65491263      4.61862417      8.37824129      4.35484473      8.47036087      9.30295943      7.54779671      7.69178406      8.00312123      6.86584010      0.63134909      1.08164700      7.61965101      4.12392830      4.35015160      8.26323170      7.67525889      9.52315388      8.67030037      8.16571109      3.28748180      2.70261885      3.31140324      7.07421359      0.99545776      8.29962021      0.16396881      7.40602070      5.07674445      6.18858980      4.23681611      5.83139361      7.71455963      2.78134996      8.84707627      2.47134511      1.42705641      6.77222083      2.64732707      4.90393915      9.32917817      0.38849992      9.94098923      1.88994430      8.05297488      3.36392307      6.08727044      1.04752247      7.30143077      2.00821131      4.77847802      2.82700651
     0.40825174      8.33990255      3.88082346      5.90128101      1.83182599      4.94515573      1.36246027      3.26008504      1.61839353      9.72622334      9.68662363      6.40477997      4.83424329      4.41262335      2.03628514      8.45523951      3.29971252      2.73092166      2.63023337      8.45276109      3.13342589      0.00241007      0.73679880      1.14945552      1.67558755      9.87280026      3.88798632      1.64037856      3.16334756      2.54102255      6.22806937      9.14044599      9.57049155      6.23877433      5.82297216      6.01609143      4.98486939      2.88291363      8.18938921      5.47463411      1.60361311    634.88684836      0.23931164      7.70341347      7.14101757      3.67094018      7.42857863      3.69263674      5.26063133      7.71417693      0.07552436      7.97752035      5.08130690      5.45553837      8.13289482      6.53549326      5.32054972      1.02771836      5.63733870      9.73517497      6.94656339      4.23521250      0.52435691      2.22302652      4.97749178      5.75250424      1.31652057      2.26761440      6.85005044      4.77901244      5.62957179      3.43354769      6.84738015      0.80613121      8.49911525      4.09341020      4.45011737      8.96388914      0.70543897      9.65357885      8.38464685      6.93201520      1.82702605      4.29026165      4.93048666      7.11072339      5.75490364      1.78897950      7.49465427      9.50372760      9.04560145      1.99113032      6.21827869      3.28119006      2.80996723      3.38282545      4.74203210      6.55421720      2.10445457      7.88102689
     4.35257564      4.25477625      1.10083988      1.22015122      4.91737632      0.81014822      9.01117005      1.76813671      0.18287113      7.91801408      2.07658967      1.87966563      2.92881322      6.91672012      8.22265816      5.33373035      7.21601873      1.10941000      7.97794991      6.30027237      8.00820595      6.76640068      6.34491298      7.89486636      7.44773192      4.30398795      6.74390850      0.83673960      2.20005083      2.39832599      1.87124671      1.99184811      3.04111823      4.23683675      6.92127007      9.77966411      9.81817923      9.98831261      0.13787225      2.48154284      7.80300105      3.19405982    574.99165395      3.12854779      2.24030106      3.20781220      6.49623426      6.01594448      0.34234428      8.13669322      5.29305788      5.16792818      5.27945800      0.01738327      1.67173623      6.90934687      1.11212604      8.71683342      8.65470799      6.74336379      0.08177704      1.20687146      7.34359557      5.79654509      3.53403033      1.30985995      1.29060242      4.65337092      9.67744929      9.10133134      0.15580089      5.12004150      8.92675415      1.34484318      1.31688852      0.24821985      0.95997286      7.54028904      2.51548005      1.27229287      4.25402502      9.45001746      7.01765454      2.18451191      7.25438511      0.79894989      4.02865318      2.21561213      4.70135009      8.10838659      5.04420872      2.16339952      4.26020054      3.62587489      6.86487560      2.09978140      2.69604456      9.74385160      1.88780857      6.13411140
     3.47920728      3.74487962      2.42534896      7.08112965      0.57483227      3.20250544      4.64423419      1.69344760      8.66051436      0.16201612      8.04042101      2.70849381      5.85520952      1.14652043      5.28513001      7.11870664      7.85521552      7.49475560      0.46990499      7.29495940      0.39903700      5.80077379      3.04284452      8.31782270      0.14376919      1.52499212      2.80131113      4.17262124      5.01086113      0.06480066      0.94466183      1.69828809      5.60199626      2.10518364      0.81849073      3.79487764      5.05284552      6.12606577      0.16245522      3.38875596      0.82051855      1.09899886      7.49061277    603.24695078      1.95442085      2.27139032      0.41905313      5.10665486      9.18830117      0.32375871      2.28794920      0.99784795      8.98594840      2.12518630      6.23639124      0.08637733      6.11444116      6.18695455      9.20542299      2.07967322      6.24849902      6.12718153      5.34205210      0.97074814      2.13408354      0.07916019      8.35594779      0.25484270      3.26283782      7.26827545      1.67608483      0.94490469      8.73507244      0.59667744      4.31608303      5.94446720      8.72203786      6.29413117      7.99402005      7.55488291      4.16003046      2.90412529      9.04023270      3.22149119      9.58479455      4.01009084      0.71599649      4.48436517      8.75565816      3.47018497      3.21039530      6.15665363      7.08898611      9.22499997      8.46223902      6.19956249      6.17410652      1.00836440      7.49291610      3.17526758
     1.44566256      5.05153774      1.32365656      5.36973868      2.36065741      4.15142868      3.38059587      4.39761587      1.23080335      4.51299732      5.44603022      6.21305507      8.63922787      1.84898619      8.49352623      2.95662161      0.56761284      5.35760723      0.94736654      0.93560823      0.04562078      0.03860426      3.40241038      1.30151480      2.56496266      5.10120034      2.47495711      5.65836770      5.42064095      1.38315696      2.55689606      5.27396818      6.72873480      9.95953384      7.17772415      0.18349990      4.42680386      6.37458389      5.35763595      9.80102167      9.07100908      6.85025570      6.87597757      5.73220983    602.35763607      8.47610956      2.98817699      5.44318226      1.05882972      1.06152880      7.75810669      7.98202327      5.15374819      0.59057673      9.01438178      1.75428899      6.21499115      9.77561276      1.85829370      4.87643537      0.72042314      9.23058761      3.65155487      2.18104072      6.50138851      7.59690723      1.08239423      0.54962867      9.88385748      8.34917342      9.62240602      3.05542259      4.58685854      7.86178268      5.99834791      5.75854867      5.01727594      2.39452742      6.78779913      1.24459945      5.62596418      6.95335410      6.17937754      9.36731985      8.81021533      9.49005276      9.07736039      4.31758392      5.33375750      6.74478551      0.53116885      7.81576976      3.74078652      8.39569366      5.32475375      6.42041042      7.82983932      5.06479559      7.49016513      6.78525324
     9.87150994      4.85988698      6.07336262      4.49968497      9.43604512      3.86884882      3.58717197      3.60605818      4.84386465      6.98158995      1.05857662      7.33265499      1.22899398      8.56008008      0.12674250      2.84490330      6.42418751      9.44551311      7.28645985      9.34538002      0.03334584      7.46744169      2.34198672      4.81998227      3.08592393      4.23517207      7.82779762      8.14285588      6.67326423      2.56584254      0.85024325      1.38730398      7.86375458      0.73251392      5.47362963      5.34592852      5.68949918      5.45735611      2.64673112      2.00899143      4.75790954      9.17467809      5.74996425      1.25425689      3.66851487    675.52683150      9.92308643      8.31692524      3.19328383      4.24404710      5.07276243      2.68671780      4.39036726      5.77890821      4.06259910      3.12284863      2.96069172      6.30389619      4.82380707      4.52033027      1.12910047      8.15811507      2.01059526      1.10416677      7.05811676      6.85026526      0.15037101      1.76149918      8.76046859      6.62105302      0.41542983      4.59812330      3.83085575      4.48370151      4.58383812      6.03952692      4.42259468      2.25220011      0.41128888      4.38144405      4.51000325      4.18791221      5.83547389      2.09188303      7.65762809      8.58984664      2.05605899      4.01864943      8.11619362      5.64290337      9.57986259      2.19930845      7.53416199      9.86251664      5.34780873      3.21049478      7.22350514      4.22900909      8.62157072      9.65627846
     4.46704940      0.02612846      9.99592540      1.04087701      9.13095154      4.52265289      6.95429291      1.38668745      0.56713846      6.85423682      4.72208684      5.73473371      1.71044548      7.03062551      6.36937814      4.06056161      9.80683457      1.89270027      1.93801805      1.59464962      7.60686446      7.17171286      7.81571663      3.20750239      8.68247277      2.15702594      2.37458561      7.21547981      4.83379743      8.64028363      5.94946400      5.24853839      0.08028996      1.14514533      2.60088069      6.10875627      8.35555584      6.17509003      2.07516440      3.23010790      8.17732345      5.90652147      9.91820374      5.97235869      3.37363910      4.39055048    639.35018213      7.25642401      0.48251436      5.46025111      9.63515504      6.35174100      0.25298226      1.79000585      5.06594950      4.13142837      2.73335117      1.58805515      0.15192949      5.60117221      3.60486366      5.85598176      7.65866589      0.85948111      1.43443310      5.72637342      7.82762597      4.99622766      5.98103053      9.10980310      3.71430002      2.61741376      1.57817985      7.69624451      2.76621246      6.49498623      5.46262665      7.97939774      0.21686306      5.70809795      4.35611969      5.72407120      5.36333669      3.30786070      8.57744080      9.48108328      7.67298977      8.34375202      3.84769980      3.31259809      6.94591122      7.36607031      9.07752471      8.79398719      9.52431597      1.60339431      2.44278559      3.35360736      5.58729186      9.84771164
     3.61983846      6.04809689      7.06684786      9.92769306      0.56697389      7.57557877      5.40721721      4.53112159      6.57413552      2.17871080      3.60347987      1.84314652      6.09550968      4.81793703      4.77803539      4.18968420      6.75438041      7.60963916      0.50642003      9.55079078      3.31366256      7.15149299      8.96886747      1.92114331      1.36956637      8.11078306      6.71641315      1.60767853      4.42531208      1.73845012      0.81023132      5.65049130      4.99257743      1.51343756      2.52769377      1.50896322      5.97536417      4.38858913      2.72104641      8.25860258      8.50640503      7.32618741      9.57678732      3.21620497      2.10541218      7.88257484      3.07003051    668.05466175      2.39511029      7.14290886      4.04439956      0.72412641      4.52558811      3.12228515      0.26861163      6.52597529      9.12481532      6.32844537      2.27509485      6.00368678      1.12115450      9.63872641      5.90827827      2.32578731      2.00092185      6.43760581      1.04831157      2.55590844      4.92546065      2.78346831      6.30779796      2.65125244      3.42028074      6.02177878      4.16757979      7.95902354      7.30006206      2.86165124      8.62920429      0.59381333      3.78796173      3.51647667      2.35033455      7.19047271      6.49872366      7.14022676      9.13572768      3.65004581      4.46118782      3.08575958      6.12108709      1.70752875      2.22868220      5.62834863      4.47912783      1.63246687      9.36462398      7.05380122      8.19444511      8.50578873
     8.77719669      1.38175405      3.22265134      5.72035650      4.09465662      3.95233792      4.91887437      0.45354369      8.29925265      3.40865233      0.41040052      7.96884944      8.88420233      5.57349959      2.37348030      8.24016685      9.08899588      7.18556680      1.36597670      8.29115741      7.80075079      2.13487698      0.92683391      0.70415710      8.81551057      6.34781995      7.07842211      8.19542789      0.32134098      5.88977360      5.35628351      7.42750062      0.59921139      7.71398862      4.79952675      9.82481466      2.82272784      3.97386704      0.75238326      3.88426916      9.50161368      6.91029818      7.86947421      5.34233081      8.77036082      1.22015600      3.98583146      3.21794842    661.61377937      6.30725005      6.31297284      6.77504828      6.27086925      1.00094946      2.46293485      2.27468214      8.82142942      0.55080674      0.08415096      1.87197456      3.18333445      0.06288297      1.07749517      7.67677756      1.96355468      3.20143698      3.94818196      4.84158882      8.70297807      2.80997104      7.83327345      7.19839431      3.79582620      9.10906027      9.90311853      1.12083342      3.32775151      7.72766482      6.95336165      7.61621083      0.43420182      7.32649452      6.76584016      5.59652018      3.17348408      3.46359463      6.26297851      5.33798396      0.86183889      0.69667664      5.19909390      3.17117970      0.52095695      7.98526221      7.68372528      1.27874898      4.31290163      8.75273250      3.88200022      9.52502462
     9.08036983      7.08954632      7.14786902      8.76244122      8.99639052      3.21274445      8.39719646      1.21484686      3.03105676      0.35122185      2.82378189      9.63167335      2.29726423      2.17981379      6.59000534      8.62855085      4.53731804      8.76103850      2.08804099      5.13612238      9.44749795      6.87273707      3.54151514      7.29724640      0.64703206      8.30235102      1.10927509      7.37027470      0.52540348      2.16216826      9.57601828      3.10777616      5.94008773      1.20153596      4.34169637      2.28135489      6.27149806      2.07662994      7.43408979      1.93653666      7.12265302      7.47383920      1.33882242      3.23207522      3.84789812      4.96049935      9.18302671      7.67360834      7.59823597    619.43937729      5.07654253      5.76366032      6.18697164      6.20095717      1.15024223      5.23616921      4.73567457      1.10454166      3.41700133      5.59276020      0.53337718      1.96190277      7.83088091      5.54941199      1.10408906      2.80077973      5.67043804      2.75980392      1.41234560      1.97777016      4.24382720      3.32009766      4.77683707      8.83147928      7.13535110      7.54233943      2.84176916      3.60600670      9.09534547      6.46270582      3.83641674      8.66391110      0.59502688      3.16541056      2.64663106      5.81646376      3.52979520      9.08304205      7.80815112      3.93617729      7.20451099      4.15088226      2.14211125      2.61638056      4.81262535      3.96567580      6.09825763      3.78610600      7.50411957      0.83592388
     6.95046312      3.01201208      7.79081584      3.20058235      5.19881191      6.61877454      7.14491775      6.29547160      7.70637635      4.13657408      0.19511968      6.78086181      2.51690922      6.16635794      8.29258760      3.16944895      0.32908713      0.68875840      5.19554431      3.19664366      1.47446125      4.96609087      5.10519680      8.64840777      7.15308257      7.43734788      9.71665738      1.05810817      9.58025825      7.24334739      1.76731739      0.92040499      3.09670677      6.99080634      0.70970668      6.14756725      5.04199067      4.44665567      8.41599154      2.37203054      0.90654518      4.13195025      3.82569440      8.33764461      8.25014539      8.62502272      9.84090340      2.77702944      0.38950637      4.28503712    624.12485440      2.63906047      8.96762610      9.74270402      7.98618682      6.00098217      4.59795553      1.73036910      2.93671366      4.47201962      6.57011322      5.81588031      8.98500372      4.85797170      0.85485211      1.04127408      3.23444741      4.37168291      1.37770741      8.07085440      5.89145285      2.24896566      5.25901272      2.78548900      5.96133449      5.61455194      8.02302399      2.64673440      6.78369239      1.23497622      1.82309083      5.06535362      5.99624036      8.41205917      2.77819247      1.04321597      6.09317769      4.38538554      1.51138718      8.27746786      9.92631750      7.35990273      2.94012911      9.54191797      5.34010151      2.25376050      8.80000018      9.46656430      8.37695466      9.33028547
     9.20117544      3.76625683      4.72984316      1.98059719      5.55624589      0.01154674      2.50196440      5.16582872      2.21447370      2.19903986      8.13033997      7.76287362      7.59832153      0.56174206      1.24559797      9.58896528      1.74368295      9.52949646      3.59944022      0.72464583      4.77541817      8.41430092      9.82192323      3.23809659      0.94183824      3.93154896      4.68460583      2.05443727      6.22469775      9.77102757      1.29704411      1.12838085      9.38080941      2.88630135      1.73478877      6.24277240      2.23526366      7.70797508      6.37657138      5.96109074      2.74890406      3.78834505      6.93899578      9.40457077      3.47248794      8.33733184      8.49434394      0.07690852      2.45660993      0.83854298      7.89690443    580.88166502      9.54196753      4.77056529      0.02522806      1.65999409      9.08733031      3.49513755      9.40275836      1.48081128      4.73715838      7.62656049      4.66843959      7.56224182      2.52265805      4.57142941      6.61881967      0.65731821      0.47704520      0.39145825      5.40060555      2.55922531      8.77390392      1.86414789      9.49194795      6.23102803      8.61547439      2.06763578      9.83818341      0.31075919      8.22217683      3.13852746      8.61924266      6.36267870      1.86578943      0.98141768      5.45446981      0.61443751      8.86844662      3.25787415      1.09871138      2.98292590      1.91053346      4.72150738      9.53878337      4.48516947      9.22369364      1.09301735      1.70511622      7.63910762
     8.09818147      3.40069829      0.37101865      9.93282999      6.65059891      4.69713280      3.45063188      2.75639220      2.93516512      5.00367748      1.79801872      4.92590570      5.72769319      1.07161721      4.97977953      2.62256565      7.32516438      8.89006058      9.58882567      8.66569792      0.15352473      7.73074967      9.54014657      0.87725139      3.17083335      8.99081294      8.03530381      2.05872114      6.69603199      1.33308216      6.17860272      5.03735543      9.39425600      0.83312124      1.12204400      7.51876018      5.26594375      9.53670822      7.08768088      5.92055675      2.31521385      4.50955994      3.04854596      4.42648393      6.30757476      9.76338587      3.57039713      3.59566002      7.40004026      6.35840547      7.52455526      4.90110445    717.26973370      7.01283421      3.48119517      7.41675384      0.21900214      7.50979111      5.90471263      7.89257159      0.73983046      2.78077332      2.52725792      8.31025858      1.76844901      7.38546462      7.86547686      7.46774519      7.60782711      4.12739607      6.53029704      9.90447407      2.46670367      9.03323098      9.54792455      1.58566144      2.84733292      6.27086931      5.11685323      3.72711625      8.87360719      8.50054418      2.65401368      4.51985979      3.77919542      7.92580263      7.55647566      7.60616906      6.80967601      2.88447545      9.62322451      0.46178081      4.61510961      6.81117822      4.14693550      7.94947390      5.91345004      3.35834286      7.38883992      4.60489496
     2.26895625      8.79991677      3.62774389      5.05912537      2.65182152      7.57771901      1.03440657      9.92358212      7.77143388      0.74468700      9.73705260      8.01037434      3.23842574      5.92141402      0.48050817      5.19767659      0.61657415      9.45686244      9.73618023      6.76541671      2.82554675      7.41086165      5.90769781      3.23878776      4.96609283      6.35748595      2.39877697      5.81485465      3.36167473      2.54003839      6.67246646      7.20890033      5.74528184      1.64813901      8.55777990      0.18614601      2.42494549      9.88384112      5.44360999      6.62646636      9.06165799      7.55351153      4.43905431      5.28111168      1.04917999      9.41142037      8.66790208      3.95528391      0.17696058      1.10004141      4.42283440      3.51593250      7.49534504    667.81659188      7.04049952      0.63450336      3.13974284      6.53266241      7.39060293      3.34678180      8.02190474      5.93510325      2.26012658      9.29604935      4.36927619      2.38231668      4.46991626      9.47269610      3.35912007      0.11915752      4.54200959      0.96639761      2.93080772      0.73111137      8.74691745      1.76038471      6.98181160      1.59790491      2.44318160      1.45871946      0.58420703      0.13153275      4.03023227      1.78946818      6.82846775      7.54309682      5.85858237      5.95524456      6.50442173      0.43336820      4.20602015      8.82991955      2.01297606      9.49973469      4.85592936      1.12565511      6.18869839      5.32124666      2.44470815      9.28697366
     1.82879327      0.71172369      3.88010565      7.57356867      6.76746145      2.94146319      6.03388212      5.23540976      6.67927815      0.84073455      9.28628251      5.14747044      5.20650736      7.05443485      8.99791323      3.89920619      8.70545178      2.71195164      0.30720694      8.02971474      4.15735282      7.54297017      5.49446441      8.49002600      4.70771226      0.43564014      9.67518677      5.31179362      5.75618683      3.61046336      9.76097730      3.95016012      3.19473963      9.39160711      1.12379233      1.36288336      0.93902554      3.21960545      5.61954334      0.06820913      2.24974140      2.81489574      6.37393180      3.80192978      8.36931285      1.92797811      0.12338085      8.09598148      0.97833511      1.95841165      6.69676085      0.38012380      5.98987392      5.40351938    674.89002252      9.47623118      9.69648189      4.16343640      3.08415245      8.56573484      4.73891016      5.60976717      7.18396824      4.66227462      5.76634181      7.42284059      3.29926570      3.34999005      3.13236548      9.86670784      7.41809915      6.33258604      5.13074124      4.71523337      0.78147556      5.09170877      5.65481180      5.18488696      2.84820254      3.95246985      8.80510660      3.21824043      0.52266735      9.49537884      1.63503235      6.00541572      6.72877928      1.41805175      9.82560046      8.82510374      5.52202456      8.06658521      3.63145783      5.85612744      7.68124719      7.40362491      6.29424619      1.18165768      9.75772064      7.56225824
     7.76435758      9.44212679      2.09494603      1.77888970      9.72327633      9.36835864      7.48668156      7.82504085      4.04347993      2.27807554      3.22224453      0.94803594      3.33913399      2.39426451      9.31643775      2.70050282      1.70291002      1.39551879      3.99204704      1.51669163      0.17024731      2.96173701      5.13262376      1.93142854      5.39933865      0.33094555      2.57756175      4.35680017      0.35088180      0.13408447      9.80309474      2.63712505      0.91576076      4.52844879      2.00303196      2.49334486      9.87621088      2.69188474      4.48305940      0.46007225      6.25126632      1.71811545      0.32617479      7.61889494      4.21695823      7.22567524      5.66879927      2.73637445      0.61495692      5.66331779      7.41878353      3.15361338      9.11175073      4.02409586      2.28035476    574.50092161      0.57502157      7.42203605      6.61414273      3.45154825      5.15995058      0.53233544      3.06880428      6.76352096      7.28306310      0.36248622      3.28077411      0.44206803      0.60414937      6.94154248      8.86558287      7.96172119      4.34526260      5.30735040      5.97531945      7.56895812      2.34395751      6.77465397      7.88575308      9.14814134      9.27229821      4.57466933      9.66222430      2.58466919      2.62855185      3.78928290      3.46997888      7.37787401      6.43883669      6.77172776      0.70553390      9.19023623      6.19184381      6.29664366      7.45441372      3.86760761      3.87982645      5.26766610      2.98750892      2.64574326
     9.20152664      7.22909834      6.46245602      0.57940096      3.16214106      8.65950318      1.33777317      6.29615131      1.97134865      2.46913652      4.60670927      0.25687300      9.24212328      9.20669839      6.70571684      6.35708732      0.09386278      4.03908662      3.50291855      4.78020035      3.51965336      5.84774931      1.12606494      5.21648043      0.06989754      4.46949629      6.03883662      9.89516004      6.79649512      9.25635786      7.68023697      1.88651556      0.68545845      7.27044022      2.89660473      0.65590030      9.59092181      5.55917662      3.91694489      3.02106269      6.55255188      4.20588236      5.99743622      0.06263261      4.14081082      3.05358944      6.66107729      0.87509150      2.06754734      5.14692002      3.44682554      1.38243205      9.68427849      2.76675332      4.58801782      9.86917310    591.37169099      5.59738757      1.68081870      2.48795758      0.27313892      4.49580582      0.12497669      4.73352579      5.41655416      8.27022371      1.47296209      3.25269706      2.96403540      2.98039179      7.56814175      5.63508000      4.87654039      1.15223566      8.05276611      1.37875566      2.60616815      0.28649342      1.94471694      1.58226547      7.57260881      0.61919307      3.96625086      4.52060868      7.88562288      2.19380788      4.93024591      8.01201505      7.92883526      8.37430265      6.29617205      4.77845417      4.60379235      9.43343373      0.29564892      9.26817367      4.85274657      3.35853481      5.83901652      0.61577318
     1.35806074      8.57588085      5.18397410      2.03598503      8.77215828      1.60371350      4.49301879      4.07625002      3.50039947      6.05483355      5.95964703      8.99874736      8.10959701      2.79430730      6.46481587      0.92105826      2.85689765      4.30057355      6.03308939      4.69905058      5.20769846      7.44397158      5.19668758      6.25740778      2.72024174      8.11291502      7.29406340      0.11281893      4.46593327      9.13046663      4.21475167      5.59510701      3.17336828      2.98877165      3.18972034      0.70011763      2.65794715      2.36470974      1.42647578      1.56651100      8.84964882      9.80986253      3.80924804      2.90594768      1.75430916      0.26419933      1.68003204      3.76308004      5.62805478      5.07209435      0.33190451      4.89092888      0.16988832      6.34352058      2.75823313      7.64160097      2.35132198    538.33895390      3.20439138      8.79957937      4.45419445      9.63786768      1.59013642      0.10284989      8.50214786      1.22207571      3.63096198      4.31471845      2.04207112      3.52934908      3.27832809      7.88761222      2.31312295      0.02897520      5.91452875      2.45660954      6.13556728      0.39635388      7.08562767      8.38430997      0.77242372      0.54606623      2.83315502      2.96614848      1.87102477      6.45266164      9.32919240      7.45202320      9.00010343      7.23125994      0.69269255      3.52035296      6.31114320      7.64923236      1.74711743      4.35691063      9.38529816      0.53124876      1.83561384      3.23913882
     4.65360723      8.42612299      3.86947291      5.25837935      0.76474969      6.37159089      6.53095532      6.34187116      0.11992545      7.94525807      8.11434323      9.13320242      5.09013281      6.54912804      4.60463772      0.66155395      1.67506665      9.55488861      6.37781248      3.06471468      3.49777569      3.90479435      5.08397953      6.40906552      8.00991243      1.64844758      9.29529724      4.59632713      6.87878719      8.53654203      3.63566132      5.10530476      2.38464867      1.38415495      0.21295285      4.72659822      8.47030474      8.57040085      4.18590190      6.79331657      0.45534029      1.94422420      0.98683950      3.29668742      7.65170945      4.60555753      0.41908720      4.06531664      3.93755554      0.21664103      4.84379981      8.39629561      1.19260167      3.08928700      5.76360044      1.46849551      1.18464768      4.53878352    661.32984018      2.63199460      1.62769384      5.31001105      6.74088927      1.67226364      8.69788139      3.09076598      3.44846482      5.05439888      4.82264287      1.46801871      0.50850957      8.97974662      0.72357256      7.16104729      1.85696997      8.14034001      9.71905850      5.34946096      4.01679419      3.50892718      0.71691720      4.40792523      8.12140837      9.79400197      0.55403130      9.45703809      1.63934335      8.07079366      6.72254532      6.47219275      9.17338597      5.29160108      8.80508263      3.78452940      2.62952445      8.03208364      0.74887085      8.29243186      6.40119837      0.66091944
     5.98820723      2.78710691      9.58105240      2.00264312      3.04897747      7.83138657      2.96750750      5.48676376      1.01327603      7.45483873      5.87800223      5.89750249      7.01646006      8.86101436      3.74869821      4.60901932      4.66148441      2.61508791      0.18271573      9.62727343      0.78389451      3.27289114      8.17418838      6.08504097      4.93037976      7.26252305      7.64600880      2.81730799      1.36524971      9.79564648      4.62987504      9.76246260      9.29426487      6.23247468      0.24497435      4.30099452      4.99076256      1.88122003      0.93255661      9.95433801      9.33257216      4.83249528      1.36399135      2.15625779      6.30689964      5.64007368      3.40600785      2.21065242      6.09085830      8.91936015      8.96401847      0.92374938      2.90846475      3.88161891      1.48289758      9.66152647      0.54267990      0.92735853      6.00417977    703.01952963      0.63130354      1.91619491      7.88718588      5.42196724      3.59912014      9.27300041      5.28871589      2.70741517      6.48007170      5.97130424      1.47089745      7.03961879      8.94738911      7.75039144      2.21792599      0.02078699      1.69834889      7.81176369      6.52836712      5.86737327      5.30745460      3.97591567      3.22059696      2.40635192      7.89563999      3.63422319      6.79413723      8.98344646      9.90110317      8.75739108      9.20908898      1.13395859      5.33755723      5.85903796      7.48968019      4.82847838      6.81457642      4.18449367      6.65391985      8.40311839
     3.07509692      3.02958218      9.62584225      7.69644860      9.69347942      1.00594153      3.80161482      1.18860317      6.07285004      7.16146069      2.75855109      8.89798216      3.46818195      0.63351996      9.07149019      3.88625979      5.62131403      1.17627154      9.41129459      2.72403889      2.26298605      7.52788277      4.09587298      5.15940357      3.50978875      0.55859624      8.82834740      4.41786440      6.43957188      5.89433969      3.10550714      3.70548863      3.69267037      6.15679688      2.01560747      3.90074521      9.29553421      6.29731263      2.13455461      1.96983924      3.21918409      0.81263749      2.89840004      9.61546144      5.85866340      0.52241803      2.13603477      1.04913053      2.72746877      0.46039218      4.40293257      1.97692971      0.44390086      4.94779771      1.13359366      9.92795101      7.44620765      2.04738928      3.59785712      0.18355733    600.54919913      2.95030235      8.28038246      4.51574446      5.73521497      8.97011925      9.75040340      9.00339137      0.22745488      0.71055423      6.60112572      4.13966313      7.80523829      1.89218722      9.81339272      9.97528494      0.04043063      8.78594496      8.21475464      0.95193889      4.80982232      5.76675444      2.11874349      6.36694327      1.28346100      0.68724073      3.33903883      4.49673507      9.46678158      0.48300371      3.91538575      2.62139029      6.30642071      5.56956700      0.98758006      5.30486793      0.41847069      8.83108203      2.26887678      7.84593853
     1.99644943      6.16367346      6.56370643      7.09190636      1.62911870      0.14128515      2.28675169      4.09536699      2.20448981      4.45940520      5.69686626      3.40418539      4.76475457      9.46502344      7.06211293      3.69955974      3.52134607      9.36959480      8.83946828      0.44138409      0.05487059      9.28095435      9.48384353      7.77903145      4.18488032      8.30618991      4.01774638      4.11402886      9.88546715      6.74009285      9.36915578      8.82877308      0.29629136      1.59982139      2.60279176      2.39075641      7.75861195      9.13899382      8.10120383      3.16157562      1.24310144      4.80593144      4.41586306      1.20714230      7.38796893      2.39584325      2.03663646      1.58326479      3.61245001      8.29286381      1.42607876      3.33999872      7.97962335      8.46619024      8.22914554      2.64602219      5.12879238      3.65831036      1.49104987      2.89057679      7.19778048    644.05467153      6.75651976      3.76110048      9.10741367      5.57838489      2.90497489      8.56890771      7.32423071      2.86569595      9.08263731      1.03265118      3.87382098      0.59988134      2.66705319      9.45978621      3.40062684      3.73902826      7.82569642      5.09304427      0.64636667      8.68628934      0.22784619      4.51481110      9.46175101      0.95058140      4.81193201      5.94245268      1.50926248      8.43914069      7.67386544      7.15153785      8.14176493      3.19656714      1.75180793      2.87627552      3.79092709      2.46339400      6.01587856      2.46641302
     2.48630587      0.51280277      6.93260821      2.98995336      1.40738045      9.21898166      6.70079915      2.01581579      1.43365765      9.71310862      0.02905400      5.91059607      3.06467573      5.07739525      6.10713784      0.97416755      7.94835637      5.46828326      7.09974218      0.59534544      5.93881526      7.23109254      2.22152039      2.05058403      4.22046955      8.43799273      3.35827386      1.24415418      8.42746303      7.37929142      4.68834993      9.29630134      6.47557323      5.99929883      3.92374077      2.30044083      3.68029980      9.00882464      8.41189394      0.07252602      3.96022227      7.33235246      3.57758329      2.82797592      6.55884292      2.76872150      0.36658119      3.01356572      7.42117624      3.99134598      5.73930074      2.43362386      6.36874286      0.16297813      0.88050539      4.60338618      4.17163081      3.15338858      0.76884909      5.64112149      6.89595451      1.55881970    658.35724566      4.71281429      7.96729944      9.15890067      1.19461630      8.62458211      5.74860952      0.31966037      4.57521936      9.24193573      6.07760349      8.55259798      7.36450778      6.52515286      3.73160025      9.99945670      8.32215405      3.34059324      1.56864106      6.36325026      2.65776570      7.00704739      5.18418203      4.47923783      6.64328790      7.38191656      3.62982081      9.00585590      0.87269085      6.68027172      4.28164082      6.11804972      3.79879277      5.64638609      7.41811622      0.83644041      6.79907082      2.89736877
     0.37281321      9.88502188      2.40476023      4.34040983      3.23437638      3.61931556      0.32816323      1.70004994      0.44119193      6.53529181      2.71276748      1.30678073      1.02097607      6.69383868      6.97321263      3.46558728      1.95603154      2.81906065      7.70025230      8.58244979      7.92471606      5.72557580      3.40911439      2.93205207      0.80896868      6.35276988      4.51489155      4.08084477      2.72482324      5.69946278      8.43132563      6.67437593      4.63177332      9.71417018      0.64887488      2.34101899      7.21026988      0.29521691      3.04561169      4.07976242      7.34877519      7.07162242      7.90091763      7.72458787      8.85519610      5.28455664      4.44512436      4.43859294      4.61073207      2.29013903      5.22577502      8.26412764      1.96770371      9.98480758      8.42317470      5.90019552      6.95687020      5.30840250      2.73064759      0.92054015      0.82000891      3.11649664      7.31508893    597.60717324      1.91861638      7.66293314      5.33036611      6.37660161      5.31949167      4.28357380      9.54790764      4.55028452      2.19978196      0.70369880      9.58696858      0.74341213      6.01261050      1.79992253      0.06941415      7.61336476      3.56377301      4.70637314      0.24452574      4.67177307      9.06518662      6.23101187      8.73314168      2.31961964      9.87834534      4.54160319      1.36474827      0.03460162      7.55770043      9.04789506      1.02307479      9.79828780      9.37589586      6.84203195      6.98884714      2.06752012
     7.44028176      2.80063981      1.57002525      1.45080684      0.89572892      6.08184811      2.68678094      7.73755515      9.90348745      9.38075001      0.89919830      5.11960970      4.48662554      0.70791187      6.68179384      0.99802562      7.48234635      5.66552899      9.18335676      5.60586451      7.19827399      5.13616769      7.23217837      4.80187766      0.51582784      6.07854098      2.59272825      7.29713523      7.57876890      7.03781482      0.11420343      1.38218869      5.61607944      6.47248299      4.87232781      2.87807200      3.97658311      3.79433377      0.40370041      9.44792391      6.07723635      1.01278663      4.24773478      7.06234045      4.71398615      8.61091663      4.08232715      8.80785506      9.05122784      9.17139725      8.86780534      6.83102844      7.71247620      5.25154477      2.28862258      5.16608054      3.85887194      0.39736389      3.16380744      5.75404832      9.46310686      4.89650754      9.34539022      5.19680299    686.61731744      5.20342513      3.31467474      3.55361313      3.11527773      0.65512186      2.98102774      0.78523888      6.16685693      7.55426071      8.07699460      7.46345779      5.11919921      2.23460058      8.41952349      5.50693661      1.25409612      0.53886154      7.57754026      6.26095504      2.31101939      4.68878024      0.09209616      2.54500255      4.07666371      3.26167414      8.75353815      4.70774259      3.62935666      6.61038890      9.39115733      6.23921643      1.24413652      8.10122217      9.80462327      3.25609870
     9.02871960      9.70459740      4.03371287      4.47073851      7.59122759      1.10313304      1.99028949      3.60569834      2.10268680      2.36897778      0.76857814      3.83915189      6.25771309      9.31808528      3.80035996      8.42020108      8.14297356      4.10388175      8.55125518      8.45477344      6.80475076      2.40114941      3.80490899      3.81114658      4.66466031      3.83461311      8.31098768      7.76169009      7.95648542      8.44932959      0.90015522      3.15973597      7.84597873      5.46608677      9.63343507      3.07521134      9.47609315      4.53115902      2.18337377      3.14121173      7.60821990      5.33166902      6.02629043      2.11388549      9.24398232      0.23673705      1.92596038      7.16770484      4.64942256      0.54168888      1.92718986      2.24029414      2.54314446      1.59001917      1.69001367      6.92274256      9.32883756      4.33814571      6.87195790      4.12571877      3.18054819      2.65487999      1.68304219      7.90718818      7.43679449    642.09829051      9.94358814      8.38521951      9.75509451      8.62034333      8.59832039      7.61577488      4.94180235      5.37689879      3.02981788      5.49105658      9.23719950      0.50878113      9.57357739      5.39674038      6.70395746      2.88343183      2.80114838      5.69679631      0.11699410      7.04203706      1.11371247      7.96119510      0.73855046      4.71700171      7.92385765      6.47470393      5.92819042      0.80491735      1.79125771      8.39950147      3.40736214      5.09631007      7.96922574      8.86537026
     6.74623988      0.74203842      8.75201309      7.49050594      2.16091322      6.73098094      6.11066855      1.59129513      4.67887797      6.98035052      9.16853511      3.18341523      6.06926531      1.11908618      3.17365773      5.19881064      4.70209993      7.24894859      5.41157781      0.27573217      3.63821707      4.84914581      3.28706345      2.06227547      6.10092873      4.98623246      4.33363152      0.29644360      9.44661289      0.57309563      0.92460583      6.81888666      9.56538677      0.48733924      3.01095541      1.83751333      4.90588084      3.09692859      8.18358614      6.10447411      3.52161158      1.08211582      7.20372738      0.43228222      8.91222740      1.58821540      4.93370407      8.68295892      5.47402177      1.39364979      7.38563741      8.83204928      0.82759834      2.60519939      6.70487088      4.53675800      3.58221618      5.57788971      5.13508782      0.49583320      6.30398946      6.15451016      0.48645587      8.84834924      8.43301587      7.77986579    610.14766811      0.57097588      5.55282327      4.96815901      4.05430207      7.74869194      9.29531932      0.74762900      3.17048224      3.90381847      7.59495846      9.87599139      3.97252774      5.85176599      3.21035079      1.14571425      6.78697100      8.51528462      2.62530795      5.03374842      6.68047311      2.68228410      8.46246434      8.63478410      5.01784732      2.98073924      9.78626463      9.41634930      4.41276629      3.28964338      5.36711866      4.19116824      4.09430926      7.61343081
     9.24983530      1.66623870      2.61925871      5.71774242      0.07521308      2.75844725      6.58284049      4.52804966      1.11401627      4.72822269      1.04649628      9.69086039      3.46770022      0.87993002      1.20510521      2.49029607      0.96200397      2.90120494      7.04478196      7.94096923      4.21604095      5.32740363      6.30070849      2.87643354      1.29852956      7.43364386      9.38045378      8.24526688      6.55837772      7.19866068      4.35416092      8.92250220      7.83432368      2.54287618      3.28479446      3.03531270      8.30312703      1.12456809      0.45177482      2.32619443      2.29444324      3.29990742      6.11199897      5.82361608      1.33301306      9.91205067      4.33096890      1.00211511      0.88003295      4.25453042      5.78158306      8.46235305      9.27883330      1.99545630      9.75881237      2.06353216      4.17419551      2.15957448      8.06702456      8.33569812      1.23835229      0.10140557      0.62260988      9.70747032      5.33181525      0.73037372      7.66145505    623.52974284      4.96236046      4.17733375      6.89002090      2.42366817      1.49131454      9.04600442      8.53219744      9.75403889      5.76679050      1.39907134      4.41442093      3.85140202      1.29048220      0.28515442      3.86095899      7.07347026      2.64264055      4.35048212      0.59684016      4.03184860      1.34044195      7.06143505      0.25306677      5.35096913      1.37624107      0.50243413      2.09188050      7.74877839      9.33746828      2.13881537      2.71014171      2.24789569
     7.94640433      4.48335941      8.65589561      1.77606318      4.72222181      6.44312459      7.12456126      7.97567433      9.76327467      1.80524340      7.37340341      6.09723010      8.68012391      4.58276138      0.01168319      5.92025033      8.29069951      4.99642669      6.87609470      2.90563147      8.14616010      5.98983125      4.14229897      4.96360063      6.03226255      8.22275696      4.56329892      8.51103626      7.71644950      2.34471290      1.24306653      9.28593792      1.77322232      8.62871529      2.30935908      8.06986269      2.93075564      9.11431924      5.66294979      8.70914505      5.56180393      2.01714587      4.54389655      4.91116486      5.06286969      9.85269938      6.85769718      1.22355932      6.38041158      4.46525352      9.83316385      9.56418826      6.46604081      2.41402618      6.81559506      4.78305564      4.34285973      9.63693897      6.17272400      9.05752293      7.68420868      0.79208569      5.62804079      1.62274516      5.03978321      1.70551697      5.98645762      5.71808021    669.65466027      0.98716545      2.19068775      1.12823514      3.37061118      2.36462429      1.17503689      6.50120556      0.60514568      6.10211140      6.42750868      4.41267205      2.57124642      4.18602762      4.01511205      7.72724466      0.09831912      8.68614271      2.85287846      2.27388866      8.69931408      0.27910096      2.44407423      1.43674984      2.48412156      8.86177267      7.15285291      9.93341724      2.53266576      3.09624376      6.89625080      5.74398943
     5.65426715      8.21406771      3.41276266      8.74718480      8.79208933      7.34497715      1.94123846      4.34472316      8.61960026      8.18619159      5.78449997      3.15421032      2.99789091      4.04255626      1.76928426      6.93078340      4.70266059      5.94547890      7.53310230      2.51177940      3.85911987      3.56803910      8.19198548      5.31389992      6.97415757      7.12218049      1.59349055      6.60877471      3.16722734      4.35961107      9.10962213      2.14979591      8.10483900      1.88448056      6.84137427      7.94559170      3.51525101      6.83075361      7.96345157      1.26029499      1.55514994      1.37234397      6.56341364      3.40608417      4.19998735      9.12606904      2.66064894      6.33745873      4.88761457      3.62381837      9.50833582      3.34438850      0.39079834      8.85769699      7.39070881      0.17997636      3.20326077      5.47619569      2.69373071      2.18355790      6.43042585      1.82811761      1.21287307      8.41715702      1.59486355      5.24520701      1.22788414      3.95427979      6.40400548    691.58517731      4.00121857      7.72270369      0.14641368      1.93978010      4.60846579      3.99209142      6.96308640      1.97496165      8.69743795      6.81571496      9.16664280      4.14330653      6.68557746      1.72192735      7.76410616      9.64951775      1.06271672      4.99546702      5.76081368      6.52388574      7.94411733      4.82323559      3.48059299      9.08421077      7.64166872      8.47537101      0.03501213      3.19184122      4.97170667      4.14451352
     1.88624886      9.38852705      8.79076436      7.18003497      3.75542054      0.78296253      6.79012435      6.09573891      9.08958537      1.79920818      1.97017652      3.30943260      0.95767115      3.03144561      5.33916662      7.84383739      0.89823264      7.15301276      5.56794946      9.72004678      7.38954044      1.71449661      0.14823622      0.38501998      6.94444461      5.99213524      6.35913826      5.31380007      7.35644141      6.31519450      1.37813289      4.29986683      3.81502589      0.01508429      8.26001076      5.42144473      1.91495666      2.99110810      9.33875775      7.22306047      3.94846341      9.64186508      5.44251822      8.68085598      2.18181809      6.63144867      8.38936394      8.38436344      5.30334232      5.50524294      5.17349015      4.75176193      9.62744291      9.90279436      8.41487083      0.60345048      8.52441982      2.29626856      7.77495589      7.61397823      3.40342447      8.50545751      2.73782981      4.40916106      1.94879640      7.19196791      2.48075148      3.35460769      1.34978808      1.91648292    608.28686347      7.87586623      4.23861653      7.10988271      7.50884216      5.55845724      9.36916310      3.60574215      6.23208595      1.65047406      8.29836429      7.68720896      4.83864290      1.45154372      6.51517671      8.80556633      0.40721603      4.69753969      1.86406583      8.81675448      0.17459557      2.42645331      0.76649333      1.35528297      6.28495962      3.07933909      1.69103108      6.68282382      3.66987352      5.56066024
     3.47652251      3.66458724      5.67544268      6.64789850      9.56150450      0.10436841      0.23632702      6.76183259      9.62076341      7.13000461      8.46393548      9.42859749      4.63109443      3.42849885      6.89701059      1.47016965      6.03170259      1.92196283      7.98721722      0.29912479      4.32643010      8.35583710      9.90370367      1.95506571      0.51538152      8.37287982      1.48338209      3.68825902      9.04360102      6.45643540      1.62250295      2.83178419      3.45187380      6.09463505      2.18632869      7.57909770      5.41952091      0.07833538      9.68108614      3.05050164      2.11118356      0.12585229      6.99826759      7.11430300      9.12742981      6.15689591      1.60367002      6.07624804      8.20160971      1.43893601      1.15963508      3.62152528      3.14433673      7.87176614      8.52773844      6.23585589      6.68902592      0.61600607      3.73482654      8.45752135      5.44301191      2.40084972      1.22243673      9.21145323      3.01636326      2.30404173      5.37634289      6.67636538      9.27622867      4.10498855      1.39874714    656.02343128      3.15734224      5.12378638      8.14943224      9.98008120      5.25489347      7.16566107      2.25508566      6.95802637      2.86291508      2.81751220      4.89161480      3.16569499      6.04359796      5.44874419      8.35532924      7.38706125      8.59384006      7.33818827      3.21172050      3.85664900      8.13975134      7.98565387      4.53010288      5.36096761      8.67372576      3.58389255      8.54611174      9.01058468
     4.45481563      3.48416868      4.34776978      0.98686033      9.25213472      1.23120903      4.97412833      5.83345911      0.35205445      3.43227672      1.51406903      7.98603411      2.17132248      3.54426096      0.10751815      0.77415809      6.70810344      0.31862578      4.52261225      2.76026609      0.03833618      1.41706164      7.25615266      3.37336508      0.04876446      0.77328441      3.03322911      9.29244119      5.19164590      8.51395586      1.23223254      9.15270510      1.92332699      9.51147838      7.50373583      6.62875724      5.12141205      3.08900058      2.54845147      9.17956678      3.44890670      3.77340865      2.85387335      3.77928808      7.90430536      3.80270994      4.69447679      7.81777171      9.54755708      8.97421589      3.10844307      1.74914730      8.12763035      8.55253571      2.60455812      4.99197363      5.56403247      8.68132049      7.44792397      8.84107514      7.51123460      5.33732084      0.44526343      9.28210507      0.41808350      6.33768290      2.66406266      0.32072157      5.53208529      4.52985319      9.40169752      4.89944044    633.38570495      8.30554304      7.14350985      1.03369903      7.81375077      9.82336574      3.98467437      1.64566102      2.42841519      6.78130040      0.60857395      9.79176797      5.54693960      8.63729544      8.68801464      0.05493530      2.41579268      9.93847885      7.54706416      3.46046515      1.37098959      5.07997688      8.76607515      3.76821223      3.46011152      8.92526747      4.53432325      9.99206582
     0.94778728      7.39580703      2.35486804      2.29310675      4.06870081      4.20263828      8.91525827      8.20746991      7.55991966      5.98791474      3.48047740      7.53554245      5.63153743      6.40536529      1.89940872      1.86092642      1.26605514      7.34652034      9.96946349      2.32145378      4.50213045      0.69288821      8.69048236      6.59565900      6.31286320      5.11736002      2.67805024      7.21191316      0.06875067      0.91730866      8.06921753      4.24637046      0.97390981      5.00152564      9.06772926      9.20342696      1.78614446      9.05068743      9.15029315      1.11788774      5.18091468      6.04931718      7.49797322      1.09729059      9.30214470      7.71264555      1.35894546      8.14016301      5.14602972      3.04603344      5.31602788      3.36211060      6.16528272      0.41473215      3.49532918      7.34336093      0.08452211      8.63903311      2.55534216      5.41856032      6.40582914      8.55991402      0.33791688      2.62117128      8.15007847      5.92273867      5.52681788      5.19991030      7.02252828      5.80465304      8.71877423      7.72721760      6.76827327    665.75428883      6.47300155      0.39489852      7.41159381      9.86746932      5.44019018      6.24910047      5.89471274      0.40200699      2.90635818      9.66049924      9.92356887      3.81437021      7.08211212      1.64803803      7.93944131      3.41705795      3.73123155      3.73132489      2.13279547      6.47143996      3.22015876      8.15704064      9.80029701      1.11776954      6.59246701      3.78257659
     0.89670837      6.00744215      0.78031921      7.86647107      9.44093091      5.32467110      3.71705477      2.52716556      5.26950342      4.67318210      8.86564237      0.03823842      1.19159251      6.08332830      0.00514685      4.14313132      9.32905749      9.37735013      0.92745542      9.52551399      9.88280685      0.68721423      0.87859119      1.54108471      5.07664793      1.06554099      8.79755847      2.35412287      7.48059886      9.75350124      4.18590007      4.17096134      7.61789080      3.44447898      6.00274207      8.28464578      3.66458863      3.10840589      2.83452234      7.79773653      8.62422151      8.47217754      9.50025714      6.98757270      5.23321634      7.91599040      6.43425175      5.76005001      0.67484518      9.98801867      2.38416238      2.31164946      3.98797261      6.03741850      7.63754795      1.99706130      0.99085609      6.76644507      8.32993335      9.18182622      5.48191851      8.67675872      5.79706892      3.37809278      1.01756696      7.62433383      0.31325779      0.76972976      9.21239859      2.02153446      3.86509586      9.58848143      7.36104779      2.23388795    650.35416373      9.66277504      1.80991653      9.24358097      3.21986480      4.32384537      1.65274630      7.87982308      3.85961649      3.11390840      4.51871212      8.16335624      7.48324483      4.81223967      3.36999369      0.02234110      8.82034277      5.83665214      7.54795013      8.51058272      7.74586214      0.77336685      4.01588029      8.34981004      6.77224603      7.27969492
     9.36185152      0.03510587      5.97311815      9.60793332      6.80203836      6.30337797      6.29362531      2.79194726      3.41414178      3.05086383      2.67095969      1.74391888      7.80974804      5.21995689      8.34404634      9.10650924      1.89576391      8.72320018      2.90702376      9.52950153      1.03377685      9.40904576      3.00520586      3.54462396      6.77345883      0.03262258      4.17042240      8.41352541      5.79493027      7.55045930      3.27102306      7.61169731      0.35917639      8.80817783      1.40553823      5.06507948      4.17748314      6.93314848      8.92475613      8.24654432      0.99362580      7.10906039      8.71729383      9.80176270      2.62335476      5.06012689      1.65594655      6.31781462      6.44599636      8.14734917      0.94794543      8.54233525      3.20081109      8.15778288      5.51270512      6.02931979      0.18568045      8.61008198      0.49092645      2.02468771      3.75283233      3.74754169      9.17561195      0.25255030      7.75034869      7.19859924      7.48910652      0.00775105      9.16109924      9.10092051      7.09817001      9.56182059      2.32948019      9.17502710      3.91258879    692.33349420      1.96080271      3.61550644      5.40234265      5.76685010      9.47494221      2.87851038      9.63366577      6.60882010      5.94134062      2.27983269      4.04895943      8.61231903      7.03485548      9.04776260      8.32242163      4.54906428      6.06541745      0.36741771      3.09755583      9.11989432      8.29322256      9.96784239      4.49811622      8.67668460
     2.74049741      0.92211532      4.63746182      8.48876733      7.05059198      6.44724550      4.96304959      3.54356567      3.11322511      6.01628364      7.73373498      7.48768962      1.05692260      6.19039601      1.69955448      4.79885440      1.93523637      7.33914844      5.13556618      9.72326174      4.14899202      5.62070956      3.65018589      4.36461111      0.35215298      9.96928738      7.07199368      7.44029983      4.68886434      1.11572963      3.25952238      9.57248418      7.69261316      7.55436489      9.16630353      0.93498730      7.90301825      9.56466419      6.46322597      1.61218574      2.37483384      3.70367106      8.15320162      0.87701309      4.11278884      0.38680920      5.56703832      0.00268773      0.74152656      2.87020909      9.99087199      9.76471726      8.44186606      2.15513348      7.39572662      9.90116691      0.78717999      6.62176193      8.55165091      7.48053081      9.60241924      8.57705835      6.68278950      9.71323815      4.58383500      7.82194588      2.24634945      5.53546917      3.03124677      2.62569149      2.37282330      6.61649212      9.23399788      7.07782544      4.95035843      2.14289608    611.31584071      3.94022891      8.64784201      0.07140706      3.51974506      7.06158572      4.92413599      4.26262233      3.32522285      0.54799527      0.78186452      3.33977819      0.59859540      1.35523355      4.05751431      7.11589209      5.34889101      0.11352909      4.96647300      5.96881309      4.77170572      1.97578074      8.07635167      0.03903447
     0.51723092      5.59865800      6.69316143      8.12405344      0.87797637      6.58437835      9.85872097      5.22978957      0.81939941      6.42668185      5.84431967      7.92113101      5.64164369      1.75592151      9.78219780      3.39378904      6.23984465      4.02238665      0.33516323      7.53477476      4.42675488      0.56482107      1.44096981      6.96922207      2.79490544      2.63810493      7.50313947      1.58652667      2.62938034      7.75352925      7.70711818      1.08223307      3.42342218      3.39666106      4.61540907      9.09393455      1.97473837      2.20908267      8.57786203      5.29936640      5.77590308      6.84117764      7.32469924      7.93477635      9.07600268      2.40135733      0.06008962      0.50697395      9.27858375      0.40794152      3.52798957      0.78729752      7.10145342      4.40605921      0.74448386      8.86222838      6.87568800      4.14397134      3.89434116      3.80975761      3.57561396      4.05767501      6.36771431      0.69616925      7.51883761      1.55945442      5.05094041      5.25903264      7.93686170      3.63250410      3.37813447      4.53825733      2.19928316      4.41651132      1.32290369      6.60110721      2.01423769    568.89767653      8.19688196      5.20090501      7.42866663      4.37832357      8.63694417      4.52834530      7.36112358      6.96876005      7.68082734      8.48875473      5.06010665      4.32818294      4.86748195      5.31007564      4.01943562      9.65795943      1.93439332      5.05673382      0.65970543      3.13243401      2.54675336      0.35319235
     4.81910128      9.14090898      0.59061907      1.98045331      4.31697042      3.09457285      0.03160604      3.44684662      8.92582126      9.53371838      5.01615985      3.76055430      1.18757602      4.16273084      2.32993574      4.32330897      8.72086464      1.85660705      4.17706361      9.94831120      2.19389140      7.77175380      9.99688562      1.29285044      2.92038214      4.86503447      4.70999411      8.89576656      8.12957010      0.71385484      2.21318372      8.62034079      5.67479903      0.11763540      0.83562761      6.80353001      6.58325152      5.30677456      1.23169879      3.29607330      2.11445769      1.36252747      7.16846576      5.19659826      8.04511139      0.19748374      7.47087560      9.14044572      5.49827907      0.11763492      7.24299889      2.06367452      7.93216439      0.01096645      2.92714280      3.01130101      0.44148946      6.35646522      7.80699152      9.72567972      2.72608420      5.91154544      0.83912284      4.33023939      4.33854806      7.69788985      1.53986408      0.04228475      6.19718474      6.86430363      3.29390595      6.91945931      0.39500392      9.66300532      7.78369549      1.56761134      7.44570524      3.50670000    640.50391539      8.99502843      3.99131830      2.60641223      9.98102742      1.88696979      4.57990723      2.21721444      5.08543348      5.02377623      7.36419557      5.09399583      5.43523674      8.62306596      3.79698900      0.63512293      1.93761411      1.65654708      2.25341762      3.30951346      2.40241046      3.81635281
     6.02824001      0.42607226      7.57043073      2.70515825      9.70508239      0.50300856      7.93884809      6.44610684      4.83881303      4.33798142      1.41194203      4.25360891      2.25947885      2.06643245      4.42762798      3.04768320      1.56176226      5.41319987      6.95192806      0.57255165      9.58455801      4.32582951      8.28273540      0.07191102      0.70933378      1.42217690      6.51598522      4.09847316      0.22773228      5.62219616      2.18451147      5.84784122      7.57261569      4.90296471      1.55341727      9.04725215      7.78234664      8.08563196      8.67055638      4.21462011      1.97250944      2.04739553      2.20717528      9.94764569      0.94424795      7.53919395      4.66282225      9.12978198      1.96992086      4.65556645      9.94836352      9.20688513      7.13956351      5.64301135      3.71652679      0.82599797      4.32827147      6.64104543      5.80003491      3.69217834      9.68388812      1.52614931      5.76986132      8.61655261      4.04736697      8.68360450      8.41021500      0.64624313      8.12239804      8.24876355      0.30108529      1.10782949      9.96401653      2.87900003      0.60449967      3.37766698      9.46449083      4.71034446      5.94922499    616.06198213      7.20101165      3.36024748      1.40613610      9.46168345      1.38701891      8.95865497      3.63538795      2.81870655      6.04347887      6.73184383      9.94340059      9.75574907      0.30328001      7.04788248      3.70379003      8.37412353      4.67320232      9.21232041      8.57418644      6.68346263
     5.50581061      3.92378528      3.97208761      0.81923634      8.42256573      0.02753108      3.42221373      6.05446659      5.09789044      3.24607393      0.93731912      9.32947835      0.32528380      2.85969091      1.62253763      4.13125720      6.68426717      3.53316239      3.00495524      5.58261068      4.52904203      5.28730125      1.36938539      0.55448317      9.83498950      4.70238133      1.55170764      0.86237981      2.82410417      2.95790727      6.93763594      8.22118403      3.41608014      0.27147017      0.95674698      2.06763240      6.73448504      2.64666476      7.38319573      7.37704261      5.23386261      8.41732532      1.62977395      7.97294013      0.76461863      8.65955492      7.49388582      6.43998455      2.10697238      5.37551399      4.53249896      2.36757755      2.58393469      3.41190820      7.66642387      9.79149297      2.74580210      3.52106482      0.39553182      3.15505880      6.13179099      3.70106431      0.04187439      3.13281498      5.13918616      3.16508038      6.06593759      7.62923108      8.42935347      3.45436588      7.41663202      9.30626221      5.15542750      0.30368100      1.03094085      4.91192713      5.26977361      4.96736365      5.65508245      0.00128529    606.79429280      7.24227471      3.69294499      3.63361369      4.59880969      4.13718701      7.43581001      3.54341053      7.25101577      7.83284902      4.99795567      6.15892750      2.77383689      6.05476961      6.52370352      3.63127027      9.91248867      3.25692158      0.83962611      6.59356149
     0.51542535      2.95695368      7.28769460      8.18308592      1.71947726      2.94200642      5.43317562      8.90878608      3.89051842      9.33993406      2.31170443      8.35314501      4.36118241      0.82443129      6.76484564      2.78310444      4.99948013      6.94625940      6.96733629      5.52506180      2.72203111      7.68258248      9.46398324      6.99897640      1.86678829      7.12200467      9.60972867      9.15683840      9.47487079      4.60872666      9.02476917      8.50087430      6.04667382      4.32482043      9.78233627      2.17038933      2.45239337      4.42457396      3.84399215      9.83922638      0.18078314      1.89246809      6.01349932      8.14310358      3.90057532      6.56819029      4.00838611      6.59567804      9.74430827      3.61389455      6.19668534      6.17984577      6.31892884      2.58327480      4.06213094      9.67173001      6.51483325      1.94805015      7.42845322      2.65861252      0.77241756      8.95829584      2.93609818      9.25930332      0.24173052      7.78364251      2.73598227      7.40854426      6.02358014      8.87323242      5.15692365      6.65341300      2.49777504      9.60330517      0.10820320      4.42080524      2.54944737      5.48016264      0.01593760      1.69293044      4.10727493    705.50439660      1.25755179      2.78356772      2.89105605      8.96050269      4.86455566      0.53196178      4.94418725      9.94006354      7.06578541      8.91291918      9.02499120      6.56223954      4.09423672      2.82624589      8.27095434      6.61597295      3.33220048      7.15770595
     8.97099769      4.31523511      4.64158070      2.81954731      2.36142946      7.44102909      5.22254992      9.11496755      9.24908656      7.48041806      7.01616668      9.79025789      8.59266849      8.91662088      9.14824423      0.05400411      6.29507087      5.93915848      3.30484982      5.95664096      6.97217808      1.76430372      1.23401232      9.89135459      5.91877407      4.39851766      1.44255636      3.04888313      6.33322479      3.15777959      3.31934086      6.93128467      6.31753355      2.74257604      3.32900529      1.05427945      9.11224954      9.21641629      0.45523158      8.85026673      8.80184425      9.56857384      1.68415735      0.72999771      2.09541654      7.01130279      1.83528665      3.39614290      0.00611233      9.64660687      6.29156057      7.64789085      8.91946826      9.56959810      0.78165441      0.21844430      1.49039215      6.09847800      6.54205131      8.85169183      8.99911658      5.76950680      3.31406053      4.79904648      5.19055254      0.44434962      7.62276943      0.63674237      7.62683815      5.10384135      6.70704942      6.25889070      0.14639869      9.90476662      8.29629727      2.45829027      2.07933542      4.53961266      3.76456169      3.30104325      3.98479520      4.62609492    675.56733127      8.35713049      6.55741773      5.83672010      3.54004016      6.53577879      6.34923459      7.76511664      7.91185289      1.13332945      0.59068196      4.42481492      9.21899514      9.89284137      8.10816836      8.36818701      5.04653422      0.35418249
     1.86142313      1.04618257      7.79804659      1.31992700      9.72111272      0.91605091      8.57535459      0.25290230      6.41397856      6.36652485      9.85050443      1.86756044      0.97455686      9.34661900      5.08134108      2.49522662      8.85509821      5.86337797      0.45627839      0.98849853      1.62871893      8.43428281      8.93592071      5.36374392      0.31525829      3.71567541      1.88843411      7.02197144      4.06279088      6.60857568      2.56190790      7.63130162      0.16938568      7.76887893      7.51281086      4.95318320      5.56222241      0.10411080      6.42334548      2.22658591      7.20512471      6.26826181      4.92271087      9.49199185      5.26281832      8.62622700      5.05771933      1.13120851      5.65973169      4.99965068      0.84806333      5.62102798      2.58587061      4.63038066      7.53711679      8.28151149      1.46347552      2.58620736      3.55010549      7.93451225      7.18187049      7.65384508      1.01934750      9.48487488      8.67840735      1.64661038      1.10593932      5.32915939      6.19964485      6.42257180      6.37494396      1.49049071      4.28903959      7.15582496      8.00264199      1.21134617      6.02951300      8.57502503      5.77928646      2.60253804      9.86484111      3.14970088      3.88427109    647.06995669      6.13614269      6.11138779      2.66676767      9.13039336      0.74858045      0.60771425      1.38120071      1.38503961      1.51052657      2.69591359      0.15635033      0.56202396      7.38328456      7.25164172      7.43373879      0.99655153
     4.93698458      0.43850157      7.74005051      4.71781160      6.52392335      2.23059987      9.78260291      5.73798692      5.19672619      4.51578953      4.69589458      3.19705017      6.06067944      6.96385908      1.51105792      6.64583224      9.46059331      4.89787115      5.94616267      6.25593982      3.54580932      9.36153617      2.55057037      6.68370918      4.55325234      4.86118828      4.33889148      4.20593721      4.53821414      8.05388357      3.42204318      5.42197789      7.54812060      7.29720199      6.73904862      3.20663770      3.71310913      9.91580209      8.57393447      4.18289447      8.77855682      1.97051541      7.29673077      5.91591790      0.56278787      7.83946270      6.60169472      3.35281031      2.75085936      4.79147345      9.04592592      7.32798190      1.58237200      1.28882668      2.30573937      6.11609533      4.90766564      3.39140044      0.12283671      0.19222617      5.01369629      3.65962476      8.87309666      2.12957561      8.16893641      7.13101112      6.33176547      8.02251673      9.45789521      3.91564991      8.36663640      5.70915506      5.24314154      1.05668648      6.30505550      6.21524580      7.58205116      5.85831613      7.29881515      6.12956786      5.97456112      0.76844362      6.75146770      9.20191988    631.27754592      4.21124549      0.66539217      4.94669060      8.81162757      5.90523349      3.85312201      5.37500763      8.90755361      5.75911498      8.59600197      2.99421712      2.29135559      6.91127835      8.55901500      0.44199530
     3.90609476      3.51236844      6.76677100      7.13618469      1.26767335      3.40490278      4.28251535      9.51561926      3.87603111      2.24083899      4.53434541      6.22021044      5.13338031      5.61145597      8.45786702      4.13319330      3.80441527      1.32433546      3.81555872      2.06865696      5.99854039      8.70949565      4.92582985      7.68608466      9.11333074      7.97444767      6.66011034      6.42248661      7.50333267      7.15870643      1.82801663      0.67787626      6.24833850      5.16294610      1.98958516      7.55612409      5.72465441      7.93334309      9.76079872      9.62771630      2.58690183      4.52787614      4.21591075      4.94445171      0.65433186      6.06975631      7.05063593      0.25051614      0.68784237      1.48824089      9.66045148      7.17868396      6.81470107      8.45011371      4.67794216      3.53111766      3.05104039      3.31659334      4.19388308      6.43350911      1.96873895      8.52163736      4.54811598      7.24102191      3.72187266      4.11495820      2.52160759      8.16494149      9.62292499      0.34052503      4.56114820      2.63253398      5.52450803      4.69120394      5.09664046      3.29525616      7.09061931      4.83912183      8.25643793      6.27964858      3.33776095      2.41893943      6.46533529      0.09415551      0.14310427    685.48090565      3.69628130      4.86232910      1.37671521      1.87445566      5.12460404      8.33812525      7.29676655      4.86364376      6.25288765      3.87056127      8.46157080      1.12367519      2.58345089      2.58852706
     4.69496109      9.85605331      4.46849815      2.24148500      3.57469255      7.26832763      4.69526506      2.45555573      7.45263289      6.17488329      5.68870312      2.32374031      7.50308716      8.19161355      1.79334465      1.98483497      0.91811662      1.41568010      0.43015164      6.78253223      4.19636655      3.59817539      9.03816400      1.65727069      1.45074318      1.95810377      4.88505576      8.68273163      8.37060938      0.60316561      8.36375433      4.70630424      0.23479203      3.69763264      0.80813076      5.21704886      2.86746636      9.91454309      3.22423136      2.96865659      5.15842320      1.49048171      7.49239730      6.92394537      6.50877091      1.75486241      3.41940571      8.80932742      0.15710627      0.92196368      0.81643680      1.14946526      9.47854886      3.22258915      6.34222137      9.50315575      1.55744495      3.19697779      8.22310214      2.19035855      0.75486573      5.45877800      7.92403794      4.76578179      0.08444440      8.58533384      8.20823412      4.19994766      6.29861361      2.61727155      4.99804336      0.98012894      8.28309611      9.19842619      3.95532997      8.18378170      9.00159441      6.60762962      4.03154645      8.75861102      2.76752520      0.84960701      8.94116738      0.45549927      9.47166682      5.14269954    580.74877446      1.50164679      6.09087255      7.26555916      8.05494929      5.85797414      1.51909200      4.29981811      4.61594606      7.03948772      1.25870056      3.04098379      2.49260137      5.15587191
     4.48754243      9.94454329      1.42322919      8.63135538      6.81147460      3.83929907      3.95450745      7.02473095      9.38955843      4.77658158      2.40044706      9.63659047      2.07504542      7.24765755      2.71735561      4.02628671      9.44910189      4.03216761      1.73235604      0.54400271      2.07160325      4.80053751      7.22106500      8.52752441      2.24019145      5.33901081      6.40349486      0.52117397      3.73082576      4.58097734      4.80036162      8.53951691      6.48879573      7.49015110      7.09949623      4.25566455      6.04000160      3.27870799      9.35924779      2.98051573      5.33583902      3.55447306      5.50338326      4.16336591      9.26176728      8.03398741      5.72354257      0.29089230      6.08950789      4.43359333      1.35181052      4.09592763      6.85335240      6.42010147      6.41314511      2.41926738      9.31214620      6.61115381      5.42472906      3.56081090      0.69124358      2.00123824      5.13427849      4.97044785      4.93375045      7.19937897      8.05195682      8.40522941      9.37947777      5.21061759      8.01427821      5.06336230      2.43394932      9.84611469      3.26736576      7.29752914      9.23837242      1.68506567      4.55996978      9.23376102      5.27829401      1.41534650      3.87653669      9.04811605      4.45663028      2.68735662      3.10007178    694.52426387      6.18835517      3.72378443      5.82907030      1.22678990      6.92162383      7.05596357      8.53072051      9.53327417      0.48067389      0.77182400      5.19930132      9.75100628
     4.87071253      7.73765781      4.55763981      8.04334402      8.83353544      1.44588765      4.03449482      8.35370872      7.49275243      2.53311449      7.33355047      4.55476298      1.90092377      7.99047374      5.42099670      4.40035608      3.08620004      7.66619731      8.14903220      8.42055293      4.40138607      2.93623251      7.60427345      5.76038663      0.02541659      5.95852889      1.30439664      5.51886342      5.21916163      9.63004603      9.82682173      4.84682606      6.31818550      2.95565590      5.86743402      2.86358795      5.19993772      0.14505453      7.52442254      6.79068143      3.66296668      2.82869803      7.94433124      8.16736941      0.62332120      5.86404997      1.28129155      0.90595859      0.54310591      8.30942327      0.62127864      0.03682410      8.46114360      1.68133328      4.07988462      9.89412222      6.03323314      8.92418303      9.87644678      6.97163465      7.95384167      1.57801725      3.59063017      4.53214423      6.83945945      7.35987961      9.90052287      6.19221929      3.00838831      4.87670745      2.11049827      3.31952282      1.27012746      7.18223722      1.11220507      4.79200746      6.80157563      6.85047797      6.09888616      9.11343879      6.98555150      3.81849544      2.39495771      9.76903486      3.33872896      7.51132400      4.25344983      6.66038645    620.36324255      0.41881100      7.63993636      2.83996308      2.31683003      1.28793028      1.22814916      5.00772183      2.28060779      5.36589885      4.29689948      4.23552169
     4.32801165      6.58872551      5.34481383      2.44435976      3.79402741      5.87292696      6.31808150      6.73734572      9.49052869      1.62867812      9.37006794      8.82844749      9.57609672      1.78700408      4.95795286      2.29207151      4.44755159      5.03285576      9.79799978      5.15793015      5.41923659      6.71181054      4.28891795      8.70994277      4.38502099      7.18660739      9.52821016      8.52660678      9.45977771      8.25377065      8.27307408      2.57716601      5.51973465      7.06777846      1.01556905      4.29220322      8.61628691      0.55623228      5.84147229      2.49979053      0.22286991      0.21823593      7.61974779      1.70061458      5.30676041      0.37688367      2.63150906      5.49244254      3.97420472      7.99406620      7.97141415      8.00798270      3.40957523      2.09621314      9.03387144      5.02338235      6.51524918      3.93544232      1.28877761      0.31355171      3.12573126      3.21788009      2.88161827      8.78305447      1.20192740      4.27959376      4.55156514      3.96504532      2.39661022      8.34875213      9.43446961      0.06559754      2.38571603      8.57364609      0.84900730      5.94884713      0.87591101      1.94160267      1.90477760      6.55043860      2.11858433      9.83308695      8.61449796      0.62640918      3.55811864      4.49394013      1.04815806      6.03639990      9.07152749    642.58738620      8.42524475      8.63870163      5.75872977      4.61166964      2.77597583      4.27025089      1.62669705      9.93775693      7.81832994      7.65931842
     3.52124315      3.83441955      6.47497723      7.78950845      0.57655824      4.96372342      9.87656887      5.74465764      6.01257736      0.97807608      2.42378051      3.40623089      1.90519503      0.57640613      5.93243323      7.93225648      7.91369299      9.55826757      5.43649273      8.00583841      5.53747827      5.81737786      4.84759580      8.97488929      9.07537529      4.20010568      0.82609682      0.13003924      3.26896381      5.41683875      3.04702421      2.05265955      8.32959665      2.23269135      3.82243403      2.34796713      2.26811600      3.45339864      5.72974912      4.60446457      9.99284784      1.40121582      7.25794638      3.10116129      4.51646987      7.71440961      5.07907715      4.64622319      1.53414272      2.45699410      1.59140499      6.08002965      7.37407304      0.32223772      2.92084737      7.29538147      5.48985510      8.69869291      8.20837008      2.69431799      9.37459829      7.00601571      6.51094754      0.46794121      7.62801665      3.64776743      7.43104896      7.72815562      4.77730189      4.61260142      1.45801338      7.90325657      7.35117864      8.98715441      0.46648783      7.05585049      8.46071882      9.54178042      5.66873815      0.04863170      0.63413743      1.09648350      4.74850506      1.95850055      7.43379828      4.84071662      1.01405308      9.05329104      2.14931687      6.69315377    613.99314402      7.11404456      1.55302647      0.73937799      5.60716782      0.63355481      7.09537881      5.01335470      5.47408589      4.84180850
     5.05360049      1.78948838      2.47293311      8.49104717      1.97272534      3.00649158      8.70559038      8.76768421      3.50270514      1.30728366      5.07231733      9.50308700      9.30923551      2.76483303      1.81869640      2.12771848      1.36844807      5.54778397      8.66004420      5.67929505      5.89958910      7.74432796      8.73290086      6.12230403      9.08154845      7.46973230      1.58554523      4.20184551      1.95663275      7.89641013      7.10698493      1.61807391      5.05926294      9.96092741      7.05184641      7.35445550      4.60669161      6.99233779      5.99678833      3.39652018      2.38948990      3.42969396      8.83979456      4.27336981      5.48930884      5.17435027      9.08137692      7.32552111      0.08497460      5.15229381      4.86061890      5.99367171      4.43565430      7.08349155      0.26804151      7.82658487      4.46836955      8.67413295      5.20805306      6.66689595      4.45998230      9.52411688      8.69992034      0.10356466      0.59592157      2.87838468      6.91829086      8.15333887      9.75733832      4.56056829      7.06805994      1.53708633      0.24633707      5.22503246      5.42077022      1.34512110      1.19635483      0.98187537      4.16672822      8.57716129      1.00988057      8.96879720      4.36407446      3.26475502      3.05798990      6.90185112      6.71832622      3.66068572      3.37391367      2.66526921      1.77794768    683.89945638      5.34732239      5.93955606      4.32948978      0.13315835      9.45387876      0.41851316      4.79348148      8.95384116
     4.16670901      8.62529568      6.62472866      3.56892771      4.42563133      1.66224229      9.42374228      2.92685164      7.15971264      6.00247405      0.92279420      4.58422197      2.85661998      9.25257165      4.21930511      8.54148090      6.98355782      5.00835949      1.79969748      6.48464341      0.25524437      2.27739026      6.29489474      1.13148727      0.76881919      9.69696595      5.66897414      0.97377907      5.93696599      8.32406203      4.06480350      7.31285561      5.24068514      7.02183202      8.90687442      8.74059055      6.00710469      8.89735381      0.49098809      2.01340209      1.68852104      9.36624286      4.28847686      0.28728751      3.47678753      8.56916462      4.30900558      0.80313848      0.31967668      1.23701048      2.21674576      1.10132428      7.13350259      8.58705612      4.67883403      2.37625291      6.08916048      3.24111464      9.28221963      5.81394956      2.90349747      6.46897103      2.02334597      0.66632480      9.85303421      6.88258265      4.64954274      3.14895174      4.86678938      4.13224953      6.23990312      8.77314865      3.28453399      6.35860955      3.82643798      9.52444802      1.71887615      6.27759114      9.17865580      7.87876378      1.04978913      1.61254047      6.41212268      9.87480421      5.46538799      7.68572164      3.62200638      6.53992609      7.45787702      8.62106168      0.56347537      0.97711734    666.65732285      9.65116113      9.71305816      8.18117797      9.78395698      6.12762223      3.71455505      6.62601837
     9.53686336      7.54719936      4.91810404      5.99372565      9.01004482      2.17458818      9.49150218      5.17179820      1.41809555      9.61834898      6.15392646      3.36709366      0.14689389      6.28615510      2.45956111      7.56779815      6.57833202      3.45819226      6.66937344      0.28586630      2.07128000      3.79149922      6.92232086      7.55809776      3.33734348      9.01880627      0.90569878      7.11173970      1.10127542      4.00097474      3.13253134      7.81463665      3.88522374      0.97377143      3.06962318      0.67578003      4.87739066      9.10770246      7.43291668      8.97891241      2.02907927      4.53290117      4.11204505      6.13971524      6.24489911      4.30715620      1.66950962      7.89128217      2.37287644      0.44432334      5.24502601      3.69551884      9.84983085      0.73142953      5.46202102      4.04861956      1.82087185      4.82730643      8.40522315      5.94074654      4.20281985      0.44090229      3.18153727      2.95288340      5.97146682      4.15681824      1.29897694      6.85411323      5.42473023      0.13835585      4.77248233      4.47633653      4.25579588      7.63938103      2.65752934      4.37876893      5.48377179      1.40629230      7.29160900      5.73134606      6.70176127      4.64673456      8.50044745      7.67110219      8.30735780      2.29177147      9.22798129      3.34419866      1.39313038      5.73300817      2.87941648      7.94228315      1.72363954    654.51158819      6.09918998      9.24696616      6.69977066      9.71827662      3.54829882      0.07802302
     8.38737882      6.64028950      0.16033169      5.72200681      2.77448720      9.50862332      8.51118467      4.23063777      0.54414961      2.06185526      3.01273523      5.47457950      6.96323284      7.00263529      6.37751573      5.68544232      4.03845315      2.96102269      2.51443771      7.67963106      7.91602130      9.72095584      3.31365966      6.34175566      0.32671611      9.78676752      9.26400378      6.65363975      3.60274630      8.32310968      5.71385793      2.44361713      0.33415228      4.79345011      1.85813887      8.40153142      1.81823680      5.69285698      1.13600249      0.53436793      1.78608814      5.15884766      3.01881892      1.86045200      3.47382969      6.25497043      5.56447782      2.30395704      5.42035947      1.42475492      5.09517557      9.55694808      0.87191865      7.44632267      2.79008180      8.62269642      6.54275507      7.91596375      9.99362283      4.62580403      4.12416016      3.55773478      6.79189110      2.17227659      8.53908423      7.85079942      6.81466950      5.62281241      4.34110035      0.84139754      7.79589767      9.96608840      2.93806962      0.62211295      1.00939926      9.26999789      1.36855394      9.44332038      2.16184686      0.64906315      1.03266876      5.13630804      6.60814840      1.65700679      5.95701545      1.36722145      4.49833506      2.97054607      6.82997252      5.97801523      8.76539608      0.42259835      2.71631990      5.69763536    586.30891221      1.84103003      7.48870916      8.04621834      9.12384394      0.44891258
     0.36723587      2.15240757      6.24923794      4.58219585      0.66620004      2.86222982      9.16725286      8.47494577      1.36171695      7.70427082      3.69985472      0.55151877      9.28489853      7.99275354      4.05395754      9.87102960      8.96774436      4.17560273      7.67344311      9.74091980      0.60658108      5.56025837      1.09636802      4.47034113      5.28259549      4.33080338      7.74597488      1.46958983      8.66325342      7.49429781      9.70308291      0.07652706      9.82982466      8.29324825      3.92529256      9.84571508      2.09116141      0.84650517      3.64521260      7.90765008      0.72834139      1.95223520      2.59177613      7.57166391      2.88073455      3.22578429      2.24146251      5.80341915      6.88829178      1.44560407      7.74899398      4.99655403      7.00288768      3.44083604      4.92132623      6.49908341      5.85314887      5.96366965      3.72362315      6.92671792      4.48180011      9.96575955      8.95500589      5.92818411      3.95794322      8.69303986      7.93417625      0.26650848      2.10059173      9.49579687      4.52424077      0.67751080      4.18110092      8.25418631      9.40407310      1.99948710      5.37237653      0.18053864      4.85240763      8.11806160      2.53047695      3.50639433      1.67395424      5.24457485      2.83994182      2.78048687      9.38876587      9.95449856      7.98808934      9.02357607      5.77146692      7.55295552      2.31061190      0.92256120      4.55285802    651.51449836      6.49487167      2.56275027      6.72427540      5.85077358
     4.30592693      5.94349265      0.28512513      3.22930089      1.05641345      7.15697072      8.40590870      5.03619628      1.33491639      8.64610452      1.03876257      7.92069881      0.11013745      8.09341710      2.25589106      6.97931834      7.94658951      1.30438945      7.72807646      5.44361833      7.96832358      3.72197500      5.71489635      7.34599235      6.45670417      9.32812184      4.06449300      3.95363375      9.32732097      9.91688939      9.06123179      9.56277790      9.20216049      3.49018868      3.22540146      2.49307222      3.21314466      2.09902333      2.46146143      1.34359166      7.03410456      4.67860798      9.08661962      8.76213209      4.21897855      9.22685879      5.26527837      9.58610080      5.40740392      9.45170260      3.62518092      6.81462145      8.82296160      6.57328447      4.67067007      5.42449508      8.69079882      3.95807015      4.85687746      5.10980553      9.14882394      3.08890368      6.79644690      5.07370382      5.65513213      3.33816605      5.45650867      8.69277868      5.37251262      4.35115519      1.17922337      5.22623606      4.31731426      3.75734951      2.96316649      8.73499115      3.95338091      4.47827282      9.79532473      1.85565195      6.34236621      3.85476879      9.63993061      7.29303260      4.07471360      6.92793606      7.80447992      6.73253651      5.82722461      1.62257695      5.58175777      4.85075503      8.69677466      0.41678262      3.12666845      2.14931016    649.79292996      1.47855261      5.18281395      3.98466149
     7.49899627      1.80013424      7.71342382      1.83465549      4.43797959      0.43427909      5.96448768      6.10726056      9.97486384      6.74461728      5.00028555      3.20712273      7.73721230      0.05367840      1.81567375      3.24114592      6.09430531      1.16002374      6.02522359      8.43679275      4.82029850      5.33745815      2.03353977      7.35302122      6.68496125      9.06760178      0.71797669      4.93959600      4.68120977      9.37507533      0.09682759      6.59045357      7.08049953      9.96793995      6.29828847      9.96544228      6.25821551      8.44905850      6.04600137      1.19348658      2.10495493      8.66519273      9.92137440      0.53291843      0.81385209      2.95043892      3.94060712      4.46913575      8.76274331      9.42368656      8.76566479      9.78999251      4.03453391      6.25385291      2.27844739      4.94793981      8.85499653      5.44279270      2.72168659      1.86856151      2.66898200      5.50316425      1.44497391      7.85871530      7.15465522      7.50941208      2.96215321      2.49376488      4.21570790      6.39277379      2.03238691      0.72872997      7.03969878      4.93108000      6.49357327      5.12714377      7.43756478      7.53310941      6.14938284      8.96482589      6.11684605      4.67489812      2.33052602      8.61768256      9.93938911      7.00689556      8.34413443      1.41086218      3.02545182      7.51010864      0.88037950      8.63080748      4.26061348      7.71766177      7.92368743      9.15028766      4.29324052    690.88486380      4.39138610      0.07148835
     0.28548235      3.17099425      4.08551239      7.96136988      7.63250901      3.05185359      1.86917698      3.15587619      6.50982156      5.10563061      2.00256537      6.75780567      3.65969428      7.44136853      0.62565566      3.02235436      8.62719684      7.13096832      7.41743144      5.53165462      7.03075488      3.06163505      4.17236558      5.32877195      8.87953999      9.79477453      8.04995594      6.18225345      1.16188091      1.25818153      9.38650409      3.78158049      8.07141831      5.80009577      3.88653028      2.56985545      1.61365764      0.70256146      8.43548756      7.59489810      4.33015374      6.16474285      8.43739247      7.32581282      1.37644721      6.05899702      1.64499786      0.55963800      0.32589094      0.32548121      0.37725500      4.49412818      7.08884796      8.52422935      9.25241201      4.94193924      9.55979453      9.52728090      3.70112308      4.76916763      2.85284721      7.88190875      1.93776057      3.86047626      2.35337199      5.13350771      0.00526428      1.27206724      3.53813432      9.92329915      0.70383821      2.06335510      3.90322224      7.96629353      8.22388529      9.05920758      5.72547804      6.97452728      6.51330367      3.48741637      7.73427695      2.33879995      3.00072746      6.86409536      4.14879874      0.62917583      6.80114338      5.34783624      3.39742658      0.78083144      4.47778363      2.46696436      9.13852368      2.02904606      0.72973442      4.87309974      4.36405362      0.46474516    576.67354962      2.73637302
     2.09981380      3.00859793      8.67555880      8.59938440      9.75316111      8.19357986      0.49164566      8.06697315      7.03268220      5.15311057      5.33840906      6.09410694      7.57211664      2.98604973      8.02034803      0.96600571      4.54305381      9.31065002      1.64619111      7.34308864      5.86794257      7.80024886      7.02439222      3.46489768      2.60987558      4.85457653      6.39333493      2.63657689      2.96894609      8.54325998      8.95043760      4.50863114      2.51342307      1.80545126      2.30325256      5.55045130      6.76615368      4.57851884      6.70972550      6.58147852      4.53886099      4.88985299      7.71942912      7.07206682      6.82236654      6.47346388      0.16949255      1.76794955      8.82556296      0.99444798      7.37900608      6.48873879      9.27606293      5.56407311      7.68230546      3.15090580      1.82409539      0.55211075      4.84633220      4.02719734      9.38159821      3.03112449      5.28103770      7.92739836      8.80967776      8.06094734      5.05689380      7.72487875      2.47787997      2.01039214      9.83447234      7.11916782      9.25418589      1.89522072      7.65333243      2.19495439      2.42880202      9.63940632      5.57856704      4.87337121      2.43060724      7.00220203      6.78827994      5.64612622      2.74621578      4.50312653      4.05304035      8.54098162      5.63163893      6.60566085      2.87526125      8.84006600      3.54201036      3.73778722      1.00650007      4.00615595      1.17943231      2.10124434      8.36200804    651.56229969
