     8.16651252      0.00000000      0.00000000      0.00000000      0.00000000      0.00000000      0.00000000      0.00000000      0.00000000      0.00000000      0.00000000      0.00000000      0.00000000      0.00000000      0.00000000      0.00000000      0.00000000      0.00000000      0.00000000      0.00000000      0.00000000      0.00000000      0.00000000      0.00000000      0.00000000      0.00000000      0.00000000      0.00000000      0.00000000      0.00000000      0.00000000      0.00000000      0.00000000      0.00000000      0.00000000      0.00000000      0.00000000      0.00000000      0.00000000      0.00000000      0.00000000      0.00000000      0.00000000      0.00000000      0.00000000      0.00000000      0.00000000      0.00000000      0.00000000      0.00000000      0.00000000      0.00000000      0.00000000      0.00000000      0.00000000      0.00000000      0.00000000      0.00000000      0.00000000      0.00000000      0.00000000      0.00000000      0.00000000      0.00000000      0.00000000      0.00000000      0.00000000      0.00000000      0.00000000      0.00000000      0.00000000      0.00000000      0.00000000      0.00000000      0.00000000      0.00000000      0.00000000      0.00000000      0.00000000      0.00000000      0.00000000      0.00000000      0.00000000      0.00000000      0.00000000      0.00000000      0.00000000      0.00000000      0.00000000      0.00000000      0.00000000      0.00000000      0.00000000      0.00000000      0.00000000      0.00000000      0.00000000      0.00000000      0.00000000      0.00000000
     8.70847282     -4.58329995      0.00000000      0.00000000      0.00000000      0.00000000      0.00000000      0.00000000      0.00000000      0.00000000      0.00000000      0.00000000      0.00000000      0.00000000      0.00000000      0.00000000      0.00000000      0.00000000      0.00000000      0.00000000      0.00000000      0.00000000      0.00000000      0.00000000      0.00000000      0.00000000      0.00000000      0.00000000      0.00000000      0.00000000      0.00000000      0.00000000      0.00000000      0.00000000      0.00000000      0.00000000      0.00000000      0.00000000      0.00000000      0.00000000      0.00000000      0.00000000      0.00000000      0.00000000      0.00000000      0.00000000      0.00000000      0.00000000      0.00000000      0.00000000      0.00000000      0.00000000      0.00000000      0.00000000      0.00000000      0.00000000      0.00000000      0.00000000      0.00000000      0.00000000      0.00000000      0.00000000      0.00000000      0.00000000      0.00000000      0.00000000      0.00000000      0.00000000      0.00000000      0.00000000      0.00000000      0.00000000      0.00000000      0.00000000      0.00000000      0.00000000      0.00000000      0.00000000      0.00000000      0.00000000      0.00000000      0.00000000      0.00000000      0.00000000      0.00000000      0.00000000      0.00000000      0.00000000      0.00000000      0.00000000      0.00000000      0.00000000      0.00000000      0.00000000      0.00000000      0.00000000      0.00000000      0.00000000      0.00000000      0.00000000
     0.48585976      9.38770554     12.57002349      0.00000000      0.00000000      0.00000000      0.00000000      0.00000000      0.00000000      0.00000000      0.00000000      0.00000000      0.00000000      0.00000000      0.00000000      0.00000000      0.00000000      0.00000000      0.00000000      0.00000000      0.00000000      0.00000000      0.00000000      0.00000000      0.00000000      0.00000000      0.00000000      0.00000000      0.00000000      0.00000000      0.00000000      0.00000000      0.00000000      0.00000000      0.00000000      0.00000000      0.00000000      0.00000000      0.00000000      0.00000000      0.00000000      0.00000000      0.00000000      0.00000000      0.00000000      0.00000000      0.00000000      0.00000000      0.00000000      0.00000000      0.00000000      0.00000000      0.00000000      0.00000000      0.00000000      0.00000000      0.00000000      0.00000000      0.00000000      0.00000000      0.00000000      0.00000000      0.00000000      0.00000000      0.00000000      0.00000000      0.00000000      0.00000000      0.00000000      0.00000000      0.00000000      0.00000000      0.00000000      0.00000000      0.00000000      0.00000000      0.00000000      0.00000000      0.00000000      0.00000000      0.00000000      0.00000000      0.00000000      0.00000000      0.00000000      0.00000000      0.00000000      0.00000000      0.00000000      0.00000000      0.00000000      0.00000000      0.00000000      0.00000000      0.00000000      0.00000000      0.00000000      0.00000000      0.00000000      0.00000000
     9.80369145      0.75151956      4.25878361     -2.19814755      0.00000000      0.00000000      0.00000000      0.00000000      0.00000000      0.00000000      0.00000000      0.00000000      0.00000000      0.00000000      0.00000000      0.00000000      0.00000000      0.00000000      0.00000000      0.00000000      0.00000000      0.00000000      0.00000000      0.00000000      0.00000000      0.00000000      0.00000000      0.00000000      0.00000000      0.00000000      0.00000000      0.00000000      0.00000000      0.00000000      0.00000000      0.00000000      0.00000000      0.00000000      0.00000000      0.00000000      0.00000000      0.00000000      0.00000000      0.00000000      0.00000000      0.00000000      0.00000000      0.00000000      0.00000000      0.00000000      0.00000000      0.00000000      0.00000000      0.00000000      0.00000000      0.00000000      0.00000000      0.00000000      0.00000000      0.00000000      0.00000000      0.00000000      0.00000000      0.00000000      0.00000000      0.00000000      0.00000000      0.00000000      0.00000000      0.00000000      0.00000000      0.00000000      0.00000000      0.00000000      0.00000000      0.00000000      0.00000000      0.00000000      0.00000000      0.00000000      0.00000000      0.00000000      0.00000000      0.00000000      0.00000000      0.00000000      0.00000000      0.00000000      0.00000000      0.00000000      0.00000000      0.00000000      0.00000000      0.00000000      0.00000000      0.00000000      0.00000000      0.00000000      0.00000000      0.00000000
     5.77563439      3.76095959     10.59933825     -5.02041266     -1.27795971      0.00000000      0.00000000      0.00000000      0.00000000      0.00000000      0.00000000      0.00000000      0.00000000      0.00000000      0.00000000      0.00000000      0.00000000      0.00000000      0.00000000      0.00000000      0.00000000      0.00000000      0.00000000      0.00000000      0.00000000      0.00000000      0.00000000      0.00000000      0.00000000      0.00000000      0.00000000      0.00000000      0.00000000      0.00000000      0.00000000      0.00000000      0.00000000      0.00000000      0.00000000      0.00000000      0.00000000      0.00000000      0.00000000      0.00000000      0.00000000      0.00000000      0.00000000      0.00000000      0.00000000      0.00000000      0.00000000      0.00000000      0.00000000      0.00000000      0.00000000      0.00000000      0.00000000      0.00000000      0.00000000      0.00000000      0.00000000      0.00000000      0.00000000      0.00000000      0.00000000      0.00000000      0.00000000      0.00000000      0.00000000      0.00000000      0.00000000      0.00000000      0.00000000      0.00000000      0.00000000      0.00000000      0.00000000      0.00000000      0.00000000      0.00000000      0.00000000      0.00000000      0.00000000      0.00000000      0.00000000      0.00000000      0.00000000      0.00000000      0.00000000      0.00000000      0.00000000      0.00000000      0.00000000      0.00000000      0.00000000      0.00000000      0.00000000      0.00000000      0.00000000      0.00000000
     9.54011081     -3.12623887     -0.93907484      3.24014584     -0.54753862    -15.91383768      0.00000000      0.00000000      0.00000000      0.00000000      0.00000000      0.00000000      0.00000000      0.00000000      0.00000000      0.00000000      0.00000000      0.00000000      0.00000000      0.00000000      0.00000000      0.00000000      0.00000000      0.00000000      0.00000000      0.00000000      0.00000000      0.00000000      0.00000000      0.00000000      0.00000000      0.00000000      0.00000000      0.00000000      0.00000000      0.00000000      0.00000000      0.00000000      0.00000000      0.00000000      0.00000000      0.00000000      0.00000000      0.00000000      0.00000000      0.00000000      0.00000000      0.00000000      0.00000000      0.00000000      0.00000000      0.00000000      0.00000000      0.00000000      0.00000000      0.00000000      0.00000000      0.00000000      0.00000000      0.00000000      0.00000000      0.00000000      0.00000000      0.00000000      0.00000000      0.00000000      0.00000000      0.00000000      0.00000000      0.00000000      0.00000000      0.00000000      0.00000000      0.00000000      0.00000000      0.00000000      0.00000000      0.00000000      0.00000000      0.00000000      0.00000000      0.00000000      0.00000000      0.00000000      0.00000000      0.00000000      0.00000000      0.00000000      0.00000000      0.00000000      0.00000000      0.00000000      0.00000000      0.00000000      0.00000000      0.00000000      0.00000000      0.00000000      0.00000000      0.00000000
     8.04005162     -0.88497023      5.89588568     -9.15562302     -2.57658843      8.99831451    -15.32564870      0.00000000      0.00000000      0.00000000      0.00000000      0.00000000      0.00000000      0.00000000      0.00000000      0.00000000      0.00000000      0.00000000      0.00000000      0.00000000      0.00000000      0.00000000      0.00000000      0.00000000      0.00000000      0.00000000      0.00000000      0.00000000      0.00000000      0.00000000      0.00000000      0.00000000      0.00000000      0.00000000      0.00000000      0.00000000      0.00000000      0.00000000      0.00000000      0.00000000      0.00000000      0.00000000      0.00000000      0.00000000      0.00000000      0.00000000      0.00000000      0.00000000      0.00000000      0.00000000      0.00000000      0.00000000      0.00000000      0.00000000      0.00000000      0.00000000      0.00000000      0.00000000      0.00000000      0.00000000      0.00000000      0.00000000      0.00000000      0.00000000      0.00000000      0.00000000      0.00000000      0.00000000      0.00000000      0.00000000      0.00000000      0.00000000      0.00000000      0.00000000      0.00000000      0.00000000      0.00000000      0.00000000      0.00000000      0.00000000      0.00000000      0.00000000      0.00000000      0.00000000      0.00000000      0.00000000      0.00000000      0.00000000      0.00000000      0.00000000      0.00000000      0.00000000      0.00000000      0.00000000      0.00000000      0.00000000      0.00000000      0.00000000      0.00000000      0.00000000
     1.43664350      0.04129497      3.28575601     -4.60207367      1.11497366     16.30546438     17.79000212     -7.46100252      0.00000000      0.00000000      0.00000000      0.00000000      0.00000000      0.00000000      0.00000000      0.00000000      0.00000000      0.00000000      0.00000000      0.00000000      0.00000000      0.00000000      0.00000000      0.00000000      0.00000000      0.00000000      0.00000000      0.00000000      0.00000000      0.00000000      0.00000000      0.00000000      0.00000000      0.00000000      0.00000000      0.00000000      0.00000000      0.00000000      0.00000000      0.00000000      0.00000000      0.00000000      0.00000000      0.00000000      0.00000000      0.00000000      0.00000000      0.00000000      0.00000000      0.00000000      0.00000000      0.00000000      0.00000000      0.00000000      0.00000000      0.00000000      0.00000000      0.00000000      0.00000000      0.00000000      0.00000000      0.00000000      0.00000000      0.00000000      0.00000000      0.00000000      0.00000000      0.00000000      0.00000000      0.00000000      0.00000000      0.00000000      0.00000000      0.00000000      0.00000000      0.00000000      0.00000000      0.00000000      0.00000000      0.00000000      0.00000000      0.00000000      0.00000000      0.00000000      0.00000000      0.00000000      0.00000000      0.00000000      0.00000000      0.00000000      0.00000000      0.00000000      0.00000000      0.00000000      0.00000000      0.00000000      0.00000000      0.00000000      0.00000000      0.00000000
     1.57133840      1.02708703      4.43561753      2.84040867     -3.30484991    -26.46784274    -19.54870287      6.92972766      7.18913465      0.00000000      0.00000000      0.00000000      0.00000000      0.00000000      0.00000000      0.00000000      0.00000000      0.00000000      0.00000000      0.00000000      0.00000000      0.00000000      0.00000000      0.00000000      0.00000000      0.00000000      0.00000000      0.00000000      0.00000000      0.00000000      0.00000000      0.00000000      0.00000000      0.00000000      0.00000000      0.00000000      0.00000000      0.00000000      0.00000000      0.00000000      0.00000000      0.00000000      0.00000000      0.00000000      0.00000000      0.00000000      0.00000000      0.00000000      0.00000000      0.00000000      0.00000000      0.00000000      0.00000000      0.00000000      0.00000000      0.00000000      0.00000000      0.00000000      0.00000000      0.00000000      0.00000000      0.00000000      0.00000000      0.00000000      0.00000000      0.00000000      0.00000000      0.00000000      0.00000000      0.00000000      0.00000000      0.00000000      0.00000000      0.00000000      0.00000000      0.00000000      0.00000000      0.00000000      0.00000000      0.00000000      0.00000000      0.00000000      0.00000000      0.00000000      0.00000000      0.00000000      0.00000000      0.00000000      0.00000000      0.00000000      0.00000000      0.00000000      0.00000000      0.00000000      0.00000000      0.00000000      0.00000000      0.00000000      0.00000000      0.00000000
     0.93090426      7.65086687     13.70248276     -9.41605726     -0.30709980     15.51850729      4.68535670     -1.78350750      3.29251417     10.40256789      0.00000000      0.00000000      0.00000000      0.00000000      0.00000000      0.00000000      0.00000000      0.00000000      0.00000000      0.00000000      0.00000000      0.00000000      0.00000000      0.00000000      0.00000000      0.00000000      0.00000000      0.00000000      0.00000000      0.00000000      0.00000000      0.00000000      0.00000000      0.00000000      0.00000000      0.00000000      0.00000000      0.00000000      0.00000000      0.00000000      0.00000000      0.00000000      0.00000000      0.00000000      0.00000000      0.00000000      0.00000000      0.00000000      0.00000000      0.00000000      0.00000000      0.00000000      0.00000000      0.00000000      0.00000000      0.00000000      0.00000000      0.00000000      0.00000000      0.00000000      0.00000000      0.00000000      0.00000000      0.00000000      0.00000000      0.00000000      0.00000000      0.00000000      0.00000000      0.00000000      0.00000000      0.00000000      0.00000000      0.00000000      0.00000000      0.00000000      0.00000000      0.00000000      0.00000000      0.00000000      0.00000000      0.00000000      0.00000000      0.00000000      0.00000000      0.00000000      0.00000000      0.00000000      0.00000000      0.00000000      0.00000000      0.00000000      0.00000000      0.00000000      0.00000000      0.00000000      0.00000000      0.00000000      0.00000000      0.00000000
     5.76271323     -1.08327543      4.53448436     -4.55587109     -0.11847736     13.52037070     -1.19988941     -2.58565876     -1.32826015     -3.98972325      1.61102590      0.00000000      0.00000000      0.00000000      0.00000000      0.00000000      0.00000000      0.00000000      0.00000000      0.00000000      0.00000000      0.00000000      0.00000000      0.00000000      0.00000000      0.00000000      0.00000000      0.00000000      0.00000000      0.00000000      0.00000000      0.00000000      0.00000000      0.00000000      0.00000000      0.00000000      0.00000000      0.00000000      0.00000000      0.00000000      0.00000000      0.00000000      0.00000000      0.00000000      0.00000000      0.00000000      0.00000000      0.00000000      0.00000000      0.00000000      0.00000000      0.00000000      0.00000000      0.00000000      0.00000000      0.00000000      0.00000000      0.00000000      0.00000000      0.00000000      0.00000000      0.00000000      0.00000000      0.00000000      0.00000000      0.00000000      0.00000000      0.00000000      0.00000000      0.00000000      0.00000000      0.00000000      0.00000000      0.00000000      0.00000000      0.00000000      0.00000000      0.00000000      0.00000000      0.00000000      0.00000000      0.00000000      0.00000000      0.00000000      0.00000000      0.00000000      0.00000000      0.00000000      0.00000000      0.00000000      0.00000000      0.00000000      0.00000000      0.00000000      0.00000000      0.00000000      0.00000000      0.00000000      0.00000000      0.00000000
     5.09478203     -3.08734667      5.51768611     -9.87419396      2.42094564     40.93187061     24.54291002    -12.64661982    -10.83834313     -2.79352884     -4.18472305     -3.72132804      0.00000000      0.00000000      0.00000000      0.00000000      0.00000000      0.00000000      0.00000000      0.00000000      0.00000000      0.00000000      0.00000000      0.00000000      0.00000000      0.00000000      0.00000000      0.00000000      0.00000000      0.00000000      0.00000000      0.00000000      0.00000000      0.00000000      0.00000000      0.00000000      0.00000000      0.00000000      0.00000000      0.00000000      0.00000000      0.00000000      0.00000000      0.00000000      0.00000000      0.00000000      0.00000000      0.00000000      0.00000000      0.00000000      0.00000000      0.00000000      0.00000000      0.00000000      0.00000000      0.00000000      0.00000000      0.00000000      0.00000000      0.00000000      0.00000000      0.00000000      0.00000000      0.00000000      0.00000000      0.00000000      0.00000000      0.00000000      0.00000000      0.00000000      0.00000000      0.00000000      0.00000000      0.00000000      0.00000000      0.00000000      0.00000000      0.00000000      0.00000000      0.00000000      0.00000000      0.00000000      0.00000000      0.00000000      0.00000000      0.00000000      0.00000000      0.00000000      0.00000000      0.00000000      0.00000000      0.00000000      0.00000000      0.00000000      0.00000000      0.00000000      0.00000000      0.00000000      0.00000000      0.00000000
     8.91394422      4.22625649      6.55667180      3.12530584    -10.61771342    -76.29749018    -83.15235300     27.97133880     19.06317086      8.56025714     -5.88602988     -5.76406327     22.88358650      0.00000000      0.00000000      0.00000000      0.00000000      0.00000000      0.00000000      0.00000000      0.00000000      0.00000000      0.00000000      0.00000000      0.00000000      0.00000000      0.00000000      0.00000000      0.00000000      0.00000000      0.00000000      0.00000000      0.00000000      0.00000000      0.00000000      0.00000000      0.00000000      0.00000000      0.00000000      0.00000000      0.00000000      0.00000000      0.00000000      0.00000000      0.00000000      0.00000000      0.00000000      0.00000000      0.00000000      0.00000000      0.00000000      0.00000000      0.00000000      0.00000000      0.00000000      0.00000000      0.00000000      0.00000000      0.00000000      0.00000000      0.00000000      0.00000000      0.00000000      0.00000000      0.00000000      0.00000000      0.00000000      0.00000000      0.00000000      0.00000000      0.00000000      0.00000000      0.00000000      0.00000000      0.00000000      0.00000000      0.00000000      0.00000000      0.00000000      0.00000000      0.00000000      0.00000000      0.00000000      0.00000000      0.00000000      0.00000000      0.00000000      0.00000000      0.00000000      0.00000000      0.00000000      0.00000000      0.00000000      0.00000000      0.00000000      0.00000000      0.00000000      0.00000000      0.00000000      0.00000000
     9.53599527     -5.04503969     -3.48323724      3.88835151     -1.72909015    -21.95753179    -17.38795060     10.00691677     21.36093748     14.96973790      7.40146719    -12.52223214      3.49118394    -53.30530575      0.00000000      0.00000000      0.00000000      0.00000000      0.00000000      0.00000000      0.00000000      0.00000000      0.00000000      0.00000000      0.00000000      0.00000000      0.00000000      0.00000000      0.00000000      0.00000000      0.00000000      0.00000000      0.00000000      0.00000000      0.00000000      0.00000000      0.00000000      0.00000000      0.00000000      0.00000000      0.00000000      0.00000000      0.00000000      0.00000000      0.00000000      0.00000000      0.00000000      0.00000000      0.00000000      0.00000000      0.00000000      0.00000000      0.00000000      0.00000000      0.00000000      0.00000000      0.00000000      0.00000000      0.00000000      0.00000000      0.00000000      0.00000000      0.00000000      0.00000000      0.00000000      0.00000000      0.00000000      0.00000000      0.00000000      0.00000000      0.00000000      0.00000000      0.00000000      0.00000000      0.00000000      0.00000000      0.00000000      0.00000000      0.00000000      0.00000000      0.00000000      0.00000000      0.00000000      0.00000000      0.00000000      0.00000000      0.00000000      0.00000000      0.00000000      0.00000000      0.00000000      0.00000000      0.00000000      0.00000000      0.00000000      0.00000000      0.00000000      0.00000000      0.00000000      0.00000000
     3.38306756     -0.79232377      5.55932580     -6.82796709     -2.77796260      2.86643877    -15.11923341      5.57495391      4.47149294     -9.30395055     21.01647050     33.46987812    -59.71454238     13.89241148    -16.20186891      0.00000000      0.00000000      0.00000000      0.00000000      0.00000000      0.00000000      0.00000000      0.00000000      0.00000000      0.00000000      0.00000000      0.00000000      0.00000000      0.00000000      0.00000000      0.00000000      0.00000000      0.00000000      0.00000000      0.00000000      0.00000000      0.00000000      0.00000000      0.00000000      0.00000000      0.00000000      0.00000000      0.00000000      0.00000000      0.00000000      0.00000000      0.00000000      0.00000000      0.00000000      0.00000000      0.00000000      0.00000000      0.00000000      0.00000000      0.00000000      0.00000000      0.00000000      0.00000000      0.00000000      0.00000000      0.00000000      0.00000000      0.00000000      0.00000000      0.00000000      0.00000000      0.00000000      0.00000000      0.00000000      0.00000000      0.00000000      0.00000000      0.00000000      0.00000000      0.00000000      0.00000000      0.00000000      0.00000000      0.00000000      0.00000000      0.00000000      0.00000000      0.00000000      0.00000000      0.00000000      0.00000000      0.00000000      0.00000000      0.00000000      0.00000000      0.00000000      0.00000000      0.00000000      0.00000000      0.00000000      0.00000000      0.00000000      0.00000000      0.00000000      0.00000000
     9.47233356      2.48439924      4.87630575      1.27532537     -3.83440009    -26.85896036    -31.62724636     12.88220426     13.67246073      3.03032297      9.80423091     10.49272984    -17.37135409    -10.15737121    -18.43432656    -45.40177698      0.00000000      0.00000000      0.00000000      0.00000000      0.00000000      0.00000000      0.00000000      0.00000000      0.00000000      0.00000000      0.00000000      0.00000000      0.00000000      0.00000000      0.00000000      0.00000000      0.00000000      0.00000000      0.00000000      0.00000000      0.00000000      0.00000000      0.00000000      0.00000000      0.00000000      0.00000000      0.00000000      0.00000000      0.00000000      0.00000000      0.00000000      0.00000000      0.00000000      0.00000000      0.00000000      0.00000000      0.00000000      0.00000000      0.00000000      0.00000000      0.00000000      0.00000000      0.00000000      0.00000000      0.00000000      0.00000000      0.00000000      0.00000000      0.00000000      0.00000000      0.00000000      0.00000000      0.00000000      0.00000000      0.00000000      0.00000000      0.00000000      0.00000000      0.00000000      0.00000000      0.00000000      0.00000000      0.00000000      0.00000000      0.00000000      0.00000000      0.00000000      0.00000000      0.00000000      0.00000000      0.00000000      0.00000000      0.00000000      0.00000000      0.00000000      0.00000000      0.00000000      0.00000000      0.00000000      0.00000000      0.00000000      0.00000000      0.00000000      0.00000000
     1.00378226      4.12125710      5.93133714      1.84416998     -2.45365533    -21.15782924    -16.59634702      9.68062529     17.99589108      4.28874918     13.05223279     15.17392764    -18.29210153     -3.41816293    -11.02916772    -11.65354227     -5.70927012      0.00000000      0.00000000      0.00000000      0.00000000      0.00000000      0.00000000      0.00000000      0.00000000      0.00000000      0.00000000      0.00000000      0.00000000      0.00000000      0.00000000      0.00000000      0.00000000      0.00000000      0.00000000      0.00000000      0.00000000      0.00000000      0.00000000      0.00000000      0.00000000      0.00000000      0.00000000      0.00000000      0.00000000      0.00000000      0.00000000      0.00000000      0.00000000      0.00000000      0.00000000      0.00000000      0.00000000      0.00000000      0.00000000      0.00000000      0.00000000      0.00000000      0.00000000      0.00000000      0.00000000      0.00000000      0.00000000      0.00000000      0.00000000      0.00000000      0.00000000      0.00000000      0.00000000      0.00000000      0.00000000      0.00000000      0.00000000      0.00000000      0.00000000      0.00000000      0.00000000      0.00000000      0.00000000      0.00000000      0.00000000      0.00000000      0.00000000      0.00000000      0.00000000      0.00000000      0.00000000      0.00000000      0.00000000      0.00000000      0.00000000      0.00000000      0.00000000      0.00000000      0.00000000      0.00000000      0.00000000      0.00000000      0.00000000      0.00000000
     2.06864173      1.84762170      5.31227618      2.83740135     -5.22550856    -34.83487048    -37.91401482     14.09464267      8.81722053     -6.40351214     14.77332318     18.81282438    -38.93359181     11.74094700     -5.83271160     -6.14255922     -3.52430530      4.02494369      0.00000000      0.00000000      0.00000000      0.00000000      0.00000000      0.00000000      0.00000000      0.00000000      0.00000000      0.00000000      0.00000000      0.00000000      0.00000000      0.00000000      0.00000000      0.00000000      0.00000000      0.00000000      0.00000000      0.00000000      0.00000000      0.00000000      0.00000000      0.00000000      0.00000000      0.00000000      0.00000000      0.00000000      0.00000000      0.00000000      0.00000000      0.00000000      0.00000000      0.00000000      0.00000000      0.00000000      0.00000000      0.00000000      0.00000000      0.00000000      0.00000000      0.00000000      0.00000000      0.00000000      0.00000000      0.00000000      0.00000000      0.00000000      0.00000000      0.00000000      0.00000000      0.00000000      0.00000000      0.00000000      0.00000000      0.00000000      0.00000000      0.00000000      0.00000000      0.00000000      0.00000000      0.00000000      0.00000000      0.00000000      0.00000000      0.00000000      0.00000000      0.00000000      0.00000000      0.00000000      0.00000000      0.00000000      0.00000000      0.00000000      0.00000000      0.00000000      0.00000000      0.00000000      0.00000000      0.00000000      0.00000000      0.00000000
     9.27015345     -0.65976066      2.10147017     -4.63616963     -0.81698484      1.11922617     -3.23837060      0.44093018      5.64575309      3.33899158      4.25336563      7.81226433     -2.08455472      9.31951327     -2.61441721     -1.98827568    -15.71859254     -7.37596220     75.14417278      0.00000000      0.00000000      0.00000000      0.00000000      0.00000000      0.00000000      0.00000000      0.00000000      0.00000000      0.00000000      0.00000000      0.00000000      0.00000000      0.00000000      0.00000000      0.00000000      0.00000000      0.00000000      0.00000000      0.00000000      0.00000000      0.00000000      0.00000000      0.00000000      0.00000000      0.00000000      0.00000000      0.00000000      0.00000000      0.00000000      0.00000000      0.00000000      0.00000000      0.00000000      0.00000000      0.00000000      0.00000000      0.00000000      0.00000000      0.00000000      0.00000000      0.00000000      0.00000000      0.00000000      0.00000000      0.00000000      0.00000000      0.00000000      0.00000000      0.00000000      0.00000000      0.00000000      0.00000000      0.00000000      0.00000000      0.00000000      0.00000000      0.00000000      0.00000000      0.00000000      0.00000000      0.00000000      0.00000000      0.00000000      0.00000000      0.00000000      0.00000000      0.00000000      0.00000000      0.00000000      0.00000000      0.00000000      0.00000000      0.00000000      0.00000000      0.00000000      0.00000000      0.00000000      0.00000000      0.00000000      0.00000000
     2.91007727      5.77198266     10.33480486     -5.28617733     -7.46972421    -30.08249815    -53.20289960     15.42635058      8.67256418     -1.14612744      2.15761197     10.28932061     -9.03168338     11.10825615    -13.78844630    -26.01851885     -6.14363658     -4.51753813     43.55201834      2.97103695      0.00000000      0.00000000      0.00000000      0.00000000      0.00000000      0.00000000      0.00000000      0.00000000      0.00000000      0.00000000      0.00000000      0.00000000      0.00000000      0.00000000      0.00000000      0.00000000      0.00000000      0.00000000      0.00000000      0.00000000      0.00000000      0.00000000      0.00000000      0.00000000      0.00000000      0.00000000      0.00000000      0.00000000      0.00000000      0.00000000      0.00000000      0.00000000      0.00000000      0.00000000      0.00000000      0.00000000      0.00000000      0.00000000      0.00000000      0.00000000      0.00000000      0.00000000      0.00000000      0.00000000      0.00000000      0.00000000      0.00000000      0.00000000      0.00000000      0.00000000      0.00000000      0.00000000      0.00000000      0.00000000      0.00000000      0.00000000      0.00000000      0.00000000      0.00000000      0.00000000      0.00000000      0.00000000      0.00000000      0.00000000      0.00000000      0.00000000      0.00000000      0.00000000      0.00000000      0.00000000      0.00000000      0.00000000      0.00000000      0.00000000      0.00000000      0.00000000      0.00000000      0.00000000      0.00000000      0.00000000
     2.14965076      4.72112154      7.19988053      3.98586543     -1.66102383    -25.84011564     -7.62527285      7.54302923     13.12812903      1.55612519     13.90941726     12.88354367    -31.59875549    -13.88491717     -8.12921957     -6.19764568      2.94437637      8.92507814    -47.64277135      7.02987007    -28.51431694      0.00000000      0.00000000      0.00000000      0.00000000      0.00000000      0.00000000      0.00000000      0.00000000      0.00000000      0.00000000      0.00000000      0.00000000      0.00000000      0.00000000      0.00000000      0.00000000      0.00000000      0.00000000      0.00000000      0.00000000      0.00000000      0.00000000      0.00000000      0.00000000      0.00000000      0.00000000      0.00000000      0.00000000      0.00000000      0.00000000      0.00000000      0.00000000      0.00000000      0.00000000      0.00000000      0.00000000      0.00000000      0.00000000      0.00000000      0.00000000      0.00000000      0.00000000      0.00000000      0.00000000      0.00000000      0.00000000      0.00000000      0.00000000      0.00000000      0.00000000      0.00000000      0.00000000      0.00000000      0.00000000      0.00000000      0.00000000      0.00000000      0.00000000      0.00000000      0.00000000      0.00000000      0.00000000      0.00000000      0.00000000      0.00000000      0.00000000      0.00000000      0.00000000      0.00000000      0.00000000      0.00000000      0.00000000      0.00000000      0.00000000      0.00000000      0.00000000      0.00000000      0.00000000      0.00000000
     9.64264189      0.01737763     -1.19282289      1.51364445     -5.77003569    -35.96631840    -40.44165908      9.00884579      4.54196188     -5.92718417    -11.87852128      1.64778319     37.44422998     35.35948349     -4.51191385    -19.06475190    -12.05422418      0.81538162     10.88423684     -1.15292003     20.04443907     14.34786735      0.00000000      0.00000000      0.00000000      0.00000000      0.00000000      0.00000000      0.00000000      0.00000000      0.00000000      0.00000000      0.00000000      0.00000000      0.00000000      0.00000000      0.00000000      0.00000000      0.00000000      0.00000000      0.00000000      0.00000000      0.00000000      0.00000000      0.00000000      0.00000000      0.00000000      0.00000000      0.00000000      0.00000000      0.00000000      0.00000000      0.00000000      0.00000000      0.00000000      0.00000000      0.00000000      0.00000000      0.00000000      0.00000000      0.00000000      0.00000000      0.00000000      0.00000000      0.00000000      0.00000000      0.00000000      0.00000000      0.00000000      0.00000000      0.00000000      0.00000000      0.00000000      0.00000000      0.00000000      0.00000000      0.00000000      0.00000000      0.00000000      0.00000000      0.00000000      0.00000000      0.00000000      0.00000000      0.00000000      0.00000000      0.00000000      0.00000000      0.00000000      0.00000000      0.00000000      0.00000000      0.00000000      0.00000000      0.00000000      0.00000000      0.00000000      0.00000000      0.00000000      0.00000000
     2.53685910      0.21074223      4.11608384     -4.88863710      1.25628357     21.14370944     16.74608869     -4.87195541     -2.01607460    -10.19672226     19.75294368     39.08799562    -50.84011807     41.00430019    -11.67195537     -3.46951585     -2.41066328     -0.34496751      0.08086049      9.25386070    -52.42434272    -35.10219539    -35.66788316      0.00000000      0.00000000      0.00000000      0.00000000      0.00000000      0.00000000      0.00000000      0.00000000      0.00000000      0.00000000      0.00000000      0.00000000      0.00000000      0.00000000      0.00000000      0.00000000      0.00000000      0.00000000      0.00000000      0.00000000      0.00000000      0.00000000      0.00000000      0.00000000      0.00000000      0.00000000      0.00000000      0.00000000      0.00000000      0.00000000      0.00000000      0.00000000      0.00000000      0.00000000      0.00000000      0.00000000      0.00000000      0.00000000      0.00000000      0.00000000      0.00000000      0.00000000      0.00000000      0.00000000      0.00000000      0.00000000      0.00000000      0.00000000      0.00000000      0.00000000      0.00000000      0.00000000      0.00000000      0.00000000      0.00000000      0.00000000      0.00000000      0.00000000      0.00000000      0.00000000      0.00000000      0.00000000      0.00000000      0.00000000      0.00000000      0.00000000      0.00000000      0.00000000      0.00000000      0.00000000      0.00000000      0.00000000      0.00000000      0.00000000      0.00000000      0.00000000      0.00000000
     9.99719054      1.65275015      4.10958696     -0.61446497     -5.29947235    -31.61134873    -42.77762865     10.83414490      5.16985703      4.92580732    -15.60295391    -15.27969923     42.07855347     -2.53180775      0.68048177     -5.93886533     -2.74001530     -1.97136901      7.77566129      6.13247226    -19.65883219     -4.57602296     -0.32956878     -2.60369021      0.00000000      0.00000000      0.00000000      0.00000000      0.00000000      0.00000000      0.00000000      0.00000000      0.00000000      0.00000000      0.00000000      0.00000000      0.00000000      0.00000000      0.00000000      0.00000000      0.00000000      0.00000000      0.00000000      0.00000000      0.00000000      0.00000000      0.00000000      0.00000000      0.00000000      0.00000000      0.00000000      0.00000000      0.00000000      0.00000000      0.00000000      0.00000000      0.00000000      0.00000000      0.00000000      0.00000000      0.00000000      0.00000000      0.00000000      0.00000000      0.00000000      0.00000000      0.00000000      0.00000000      0.00000000      0.00000000      0.00000000      0.00000000      0.00000000      0.00000000      0.00000000      0.00000000      0.00000000      0.00000000      0.00000000      0.00000000      0.00000000      0.00000000      0.00000000      0.00000000      0.00000000      0.00000000      0.00000000      0.00000000      0.00000000      0.00000000      0.00000000      0.00000000      0.00000000      0.00000000      0.00000000      0.00000000      0.00000000      0.00000000      0.00000000      0.00000000
     4.62714327      1.16337995      7.73703884     -6.21374683     -4.03384746    -15.33445995    -21.22060738      4.01667531      0.15430698      4.85869297     -1.27009663     -4.59044130     -0.48104539     16.58845140     14.04119092      8.98829427     -8.73516609      9.24012584      1.04295585      5.55017868    -24.15755560     -1.68112064     14.42641777      7.76835407    -49.63964471      0.00000000      0.00000000      0.00000000      0.00000000      0.00000000      0.00000000      0.00000000      0.00000000      0.00000000      0.00000000      0.00000000      0.00000000      0.00000000      0.00000000      0.00000000      0.00000000      0.00000000      0.00000000      0.00000000      0.00000000      0.00000000      0.00000000      0.00000000      0.00000000      0.00000000      0.00000000      0.00000000      0.00000000      0.00000000      0.00000000      0.00000000      0.00000000      0.00000000      0.00000000      0.00000000      0.00000000      0.00000000      0.00000000      0.00000000      0.00000000      0.00000000      0.00000000      0.00000000      0.00000000      0.00000000      0.00000000      0.00000000      0.00000000      0.00000000      0.00000000      0.00000000      0.00000000      0.00000000      0.00000000      0.00000000      0.00000000      0.00000000      0.00000000      0.00000000      0.00000000      0.00000000      0.00000000      0.00000000      0.00000000      0.00000000      0.00000000      0.00000000      0.00000000      0.00000000      0.00000000      0.00000000      0.00000000      0.00000000      0.00000000      0.00000000
     1.54185402      6.34634165      5.37448314      7.58202701     -5.23159491    -50.43935233    -43.19681952     18.57606020     21.29716059     13.59381066      0.07828678     -9.50686415     20.53285741    -17.16788293     -4.35214190    -45.23497609     -5.90176756     15.10312821    -65.70269391      9.72218032    -30.72191943      7.28247756     29.44833870     -7.00678090    -41.69316487      8.74541047      0.00000000      0.00000000      0.00000000      0.00000000      0.00000000      0.00000000      0.00000000      0.00000000      0.00000000      0.00000000      0.00000000      0.00000000      0.00000000      0.00000000      0.00000000      0.00000000      0.00000000      0.00000000      0.00000000      0.00000000      0.00000000      0.00000000      0.00000000      0.00000000      0.00000000      0.00000000      0.00000000      0.00000000      0.00000000      0.00000000      0.00000000      0.00000000      0.00000000      0.00000000      0.00000000      0.00000000      0.00000000      0.00000000      0.00000000      0.00000000      0.00000000      0.00000000      0.00000000      0.00000000      0.00000000      0.00000000      0.00000000      0.00000000      0.00000000      0.00000000      0.00000000      0.00000000      0.00000000      0.00000000      0.00000000      0.00000000      0.00000000      0.00000000      0.00000000      0.00000000      0.00000000      0.00000000      0.00000000      0.00000000      0.00000000      0.00000000      0.00000000      0.00000000      0.00000000      0.00000000      0.00000000      0.00000000      0.00000000      0.00000000
     8.37722024     -4.36336509     -1.91574707     -0.95847872     -0.99239790     -3.04019126     -2.81022546     -6.58135716    -11.59682214     -1.26225684    -21.92268006    -22.05095425     51.31963865     23.43992636     20.78911800     26.61015740     -6.29620912     -3.66944227     31.23468993     -6.37426546     24.16478064      6.65258122     14.56804662     -4.75984694     -9.22410972     -0.70250752     20.65059255      0.00000000      0.00000000      0.00000000      0.00000000      0.00000000      0.00000000      0.00000000      0.00000000      0.00000000      0.00000000      0.00000000      0.00000000      0.00000000      0.00000000      0.00000000      0.00000000      0.00000000      0.00000000      0.00000000      0.00000000      0.00000000      0.00000000      0.00000000      0.00000000      0.00000000      0.00000000      0.00000000      0.00000000      0.00000000      0.00000000      0.00000000      0.00000000      0.00000000      0.00000000      0.00000000      0.00000000      0.00000000      0.00000000      0.00000000      0.00000000      0.00000000      0.00000000      0.00000000      0.00000000      0.00000000      0.00000000      0.00000000      0.00000000      0.00000000      0.00000000      0.00000000      0.00000000      0.00000000      0.00000000      0.00000000      0.00000000      0.00000000      0.00000000      0.00000000      0.00000000      0.00000000      0.00000000      0.00000000      0.00000000      0.00000000      0.00000000      0.00000000      0.00000000      0.00000000      0.00000000      0.00000000      0.00000000      0.00000000
     7.44595670      3.90138921      7.86886901     -7.43245127     -3.65872035     -5.53327803    -17.80104760     -0.25403114     -1.99057851      0.39303522    -17.57090106    -10.70192173     40.25446358     15.99919928      1.14956031     -2.94652154     -6.42029329     -2.11631627     15.75217850     -0.68706124     16.25606537     15.43816742      7.56654726     -7.16754130     29.95027598      2.89689670    -19.56267010      0.90969477      0.00000000      0.00000000      0.00000000      0.00000000      0.00000000      0.00000000      0.00000000      0.00000000      0.00000000      0.00000000      0.00000000      0.00000000      0.00000000      0.00000000      0.00000000      0.00000000      0.00000000      0.00000000      0.00000000      0.00000000      0.00000000      0.00000000      0.00000000      0.00000000      0.00000000      0.00000000      0.00000000      0.00000000      0.00000000      0.00000000      0.00000000      0.00000000      0.00000000      0.00000000      0.00000000      0.00000000      0.00000000      0.00000000      0.00000000      0.00000000      0.00000000      0.00000000      0.00000000      0.00000000      0.00000000      0.00000000      0.00000000      0.00000000      0.00000000      0.00000000      0.00000000      0.00000000      0.00000000      0.00000000      0.00000000      0.00000000      0.00000000      0.00000000      0.00000000      0.00000000      0.00000000      0.00000000      0.00000000      0.00000000      0.00000000      0.00000000      0.00000000      0.00000000      0.00000000      0.00000000      0.00000000      0.00000000
     3.81131339      4.03819208     11.84867535    -10.97703519     -1.83135443     10.90459856     -8.32547829     -1.27473435     -0.08258977      4.84405883     -3.77128682     -5.97187226      7.69512033      1.00339057     12.26955658     34.99145153      0.43992822      6.33002383    -26.89929227     10.96948683    -56.04656566    -14.40014843      6.98918750     -8.55418702    -12.42153032     15.10551052    -44.28386548     17.57383810    381.87597019      0.00000000      0.00000000      0.00000000      0.00000000      0.00000000      0.00000000      0.00000000      0.00000000      0.00000000      0.00000000      0.00000000      0.00000000      0.00000000      0.00000000      0.00000000      0.00000000      0.00000000      0.00000000      0.00000000      0.00000000      0.00000000      0.00000000      0.00000000      0.00000000      0.00000000      0.00000000      0.00000000      0.00000000      0.00000000      0.00000000      0.00000000      0.00000000      0.00000000      0.00000000      0.00000000      0.00000000      0.00000000      0.00000000      0.00000000      0.00000000      0.00000000      0.00000000      0.00000000      0.00000000      0.00000000      0.00000000      0.00000000      0.00000000      0.00000000      0.00000000      0.00000000      0.00000000      0.00000000      0.00000000      0.00000000      0.00000000      0.00000000      0.00000000      0.00000000      0.00000000      0.00000000      0.00000000      0.00000000      0.00000000      0.00000000      0.00000000      0.00000000      0.00000000      0.00000000      0.00000000      0.00000000
     3.64743597      5.47000140      5.87068864     -0.76069248     -1.78755768     -9.54186813    -10.83513376      0.42839525      1.56229771      2.83791495     -9.50603423    -14.41056273     31.04766733      1.90778137     16.70313880     27.44525790      0.16579519     11.83027140    -59.24613590      9.12644322    -35.09160972     -1.56021195      7.42867508     -6.03663167    -12.64925590     12.91022900    -50.64238323     -1.67144213    -65.11902498     10.70033497      0.00000000      0.00000000      0.00000000      0.00000000      0.00000000      0.00000000      0.00000000      0.00000000      0.00000000      0.00000000      0.00000000      0.00000000      0.00000000      0.00000000      0.00000000      0.00000000      0.00000000      0.00000000      0.00000000      0.00000000      0.00000000      0.00000000      0.00000000      0.00000000      0.00000000      0.00000000      0.00000000      0.00000000      0.00000000      0.00000000      0.00000000      0.00000000      0.00000000      0.00000000      0.00000000      0.00000000      0.00000000      0.00000000      0.00000000      0.00000000      0.00000000      0.00000000      0.00000000      0.00000000      0.00000000      0.00000000      0.00000000      0.00000000      0.00000000      0.00000000      0.00000000      0.00000000      0.00000000      0.00000000      0.00000000      0.00000000      0.00000000      0.00000000      0.00000000      0.00000000      0.00000000      0.00000000      0.00000000      0.00000000      0.00000000      0.00000000      0.00000000      0.00000000      0.00000000      0.00000000
     0.10333515      8.35620997      9.75190013      3.84578419     -3.53744442    -29.40997532    -21.21592332     12.98375672      9.21926932    -15.06522537     30.45359631     56.86979827    -74.71356587     57.43080171    -25.05639176    -43.97596434     -4.67310794      9.96597376    -40.11641007     15.89326129    -78.29957296    -41.67523483    -38.26395548     -1.33672645    -27.32883275      7.80114700    -13.41123229      8.98195387    204.59351226    -19.77792032     -2.08445452      0.00000000      0.00000000      0.00000000      0.00000000      0.00000000      0.00000000      0.00000000      0.00000000      0.00000000      0.00000000      0.00000000      0.00000000      0.00000000      0.00000000      0.00000000      0.00000000      0.00000000      0.00000000      0.00000000      0.00000000      0.00000000      0.00000000      0.00000000      0.00000000      0.00000000      0.00000000      0.00000000      0.00000000      0.00000000      0.00000000      0.00000000      0.00000000      0.00000000      0.00000000      0.00000000      0.00000000      0.00000000      0.00000000      0.00000000      0.00000000      0.00000000      0.00000000      0.00000000      0.00000000      0.00000000      0.00000000      0.00000000      0.00000000      0.00000000      0.00000000      0.00000000      0.00000000      0.00000000      0.00000000      0.00000000      0.00000000      0.00000000      0.00000000      0.00000000      0.00000000      0.00000000      0.00000000      0.00000000      0.00000000      0.00000000      0.00000000      0.00000000      0.00000000      0.00000000
     1.13241020      2.80509667      8.34089212      0.02966598     -3.42009524    -24.19947653    -24.34903001     16.46345217     23.87419413      6.62987340     34.95390682     33.11958584    -77.10440300    -15.54407404    -18.37802052    -25.63401617     -6.06208977      9.42122962    -20.66363054      3.96198333    -19.19847433      7.18043226     23.49847321      3.67714158    -32.64928891     -7.33679814     55.84257137     -8.93900678   -170.19067178     11.36828311      4.98045378    -57.71998262      0.00000000      0.00000000      0.00000000      0.00000000      0.00000000      0.00000000      0.00000000      0.00000000      0.00000000      0.00000000      0.00000000      0.00000000      0.00000000      0.00000000      0.00000000      0.00000000      0.00000000      0.00000000      0.00000000      0.00000000      0.00000000      0.00000000      0.00000000      0.00000000      0.00000000      0.00000000      0.00000000      0.00000000      0.00000000      0.00000000      0.00000000      0.00000000      0.00000000      0.00000000      0.00000000      0.00000000      0.00000000      0.00000000      0.00000000      0.00000000      0.00000000      0.00000000      0.00000000      0.00000000      0.00000000      0.00000000      0.00000000      0.00000000      0.00000000      0.00000000      0.00000000      0.00000000      0.00000000      0.00000000      0.00000000      0.00000000      0.00000000      0.00000000      0.00000000      0.00000000      0.00000000      0.00000000      0.00000000      0.00000000      0.00000000      0.00000000      0.00000000      0.00000000
     3.89165603     -0.30646810      1.88791351     -1.40940000      4.95388980     33.18444255     43.06524284     -8.86981991      6.54635888      1.72948276     24.48496369     28.85537343    -61.16060108    -10.70193028    -22.03636431    -38.22005920      0.94760626      4.17406009    -20.99645785     19.90771569    -96.74073000    -52.95009271    -60.98426560     -6.03246533     19.26587894     17.03319692    -85.75269051     13.43022168    274.14003038    -39.60513497     -4.69976073     26.97764132    -45.95093684      0.00000000      0.00000000      0.00000000      0.00000000      0.00000000      0.00000000      0.00000000      0.00000000      0.00000000      0.00000000      0.00000000      0.00000000      0.00000000      0.00000000      0.00000000      0.00000000      0.00000000      0.00000000      0.00000000      0.00000000      0.00000000      0.00000000      0.00000000      0.00000000      0.00000000      0.00000000      0.00000000      0.00000000      0.00000000      0.00000000      0.00000000      0.00000000      0.00000000      0.00000000      0.00000000      0.00000000      0.00000000      0.00000000      0.00000000      0.00000000      0.00000000      0.00000000      0.00000000      0.00000000      0.00000000      0.00000000      0.00000000      0.00000000      0.00000000      0.00000000      0.00000000      0.00000000      0.00000000      0.00000000      0.00000000      0.00000000      0.00000000      0.00000000      0.00000000      0.00000000      0.00000000      0.00000000      0.00000000      0.00000000      0.00000000      0.00000000      0.00000000
     3.45831336     -1.65612684      7.13794918     -3.71114665     -0.70856256      0.36022384      3.36629067      3.75102076     12.05948292     -1.27379695     26.01826606     25.11504353    -58.52093472    -10.58619146     -6.66612503     12.26750392     -0.42631680      4.88877766    -16.13684804      9.17519537    -57.22341938    -27.25275446    -22.77738290     -4.70205532     -1.75766957      8.71907662    -14.36263497     16.18036625    371.27852048    -22.42186160      4.80285007    -81.88643174    -37.97360637    -32.25461241      0.00000000      0.00000000      0.00000000      0.00000000      0.00000000      0.00000000      0.00000000      0.00000000      0.00000000      0.00000000      0.00000000      0.00000000      0.00000000      0.00000000      0.00000000      0.00000000      0.00000000      0.00000000      0.00000000      0.00000000      0.00000000      0.00000000      0.00000000      0.00000000      0.00000000      0.00000000      0.00000000      0.00000000      0.00000000      0.00000000      0.00000000      0.00000000      0.00000000      0.00000000      0.00000000      0.00000000      0.00000000      0.00000000      0.00000000      0.00000000      0.00000000      0.00000000      0.00000000      0.00000000      0.00000000      0.00000000      0.00000000      0.00000000      0.00000000      0.00000000      0.00000000      0.00000000      0.00000000      0.00000000      0.00000000      0.00000000      0.00000000      0.00000000      0.00000000      0.00000000      0.00000000      0.00000000      0.00000000      0.00000000      0.00000000      0.00000000
     9.72837335      1.88482806      8.00786186     -6.55816359     -5.16408601    -21.02165189    -33.13315542      8.66339265     10.15896991      6.93348248     -6.11448208     -7.04582393     19.96110816    -10.97042043     -4.94495976     -9.69688644     -6.97256594      0.92451175      0.63216662     -0.55660410      5.77849521     27.60625826     47.05482298     -8.25579347      0.60229731    -10.23496306     77.11450640      2.71799125     84.89805457     12.72027954      7.92325506    -80.99830401     -0.54282440    -15.08044926      4.21333731      0.00000000      0.00000000      0.00000000      0.00000000      0.00000000      0.00000000      0.00000000      0.00000000      0.00000000      0.00000000      0.00000000      0.00000000      0.00000000      0.00000000      0.00000000      0.00000000      0.00000000      0.00000000      0.00000000      0.00000000      0.00000000      0.00000000      0.00000000      0.00000000      0.00000000      0.00000000      0.00000000      0.00000000      0.00000000      0.00000000      0.00000000      0.00000000      0.00000000      0.00000000      0.00000000      0.00000000      0.00000000      0.00000000      0.00000000      0.00000000      0.00000000      0.00000000      0.00000000      0.00000000      0.00000000      0.00000000      0.00000000      0.00000000      0.00000000      0.00000000      0.00000000      0.00000000      0.00000000      0.00000000      0.00000000      0.00000000      0.00000000      0.00000000      0.00000000      0.00000000      0.00000000      0.00000000      0.00000000      0.00000000      0.00000000
     0.73836924      2.33915257      5.32496661      2.54589984      2.63268717     12.92770317     23.47744692     -0.56410495     12.53347325     -6.08310373     34.70984600     44.96868378    -82.71818953      1.82237732    -36.19543692    -74.20454826      1.09146113      1.15055641     -2.22941150     17.70252819    -86.18576790    -56.43592321    -71.25766566     -7.38051243     34.28121616     12.32565487    -61.28774261      9.47209618    194.08677520    -46.24213851      8.16059309   -140.73211603   -119.61048647    -36.34999447     -6.84163324     -5.40436655      0.00000000      0.00000000      0.00000000      0.00000000      0.00000000      0.00000000      0.00000000      0.00000000      0.00000000      0.00000000      0.00000000      0.00000000      0.00000000      0.00000000      0.00000000      0.00000000      0.00000000      0.00000000      0.00000000      0.00000000      0.00000000      0.00000000      0.00000000      0.00000000      0.00000000      0.00000000      0.00000000      0.00000000      0.00000000      0.00000000      0.00000000      0.00000000      0.00000000      0.00000000      0.00000000      0.00000000      0.00000000      0.00000000      0.00000000      0.00000000      0.00000000      0.00000000      0.00000000      0.00000000      0.00000000      0.00000000      0.00000000      0.00000000      0.00000000      0.00000000      0.00000000      0.00000000      0.00000000      0.00000000      0.00000000      0.00000000      0.00000000      0.00000000      0.00000000      0.00000000      0.00000000      0.00000000      0.00000000      0.00000000
     3.68808455      1.21388777      3.82922353     -0.37599158     -0.63612799     -7.07022679     -3.18625941      9.57998495     19.81889387      4.95352476     34.84444037     40.28322196    -82.51172923    -11.89875281    -29.15641123    -41.66211052      2.64832510     -1.69927077      2.85867279      8.99978069    -56.60372269    -35.08629632    -19.50989343      2.86128858    -20.71365154     -0.47022435     13.61028901      0.81771028     34.68168791    -14.41302725     -6.74440367     67.68948804     31.10166648     19.06552875      0.15961908      7.03031915      3.92516006      0.00000000      0.00000000      0.00000000      0.00000000      0.00000000      0.00000000      0.00000000      0.00000000      0.00000000      0.00000000      0.00000000      0.00000000      0.00000000      0.00000000      0.00000000      0.00000000      0.00000000      0.00000000      0.00000000      0.00000000      0.00000000      0.00000000      0.00000000      0.00000000      0.00000000      0.00000000      0.00000000      0.00000000      0.00000000      0.00000000      0.00000000      0.00000000      0.00000000      0.00000000      0.00000000      0.00000000      0.00000000      0.00000000      0.00000000      0.00000000      0.00000000      0.00000000      0.00000000      0.00000000      0.00000000      0.00000000      0.00000000      0.00000000      0.00000000      0.00000000      0.00000000      0.00000000      0.00000000      0.00000000      0.00000000      0.00000000      0.00000000      0.00000000      0.00000000      0.00000000      0.00000000      0.00000000      0.00000000
     4.08066058      3.89395632      9.05830059     -2.82982733     -8.31473427    -42.68318213    -56.80356814     18.40871636      6.93460947     -8.71413726      6.29958362     22.34162717    -21.28569480     33.31252102    -18.73962838    -36.05486807     -4.66628133      0.33064953      6.92757865     -9.78002703     59.69964193     35.79501797     36.44852207      5.83181470    -11.06521822    -12.09620582     44.84291192    -18.18326053   -404.07811690     28.46868660     -5.80877084     93.84617121     62.03286633     30.39077238     20.45821734     24.45975148    121.11611998    335.54763703      0.00000000      0.00000000      0.00000000      0.00000000      0.00000000      0.00000000      0.00000000      0.00000000      0.00000000      0.00000000      0.00000000      0.00000000      0.00000000      0.00000000      0.00000000      0.00000000      0.00000000      0.00000000      0.00000000      0.00000000      0.00000000      0.00000000      0.00000000      0.00000000      0.00000000      0.00000000      0.00000000      0.00000000      0.00000000      0.00000000      0.00000000      0.00000000      0.00000000      0.00000000      0.00000000      0.00000000      0.00000000      0.00000000      0.00000000      0.00000000      0.00000000      0.00000000      0.00000000      0.00000000      0.00000000      0.00000000      0.00000000      0.00000000      0.00000000      0.00000000      0.00000000      0.00000000      0.00000000      0.00000000      0.00000000      0.00000000      0.00000000      0.00000000      0.00000000      0.00000000      0.00000000      0.00000000
     7.21373700     -3.97302677      1.25717311     -4.39969931     -2.32217206     -0.49001585    -15.49313366     -2.07786343     -5.15011116      0.59012471    -20.53592221    -27.16897684     49.13173784     -9.39128216      8.75252518     11.77430958     -8.65674731     -8.21243288     56.00063264    -19.86244003    106.87888364     61.49733237     54.87037053     -0.37768283     18.31634661    -15.94130009     71.18851959    -11.90057799   -247.61359562     13.38845410      9.97966686    -98.02059313    -49.43383153    -22.74169711      0.78460020      1.63337590     33.06523008     91.06026568     12.16281740      0.00000000      0.00000000      0.00000000      0.00000000      0.00000000      0.00000000      0.00000000      0.00000000      0.00000000      0.00000000      0.00000000      0.00000000      0.00000000      0.00000000      0.00000000      0.00000000      0.00000000      0.00000000      0.00000000      0.00000000      0.00000000      0.00000000      0.00000000      0.00000000      0.00000000      0.00000000      0.00000000      0.00000000      0.00000000      0.00000000      0.00000000      0.00000000      0.00000000      0.00000000      0.00000000      0.00000000      0.00000000      0.00000000      0.00000000      0.00000000      0.00000000      0.00000000      0.00000000      0.00000000      0.00000000      0.00000000      0.00000000      0.00000000      0.00000000      0.00000000      0.00000000      0.00000000      0.00000000      0.00000000      0.00000000      0.00000000      0.00000000      0.00000000      0.00000000      0.00000000      0.00000000
     3.50097110      5.44472498      7.48932979     -1.24362259     -0.60246370     -5.17154836     -1.62167623      0.29359523      4.86006862      8.28981118     -2.21808778     -4.77538669      5.90023979    -14.14576536      0.21304487      1.99149272      4.75083917     -0.15233807    -11.00807823     12.45448259    -63.49213312    -35.10828431    -34.33422195     -9.31141186     15.99385888     13.79639096    -48.31633711     17.23125472    369.80736343    -24.82850749      7.26255635   -108.13190133    -81.33173125    -36.11904118    -13.80705201     -0.23048864     14.28183653      6.21431807     56.17556035     35.22230255      0.00000000      0.00000000      0.00000000      0.00000000      0.00000000      0.00000000      0.00000000      0.00000000      0.00000000      0.00000000      0.00000000      0.00000000      0.00000000      0.00000000      0.00000000      0.00000000      0.00000000      0.00000000      0.00000000      0.00000000      0.00000000      0.00000000      0.00000000      0.00000000      0.00000000      0.00000000      0.00000000      0.00000000      0.00000000      0.00000000      0.00000000      0.00000000      0.00000000      0.00000000      0.00000000      0.00000000      0.00000000      0.00000000      0.00000000      0.00000000      0.00000000      0.00000000      0.00000000      0.00000000      0.00000000      0.00000000      0.00000000      0.00000000      0.00000000      0.00000000      0.00000000      0.00000000      0.00000000      0.00000000      0.00000000      0.00000000      0.00000000      0.00000000      0.00000000      0.00000000
     1.65918498      6.06508734     13.69975759    -10.19650701     -6.80120237    -17.73284840    -47.25977142     13.91320209      5.06216162      0.72553251      6.72669569     10.34219651    -18.72203189     17.50986496      6.68258639     28.40750154     -4.12707622     11.33094177    -46.88837503     -1.16278704     11.63698508     30.87989036     70.08559440      4.38564766    -71.58993234     -3.71594691     49.37122450     -4.11020514    -80.51619239     48.13145307     -7.06239902    124.31511636    125.03136950     33.55149405      7.57493714      1.57834379    -11.87513793    -16.87932508    -20.43871885    -11.44782996     20.44184136      0.00000000      0.00000000      0.00000000      0.00000000      0.00000000      0.00000000      0.00000000      0.00000000      0.00000000      0.00000000      0.00000000      0.00000000      0.00000000      0.00000000      0.00000000      0.00000000      0.00000000      0.00000000      0.00000000      0.00000000      0.00000000      0.00000000      0.00000000      0.00000000      0.00000000      0.00000000      0.00000000      0.00000000      0.00000000      0.00000000      0.00000000      0.00000000      0.00000000      0.00000000      0.00000000      0.00000000      0.00000000      0.00000000      0.00000000      0.00000000      0.00000000      0.00000000      0.00000000      0.00000000      0.00000000      0.00000000      0.00000000      0.00000000      0.00000000      0.00000000      0.00000000      0.00000000      0.00000000      0.00000000      0.00000000      0.00000000      0.00000000      0.00000000      0.00000000
     2.41859395      4.28848272      4.19495694     -0.87577948      3.11611709     21.16686712     26.87336171     -4.27100790      6.40128290      1.38089991     17.20799522     20.78869457    -38.19993338     -6.00209637    -19.72898032    -50.83446876      7.49051646     13.19229137    -83.12624354     23.79367992   -107.97332779    -47.55864757    -39.90906423     -2.67830497    -28.28857782     12.26482676    -37.93053524      8.95228271    193.59068202    -25.08343519     -6.73758657     42.48758832     41.32046429     21.89565884     -9.17727870    -11.33518670   -101.38317936   -271.76461077    -41.46898901    -11.73464496     32.45421335     41.53454192      0.00000000      0.00000000      0.00000000      0.00000000      0.00000000      0.00000000      0.00000000      0.00000000      0.00000000      0.00000000      0.00000000      0.00000000      0.00000000      0.00000000      0.00000000      0.00000000      0.00000000      0.00000000      0.00000000      0.00000000      0.00000000      0.00000000      0.00000000      0.00000000      0.00000000      0.00000000      0.00000000      0.00000000      0.00000000      0.00000000      0.00000000      0.00000000      0.00000000      0.00000000      0.00000000      0.00000000      0.00000000      0.00000000      0.00000000      0.00000000      0.00000000      0.00000000      0.00000000      0.00000000      0.00000000      0.00000000      0.00000000      0.00000000      0.00000000      0.00000000      0.00000000      0.00000000      0.00000000      0.00000000      0.00000000      0.00000000      0.00000000      0.00000000
     0.91615328      0.30131434      2.93049924      2.29524017      4.30595568     23.17632943     30.12609504     -0.96804988     17.97257654      7.53149471     39.02731612     31.88469472    -85.42642784    -39.17520012    -25.31458029    -49.34171934      6.92823510     11.98416433    -65.78407095     18.40565400    -92.56128489    -42.73682246    -40.76572612      1.20015861    -22.75519821      5.84303318     -2.27899542      5.59549616    143.53858476    -21.89053162     -5.79650240     40.52491168     24.16854309     13.01236891      0.69042282      4.38764152    -17.80312511    -51.84233963    -22.79911907    -10.60873244      4.51254556      9.69253730     -1.71341705      0.00000000      0.00000000      0.00000000      0.00000000      0.00000000      0.00000000      0.00000000      0.00000000      0.00000000      0.00000000      0.00000000      0.00000000      0.00000000      0.00000000      0.00000000      0.00000000      0.00000000      0.00000000      0.00000000      0.00000000      0.00000000      0.00000000      0.00000000      0.00000000      0.00000000      0.00000000      0.00000000      0.00000000      0.00000000      0.00000000      0.00000000      0.00000000      0.00000000      0.00000000      0.00000000      0.00000000      0.00000000      0.00000000      0.00000000      0.00000000      0.00000000      0.00000000      0.00000000      0.00000000      0.00000000      0.00000000      0.00000000      0.00000000      0.00000000      0.00000000      0.00000000      0.00000000      0.00000000      0.00000000      0.00000000      0.00000000      0.00000000
     8.71108993     -0.95466061     -0.38217402      3.76733776     -0.79695594    -18.99190776     -5.89630983      1.80722307      9.52869394     14.06497769    -12.12665212    -33.10157350     46.00431711    -41.14708816     20.30903038     31.23261506      0.14437182      7.70669050    -42.69623443     -2.14154219     16.50609697     23.31241275     25.54822060     -3.47084057     -3.35041481     -0.39179264     14.03848032     -2.38174349    -64.54391220     10.07824525      1.99256303    -18.53006827     26.25867333     -9.53540263    -15.82950355    -24.60268424   -135.24085545   -361.91835508    -22.19661807     -2.36764837     25.64231646      7.62533374    -12.65939380   -148.56778377      0.00000000      0.00000000      0.00000000      0.00000000      0.00000000      0.00000000      0.00000000      0.00000000      0.00000000      0.00000000      0.00000000      0.00000000      0.00000000      0.00000000      0.00000000      0.00000000      0.00000000      0.00000000      0.00000000      0.00000000      0.00000000      0.00000000      0.00000000      0.00000000      0.00000000      0.00000000      0.00000000      0.00000000      0.00000000      0.00000000      0.00000000      0.00000000      0.00000000      0.00000000      0.00000000      0.00000000      0.00000000      0.00000000      0.00000000      0.00000000      0.00000000      0.00000000      0.00000000      0.00000000      0.00000000      0.00000000      0.00000000      0.00000000      0.00000000      0.00000000      0.00000000      0.00000000      0.00000000      0.00000000      0.00000000      0.00000000
     8.12353473      2.20740974      8.38740138     -9.25978483     -2.01207118     10.13006891     -8.82797337      0.25986334     -1.28667317     -1.92707288      6.22876014     13.62431101    -24.76329715     11.58573496    -10.12960486    -20.40814534     -5.14498016      4.88771649     -5.31743870      3.25915992     -5.73104544     17.64206029     33.23197459      3.24705128    -30.82913532    -14.35026553     87.60009342     -5.35217549    -93.68692364      8.71235798      4.60745209    -58.39373519     43.51473084     14.47610684    -25.60063290    -40.10451096   -233.69955401   -620.95412491    -54.99428361    -15.70352082     61.79557054     39.45103227    -13.82284267   -163.06626966      1.81523994      0.00000000      0.00000000      0.00000000      0.00000000      0.00000000      0.00000000      0.00000000      0.00000000      0.00000000      0.00000000      0.00000000      0.00000000      0.00000000      0.00000000      0.00000000      0.00000000      0.00000000      0.00000000      0.00000000      0.00000000      0.00000000      0.00000000      0.00000000      0.00000000      0.00000000      0.00000000      0.00000000      0.00000000      0.00000000      0.00000000      0.00000000      0.00000000      0.00000000      0.00000000      0.00000000      0.00000000      0.00000000      0.00000000      0.00000000      0.00000000      0.00000000      0.00000000      0.00000000      0.00000000      0.00000000      0.00000000      0.00000000      0.00000000      0.00000000      0.00000000      0.00000000      0.00000000      0.00000000      0.00000000      0.00000000
     2.76025614      1.12278160      4.32834474      3.39185533     -1.04445060    -11.21199221     -6.94337944      8.78690068     15.70817404     -5.80136611     25.56245534     38.99893202    -50.23902684     15.89889774    -28.95524097    -52.56007504     -6.30809361     -2.44638565     16.15879268      3.65219415    -20.61210540    -24.71817242    -48.82717400     -4.23371949     40.35747956      2.99035237    -29.49351048     -3.48221643    -78.38047096    -20.87174975      9.28263742   -129.62674599   -119.69686763    -29.95855571     11.61987459     17.35104657    127.64324256    347.20677037     25.04167372      4.01447712    -14.25318537      1.26423562      7.20352160     61.43347242    -23.28887019   -217.42423174      0.00000000      0.00000000      0.00000000      0.00000000      0.00000000      0.00000000      0.00000000      0.00000000      0.00000000      0.00000000      0.00000000      0.00000000      0.00000000      0.00000000      0.00000000      0.00000000      0.00000000      0.00000000      0.00000000      0.00000000      0.00000000      0.00000000      0.00000000      0.00000000      0.00000000      0.00000000      0.00000000      0.00000000      0.00000000      0.00000000      0.00000000      0.00000000      0.00000000      0.00000000      0.00000000      0.00000000      0.00000000      0.00000000      0.00000000      0.00000000      0.00000000      0.00000000      0.00000000      0.00000000      0.00000000      0.00000000      0.00000000      0.00000000      0.00000000      0.00000000      0.00000000      0.00000000      0.00000000      0.00000000
     1.02452904      1.72613745     10.25733874     -5.04635863     -5.74521758    -28.12700906    -39.29882310     20.37595767     21.91255015     -0.63083838     38.78063908     51.95498048    -99.16101430      3.82568593    -32.21858548    -27.61529983     -4.46082578     -5.08230797     38.00731899      2.82298749    -23.95565420    -14.05392607      5.15224767      9.12610391    -26.21295468     -8.81328345     37.96352471      5.31766716    155.98364140     -6.89146959     -3.89185477     53.89734646      9.92739693     17.62242406     23.77329576     38.59047907    181.59097747    469.61507704     55.27484049      3.62240030    -63.02256020    -26.18693242     16.61290986    204.31889852     23.57281653    218.31046687     16.96313532      0.00000000      0.00000000      0.00000000      0.00000000      0.00000000      0.00000000      0.00000000      0.00000000      0.00000000      0.00000000      0.00000000      0.00000000      0.00000000      0.00000000      0.00000000      0.00000000      0.00000000      0.00000000      0.00000000      0.00000000      0.00000000      0.00000000      0.00000000      0.00000000      0.00000000      0.00000000      0.00000000      0.00000000      0.00000000      0.00000000      0.00000000      0.00000000      0.00000000      0.00000000      0.00000000      0.00000000      0.00000000      0.00000000      0.00000000      0.00000000      0.00000000      0.00000000      0.00000000      0.00000000      0.00000000      0.00000000      0.00000000      0.00000000      0.00000000      0.00000000      0.00000000      0.00000000      0.00000000
     6.55587250      3.10634646      8.87176964     -2.59285562     -6.33141893    -37.16870826    -41.73419935     10.75969664      2.26099443     -4.62610778     -3.84276698      6.67054640      6.95863853     26.54335297     -2.61001448      8.43080637    -13.95091261    -11.97127391     85.07006752    -18.11711886     86.79778761     36.46605461     26.44848359      7.50616610     15.98557839     -6.44724527     -8.00541130      2.16300039     48.05046105      9.45988907     -2.86437807     64.32685124    -13.48466402      5.81538668     18.08539262     30.53859349    179.00156757    476.76726277     52.00082199     -0.82200740    -50.98084342    -40.70880377      1.86930011     30.12577451      5.43302487     50.95461724      5.87048100      6.14397445      0.00000000      0.00000000      0.00000000      0.00000000      0.00000000      0.00000000      0.00000000      0.00000000      0.00000000      0.00000000      0.00000000      0.00000000      0.00000000      0.00000000      0.00000000      0.00000000      0.00000000      0.00000000      0.00000000      0.00000000      0.00000000      0.00000000      0.00000000      0.00000000      0.00000000      0.00000000      0.00000000      0.00000000      0.00000000      0.00000000      0.00000000      0.00000000      0.00000000      0.00000000      0.00000000      0.00000000      0.00000000      0.00000000      0.00000000      0.00000000      0.00000000      0.00000000      0.00000000      0.00000000      0.00000000      0.00000000      0.00000000      0.00000000      0.00000000      0.00000000      0.00000000      0.00000000
     9.12268154      0.21487806      5.80889183     -3.47713534     -5.45617538    -24.55925265    -36.72147592      3.83257524     -3.47891259     -1.07382433    -30.27939197    -33.96338025     77.24528039     -5.30110484     15.17276092     35.94968384      4.20164179     -7.67650789     15.37510499    -19.66404730    102.71340412     56.44161002     35.80357927     -0.86589062     43.71815632    -16.88807297     66.90407353    -10.17265526   -212.36771335     21.02182374      9.75647690    -93.74843845    -29.95645452    -29.56250304     13.85097767     17.14678248    106.45925770    280.35988013     25.19746642      8.97777351    -45.30406603    -13.95105900     -3.35801791    -32.84692186     20.16463467    181.16554225     -9.38979063     -5.32339087     39.02001431      0.00000000      0.00000000      0.00000000      0.00000000      0.00000000      0.00000000      0.00000000      0.00000000      0.00000000      0.00000000      0.00000000      0.00000000      0.00000000      0.00000000      0.00000000      0.00000000      0.00000000      0.00000000      0.00000000      0.00000000      0.00000000      0.00000000      0.00000000      0.00000000      0.00000000      0.00000000      0.00000000      0.00000000      0.00000000      0.00000000      0.00000000      0.00000000      0.00000000      0.00000000      0.00000000      0.00000000      0.00000000      0.00000000      0.00000000      0.00000000      0.00000000      0.00000000      0.00000000      0.00000000      0.00000000      0.00000000      0.00000000      0.00000000      0.00000000      0.00000000      0.00000000
     7.84205531     -3.00707146      4.52851406     -7.95125769     -5.45763048    -10.05848412    -40.25516963      6.06417590     -0.02461933     -2.12118062     -3.67119922     -2.61826402      2.41404016      3.55395606      0.80639898     13.19633913    -10.97162766     -5.08295045     53.30968836    -17.22888607     90.54522487     55.32036589     59.96391246     13.80178403    -28.79994993    -19.44142851     80.09695910    -10.54353592   -208.70883284     25.17984083     -7.15115933    114.19256223     90.30341045     38.43835756      3.85171533     -0.69311862    -38.68831281    -92.21769347    -27.28317181    -24.88553189     11.45765656      2.45851611     -6.44319681    -64.27876485     18.53610417    166.41187678      5.35023895      7.38213617     -3.22144825     17.38028012      0.00000000      0.00000000      0.00000000      0.00000000      0.00000000      0.00000000      0.00000000      0.00000000      0.00000000      0.00000000      0.00000000      0.00000000      0.00000000      0.00000000      0.00000000      0.00000000      0.00000000      0.00000000      0.00000000      0.00000000      0.00000000      0.00000000      0.00000000      0.00000000      0.00000000      0.00000000      0.00000000      0.00000000      0.00000000      0.00000000      0.00000000      0.00000000      0.00000000      0.00000000      0.00000000      0.00000000      0.00000000      0.00000000      0.00000000      0.00000000      0.00000000      0.00000000      0.00000000      0.00000000      0.00000000      0.00000000      0.00000000      0.00000000      0.00000000      0.00000000
     6.53543679      1.09909272      7.82180437     -1.85408019     -6.72649227    -36.41112180    -45.49073826     12.34459422      0.76546404     -6.57667884     -3.01955241      1.25223627     -0.48112745     15.25662792     -0.86976344     -3.28115693     -3.89936083     -0.59474068     18.16281924    -10.08392732     51.82772576     33.97839730     40.06036040      3.07616538     -6.38073077     -8.64269899     33.21883529     -8.58754363   -189.12618715     18.31703963     -1.82156281     44.86703105     22.44698356     10.09995716     10.35319155     15.72675733     80.56933226    213.37800622     23.51589471      8.69128532     -2.49007562     -3.27282423      2.29373233     27.01691699     11.14196343    100.05739731      1.74863722     -0.93126394      2.20999058     10.14651083     -0.76070694      0.00000000      0.00000000      0.00000000      0.00000000      0.00000000      0.00000000      0.00000000      0.00000000      0.00000000      0.00000000      0.00000000      0.00000000      0.00000000      0.00000000      0.00000000      0.00000000      0.00000000      0.00000000      0.00000000      0.00000000      0.00000000      0.00000000      0.00000000      0.00000000      0.00000000      0.00000000      0.00000000      0.00000000      0.00000000      0.00000000      0.00000000      0.00000000      0.00000000      0.00000000      0.00000000      0.00000000      0.00000000      0.00000000      0.00000000      0.00000000      0.00000000      0.00000000      0.00000000      0.00000000      0.00000000      0.00000000      0.00000000      0.00000000      0.00000000
     2.20267757      7.49835521     15.37716172     -4.49569631     -5.97801445    -35.89790552    -36.87799660     21.31331847     25.55161158      9.71813779     36.18413659     38.46128950    -84.75907278     -1.96165394    -24.00428481    -53.38749770     -8.57888593     15.96687131    -37.49692437     10.81899974    -44.67229274      1.11718755     27.58214146      3.17277163    -55.59175612      2.95699320     14.24178996      8.31228108    201.03279235     -8.86249419     -4.09356848     33.88384091     40.50437636     29.31912516     10.22656591      9.47118974     35.95365885    110.23005790    -28.58648486     -8.09445781      8.52673856      2.65897069     -2.61138776     -8.77877037     11.97410642    107.67328303      7.91083898     12.45808402    -25.69973417     -0.38578994    -40.19738804    885.44501778      0.00000000      0.00000000      0.00000000      0.00000000      0.00000000      0.00000000      0.00000000      0.00000000      0.00000000      0.00000000      0.00000000      0.00000000      0.00000000      0.00000000      0.00000000      0.00000000      0.00000000      0.00000000      0.00000000      0.00000000      0.00000000      0.00000000      0.00000000      0.00000000      0.00000000      0.00000000      0.00000000      0.00000000      0.00000000      0.00000000      0.00000000      0.00000000      0.00000000      0.00000000      0.00000000      0.00000000      0.00000000      0.00000000      0.00000000      0.00000000      0.00000000      0.00000000      0.00000000      0.00000000      0.00000000      0.00000000      0.00000000      0.00000000
     9.64583068     -0.80768797      5.56635652     -8.33217450      0.64056638     16.53021188     13.02154221     -9.48534037     -4.52521628      5.86597858    -13.08741596    -17.78331921     30.24921993     -6.75132200     10.29905148     17.79756963     -5.69114083      0.29800433     12.41922821      3.24629658    -18.34249853      3.58571371     17.08400779     -7.79835439     -1.87347212      6.79499200     -8.58065480     15.30594719    345.13185239     -9.55119490      2.04776687    -30.45649673    -12.89770161     -7.76805625     -1.30838530     -0.43525712     -7.20671754    -27.62083276     10.43175412      0.42100248     -8.41398036     -3.54911905     -1.65168781    -14.91950973     -2.25797895    -21.59286598      1.68103866     -0.96630192     -2.85026091    -16.90490664     13.38412033   -275.20866839    -16.90357099      0.00000000      0.00000000      0.00000000      0.00000000      0.00000000      0.00000000      0.00000000      0.00000000      0.00000000      0.00000000      0.00000000      0.00000000      0.00000000      0.00000000      0.00000000      0.00000000      0.00000000      0.00000000      0.00000000      0.00000000      0.00000000      0.00000000      0.00000000      0.00000000      0.00000000      0.00000000      0.00000000      0.00000000      0.00000000      0.00000000      0.00000000      0.00000000      0.00000000      0.00000000      0.00000000      0.00000000      0.00000000      0.00000000      0.00000000      0.00000000      0.00000000      0.00000000      0.00000000      0.00000000      0.00000000      0.00000000      0.00000000
     1.80519534      8.06993267     11.02299472      1.21176260     -6.82029002    -46.83441083    -43.32956968     17.94433313     14.71677396     -6.53985064     15.85126825     36.37876492    -39.19055801     37.50526933    -28.15634118    -62.24200384     -8.65197730      0.82243250     21.52668944      8.13734132    -31.60335457    -19.93925966    -40.57901909     -4.37725487     36.35488686      9.82705825    -68.61204510     12.33027805    262.17689592    -29.25773203     14.08340847   -182.57190880   -173.80796417    -54.91766488      7.24398198     29.16656205    211.54306285    524.79858738    125.59681768     49.69162727    -71.91860751    -32.78128566     16.93991238    187.10427891     -8.86336264    -81.40953511     -3.97858271     10.70409283    -11.92111550     12.38509994     31.61515783   -685.90182402    -37.08114551     -6.94256923      0.00000000      0.00000000      0.00000000      0.00000000      0.00000000      0.00000000      0.00000000      0.00000000      0.00000000      0.00000000      0.00000000      0.00000000      0.00000000      0.00000000      0.00000000      0.00000000      0.00000000      0.00000000      0.00000000      0.00000000      0.00000000      0.00000000      0.00000000      0.00000000      0.00000000      0.00000000      0.00000000      0.00000000      0.00000000      0.00000000      0.00000000      0.00000000      0.00000000      0.00000000      0.00000000      0.00000000      0.00000000      0.00000000      0.00000000      0.00000000      0.00000000      0.00000000      0.00000000      0.00000000      0.00000000      0.00000000
     5.32386435     -1.02492584     -0.71879418      7.40221080     -3.86805770    -38.35572691    -30.90413755     12.47313080     13.79019921     -2.44202392      8.50300560     14.75516698     -9.35588861      3.61656662    -14.94793056    -23.76287291     -1.72840555     -0.72627513     -5.04106730     -0.66365582      4.18092335     -7.39086956    -25.46194505      0.84397920      7.34385343      0.27232983     -4.24105956      7.43525275    173.86437389    -16.38796972      2.41883560    -39.28557683    -52.34147074    -16.94633239     16.41657834     29.96232748    168.53606066    427.33415465     73.11302796     21.47387963    -63.28103272    -26.58361235      8.45522570    113.93821777     21.69541042    194.87375487      3.48163308     12.62852546     -3.82308518     20.90618297      1.11585745    -30.46854693    -12.86495505     16.84968288    -69.72865049      0.00000000      0.00000000      0.00000000      0.00000000      0.00000000      0.00000000      0.00000000      0.00000000      0.00000000      0.00000000      0.00000000      0.00000000      0.00000000      0.00000000      0.00000000      0.00000000      0.00000000      0.00000000      0.00000000      0.00000000      0.00000000      0.00000000      0.00000000      0.00000000      0.00000000      0.00000000      0.00000000      0.00000000      0.00000000      0.00000000      0.00000000      0.00000000      0.00000000      0.00000000      0.00000000      0.00000000      0.00000000      0.00000000      0.00000000      0.00000000      0.00000000      0.00000000      0.00000000      0.00000000      0.00000000
     6.74476756      3.29119254      1.03191479      8.66779569     -6.35261086    -57.16881493    -49.48039447     18.35486263     15.75722575     -1.45912391      4.59130305     12.06819191     -0.50209092     13.35062683    -12.57407321    -31.41645434     -3.58228535     -1.99108168     12.84228354     -2.08489237     14.09892558      3.06214035    -10.30379841      2.36065678     15.48347667     -7.16501795     21.10584404     -7.93576623   -177.71108869      6.73194637      3.33252001    -35.88921280     -4.90383943     -9.97185125     -7.76905682     -4.62186969    -23.60469770    -73.77401350     16.78302515      6.00126532     -0.97297645     -1.79387042    -10.72152438   -128.85022035      4.69981985     37.25911069     -8.62658614      0.48195826     19.11021545      3.03605855     22.16746484   -486.73632810    -13.45993312      0.09205823     -8.30144874     -0.06203440      0.00000000      0.00000000      0.00000000      0.00000000      0.00000000      0.00000000      0.00000000      0.00000000      0.00000000      0.00000000      0.00000000      0.00000000      0.00000000      0.00000000      0.00000000      0.00000000      0.00000000      0.00000000      0.00000000      0.00000000      0.00000000      0.00000000      0.00000000      0.00000000      0.00000000      0.00000000      0.00000000      0.00000000      0.00000000      0.00000000      0.00000000      0.00000000      0.00000000      0.00000000      0.00000000      0.00000000      0.00000000      0.00000000      0.00000000      0.00000000      0.00000000      0.00000000      0.00000000      0.00000000
     3.86509901      0.21528150      2.69991988     -0.51635483     -4.85215153    -29.80985102    -32.70870871      8.91153089      0.96095554     -6.18304594     -2.45835705     13.92700226      0.99006942     40.68374839     -5.20784268      0.00772951     -4.59564704    -10.27394010     62.23935937     -4.04286068     14.02214989     -7.25462506    -13.83369865      0.23910320     18.19711147     -4.03615363     -0.78879547     -8.28687392   -187.60370138      3.32403386      8.27935231    -92.84267476    -83.49757631    -15.43542783      6.15466236     15.14169445    113.16838772    291.90390345     50.30292173     23.69671933    -15.40523370      2.05650644      1.95892879    -10.74468299    -11.51513698   -120.93951686    -11.03435456     -3.39252496     26.82769785     -3.48542442     15.93707977   -349.63617350    -12.44954581      3.18674357    -10.08923060      4.07276011   -221.70606649      0.00000000      0.00000000      0.00000000      0.00000000      0.00000000      0.00000000      0.00000000      0.00000000      0.00000000      0.00000000      0.00000000      0.00000000      0.00000000      0.00000000      0.00000000      0.00000000      0.00000000      0.00000000      0.00000000      0.00000000      0.00000000      0.00000000      0.00000000      0.00000000      0.00000000      0.00000000      0.00000000      0.00000000      0.00000000      0.00000000      0.00000000      0.00000000      0.00000000      0.00000000      0.00000000      0.00000000      0.00000000      0.00000000      0.00000000      0.00000000      0.00000000      0.00000000      0.00000000
     7.03767253     -0.04077147     -1.16696159      1.79785709     -1.72427796    -10.39598648    -17.58287053     -0.15967123     -2.61865708     -0.09820669    -17.09588564    -22.08919301     46.85796682     -9.09674214     13.30846903     34.17257786      3.24057256     -1.22206210    -16.61749750     -8.85426747     53.83739116     29.83676513     25.23093748      5.28514307     -6.57316002      3.65266999    -35.67044015     -3.20733936    -95.29479953     29.00104389    -11.94252058    177.64584012     78.25202059     30.74526380      8.65106741     15.17787436     55.62530973    148.50929811      4.91383678     -1.72542862     -5.13603356     -8.01448349     -3.63509421    -35.64483559      8.46209889     75.58005906      1.98282921      1.10118549     -5.45017432     21.80350762     -1.37254060     14.50313162      5.86465361     -6.02706535     47.71203156      3.51468143   -191.68285431    -14.33236181      0.00000000      0.00000000      0.00000000      0.00000000      0.00000000      0.00000000      0.00000000      0.00000000      0.00000000      0.00000000      0.00000000      0.00000000      0.00000000      0.00000000      0.00000000      0.00000000      0.00000000      0.00000000      0.00000000      0.00000000      0.00000000      0.00000000      0.00000000      0.00000000      0.00000000      0.00000000      0.00000000      0.00000000      0.00000000      0.00000000      0.00000000      0.00000000      0.00000000      0.00000000      0.00000000      0.00000000      0.00000000      0.00000000      0.00000000      0.00000000      0.00000000      0.00000000
     4.31258066      3.21268424      5.73346775     -2.40035242      2.64068402     24.24624502     18.11249389     -9.23142302     -2.63821044      4.09875326    -13.51369815    -21.91555889     42.11999779    -19.69982617      8.16247213     14.65336942      5.26031290      0.20970241    -29.63721507     -7.45047551     36.72292583     28.39748959     30.38569846      0.18569220     -1.31659870     -6.86298129     41.64761292     -4.52138578    -84.72006612     10.74517864     -1.91052605     24.51573375     58.84016836     26.83065314     -1.69191639    -10.10302282    -85.10858833   -217.02053074    -48.46242659    -21.20799786     13.98391772     27.60063274     -2.78781337    -25.19161557     17.56521325    158.76023021      7.90747455     -1.31520749      8.52518884     -3.44701296    -20.31427684    449.50854389     15.40002773      0.68440237      2.88146929     -9.54166588    493.46318753     61.61744841   -227.59398144      0.00000000      0.00000000      0.00000000      0.00000000      0.00000000      0.00000000      0.00000000      0.00000000      0.00000000      0.00000000      0.00000000      0.00000000      0.00000000      0.00000000      0.00000000      0.00000000      0.00000000      0.00000000      0.00000000      0.00000000      0.00000000      0.00000000      0.00000000      0.00000000      0.00000000      0.00000000      0.00000000      0.00000000      0.00000000      0.00000000      0.00000000      0.00000000      0.00000000      0.00000000      0.00000000      0.00000000      0.00000000      0.00000000      0.00000000      0.00000000      0.00000000
     9.97957648     -5.37253114      1.98130183     -9.28582602      3.18289900     39.27328307     24.41192523    -10.36928395      0.39144997     15.13392731     -0.54508141    -27.71788481      4.93154661    -57.85253738     17.73820626     32.77991975      6.24761256     12.74593220    -62.67929689     -6.56019597     36.75698999     43.42380513     62.66931386     17.43665975    -69.76458535    -18.17902146     82.37929906    -18.14933597   -378.66911562     28.70696633    -14.48000722    188.80427726    169.68424989     72.63233305      6.66075112     -1.01271972    -88.68315258   -223.80766135    -76.39564531    -48.31290278     -6.85494384     25.53675468     -5.58445502    -41.23168354     38.18295305    349.08269057      2.78234471     -1.41818724     33.44196553      2.02761774      0.32219482    -17.77205299     -1.52108678     -1.81896357      9.22810204     -6.92919349    339.62169720     30.98868186   -238.10289550     27.70165698      0.00000000      0.00000000      0.00000000      0.00000000      0.00000000      0.00000000      0.00000000      0.00000000      0.00000000      0.00000000      0.00000000      0.00000000      0.00000000      0.00000000      0.00000000      0.00000000      0.00000000      0.00000000      0.00000000      0.00000000      0.00000000      0.00000000      0.00000000      0.00000000      0.00000000      0.00000000      0.00000000      0.00000000      0.00000000      0.00000000      0.00000000      0.00000000      0.00000000      0.00000000      0.00000000      0.00000000      0.00000000      0.00000000      0.00000000      0.00000000
     7.51214177     -3.80122077     -2.26952854      6.91379525      0.75862609    -15.20022797      3.67357331      2.90402948      7.46476417      6.38898756      8.70989292     -3.39756823    -18.52895314    -34.74408142     -3.57956849    -17.93946523      5.35382281      7.05686218    -38.95782532     10.39707653    -46.78500478    -16.95405995     -7.34702445      1.82003060    -21.49160397      3.81070643     -4.72711602     12.02129947    276.19252519    -13.25622357     -5.16089572     53.73742953     32.54302951     13.10469292    -11.18936532     -9.72462865    -65.90832258   -184.04694567     -4.78444567     -5.26448612      4.62675118     -8.53669450     -2.35787759      0.20095547     23.40291147    225.95799749     11.34793398      5.35762090    -15.99045350     16.03382999    -15.72872283    337.55739739     18.51563068     -3.15038637      3.02531552    -16.32052673    851.78801189     89.92864107   -309.41139016    -15.86192080    -10.57936317      0.00000000      0.00000000      0.00000000      0.00000000      0.00000000      0.00000000      0.00000000      0.00000000      0.00000000      0.00000000      0.00000000      0.00000000      0.00000000      0.00000000      0.00000000      0.00000000      0.00000000      0.00000000      0.00000000      0.00000000      0.00000000      0.00000000      0.00000000      0.00000000      0.00000000      0.00000000      0.00000000      0.00000000      0.00000000      0.00000000      0.00000000      0.00000000      0.00000000      0.00000000      0.00000000      0.00000000      0.00000000      0.00000000      0.00000000
     5.74846949     -2.27795529      1.07949725     -3.27629377      0.62087957      8.96909094      8.15164494     -5.30526671      2.28650141      7.40384359     -4.13807503    -12.87421828     14.92277082    -18.72210167     14.65944525     45.69047832     -3.26392408      5.26292296    -29.34693405     -0.32166627      0.10983817     16.63434792     32.23602685     -4.74864569    -11.94008367      3.09148452      1.12345873      9.69981578    211.04238619     10.32323337     -4.22827324     60.15571345     61.17085162     21.88259262     -7.15991186    -14.06728022    -92.38435349   -245.49432690    -14.50987449    -13.54011418     11.88433170     14.30472242     -4.85022888    -55.85646606     12.46323867    128.31017126     16.05774327      5.77016178    -16.56259554     21.61770549     -8.36956972    178.00382017     37.61590774     25.88047181   -101.69947878    -27.31346367   1448.20320018     89.14233979   -298.88784725    -48.41250753    -26.98617680      5.04569144      0.00000000      0.00000000      0.00000000      0.00000000      0.00000000      0.00000000      0.00000000      0.00000000      0.00000000      0.00000000      0.00000000      0.00000000      0.00000000      0.00000000      0.00000000      0.00000000      0.00000000      0.00000000      0.00000000      0.00000000      0.00000000      0.00000000      0.00000000      0.00000000      0.00000000      0.00000000      0.00000000      0.00000000      0.00000000      0.00000000      0.00000000      0.00000000      0.00000000      0.00000000      0.00000000      0.00000000      0.00000000      0.00000000
     9.03582112      4.09121177      5.05281584      4.82907123     -8.20803038    -60.90759052    -67.57634355     18.21758328     11.82950202      7.34568241    -25.45584546    -30.58061289     80.46530041     -6.43101424      7.01371184     -6.06881247     -4.76358103     -9.71702652     44.06495396     -3.35888441     17.20547429      5.11793218     -1.46855644    -10.88853367     35.63879979     -5.05537672     44.75680240      5.34603688    146.87044645    -13.09157701     21.85618017   -267.24737770   -150.58774967    -72.08106799     -3.12378229      9.54607317     97.15910400    225.45531371     94.37884714     49.12299768    -28.79948051     -4.72884513     16.19053032    170.77670176      0.75014250      0.97201895     -5.00991777     -3.84225426      7.01496748     -5.83113366     21.89287832   -482.16222683    -37.27796829     -8.89168734     41.83494843     21.59614603  -1123.52089438    -96.52547838    416.64087585    -14.64444728      9.12830163     34.94850978    206.41386368      0.00000000      0.00000000      0.00000000      0.00000000      0.00000000      0.00000000      0.00000000      0.00000000      0.00000000      0.00000000      0.00000000      0.00000000      0.00000000      0.00000000      0.00000000      0.00000000      0.00000000      0.00000000      0.00000000      0.00000000      0.00000000      0.00000000      0.00000000      0.00000000      0.00000000      0.00000000      0.00000000      0.00000000      0.00000000      0.00000000      0.00000000      0.00000000      0.00000000      0.00000000      0.00000000      0.00000000      0.00000000
     2.64108452     -1.48832410      3.96768507     -1.57780869      2.93857998     16.42539333     27.78697233     -2.08940694     10.55889880      5.40133953     23.76420801     22.49308485    -58.95762573    -23.36379537    -17.03762833    -15.21091858      2.37417411     -0.93952097      3.02847017      6.14923672    -32.82020236    -24.58212395    -28.96032933      7.27964046     -1.79522808      6.92179432    -60.64497862      0.46471689     -4.52151520    -11.94390186    -16.90707556    197.12401077     68.27938269     46.16288279     10.86575952     18.20647772     57.03358148    166.91229042    -40.43455456    -35.23878052    -18.80760481     -2.08496212     -5.20070927    -46.17206788     18.74671061    186.00995222      1.97197145     -4.70181372     22.06273414    -11.08788686     -9.92128521    199.47846985      6.61652474      3.06376378     15.62751810     -0.53536705     14.04557169    -14.10400020    -50.90504345     15.78710683      7.42366934     12.99569750     97.39455319    -34.59729493      0.00000000      0.00000000      0.00000000      0.00000000      0.00000000      0.00000000      0.00000000      0.00000000      0.00000000      0.00000000      0.00000000      0.00000000      0.00000000      0.00000000      0.00000000      0.00000000      0.00000000      0.00000000      0.00000000      0.00000000      0.00000000      0.00000000      0.00000000      0.00000000      0.00000000      0.00000000      0.00000000      0.00000000      0.00000000      0.00000000      0.00000000      0.00000000      0.00000000      0.00000000      0.00000000      0.00000000
     1.94105243      5.32135873      9.21375197     -2.60232519     -5.14838645    -26.50216988    -38.01825371     12.07887654      4.31180814      1.28663116      1.71120582      5.59410012     -5.24541707     20.89681557      6.58742705     18.16552542     -5.51405751     -0.72397657     26.68308414     -0.14798166     -4.07744623     -1.67146585     19.96182975      9.54739399    -55.46234807     -0.55073302     11.80823609     -1.54923802    -15.75477539     15.41154172    -14.69615469    194.04561770     99.15222294     53.74617539     15.59400549     20.65782586     66.21848064    179.06392856     -4.10333817     -7.82728696    -13.87346878     -1.61775357     12.86892955    157.94090587     17.21865584    159.27511611      9.95370979      1.33894712    -13.75678920     -0.83174639      1.56374318    -22.45922593    -25.22793516    -19.86383005     76.78333439      3.11745271   -162.95427005    -18.44743437     68.14195191     -6.62448214     18.32804962     24.71033974    164.20471101    -35.45926538     37.50798848      0.00000000      0.00000000      0.00000000      0.00000000      0.00000000      0.00000000      0.00000000      0.00000000      0.00000000      0.00000000      0.00000000      0.00000000      0.00000000      0.00000000      0.00000000      0.00000000      0.00000000      0.00000000      0.00000000      0.00000000      0.00000000      0.00000000      0.00000000      0.00000000      0.00000000      0.00000000      0.00000000      0.00000000      0.00000000      0.00000000      0.00000000      0.00000000      0.00000000      0.00000000      0.00000000
     1.44810275      6.14334986     12.14353004     -7.56891108     -2.36645966     -3.06580965    -12.43781583      2.53266987      4.11007261     14.35392703     -9.13965309    -22.96633149     28.23513650    -16.37501889     16.47343617     21.70526290      1.66992572     11.10744735    -50.36670033     -7.45473587     49.62447775     36.04608976     32.06540320     15.64623390    -31.97102174     -1.28534437    -36.44032298    -11.71476670   -279.89599440     22.31873659    -13.27491485    184.01400928     68.69934130     41.24610968     25.02581784     33.72954936    161.28661383    443.33717287      6.09297897     -9.40726111    -28.40994315    -15.91301325      9.08788580    123.01244389     18.69498173    186.49822606      2.63415161     19.20990957    -14.90254120     48.77383493    -34.57256393    723.08322520     28.91716363     11.74866051    -66.35544244    -10.03078630    524.87530296     32.85810517   -159.73961758      7.06698862    -14.73761272    -20.80862760   -119.79134036    -11.02694720      4.19952990     54.58294825      0.00000000      0.00000000      0.00000000      0.00000000      0.00000000      0.00000000      0.00000000      0.00000000      0.00000000      0.00000000      0.00000000      0.00000000      0.00000000      0.00000000      0.00000000      0.00000000      0.00000000      0.00000000      0.00000000      0.00000000      0.00000000      0.00000000      0.00000000      0.00000000      0.00000000      0.00000000      0.00000000      0.00000000      0.00000000      0.00000000      0.00000000      0.00000000      0.00000000      0.00000000
     7.46958092      2.64894843      3.26000808      0.12715233      0.49315641     -2.12524933      3.10541769      4.48066420     13.71100647      9.56517099     19.40154596     18.37121290    -43.99232154    -18.86887226    -15.60290786    -32.91504646      8.84601018     13.13440273    -80.15562325     23.56277166   -114.54946545    -50.02008416    -35.30144048     -4.28903181    -29.40593771     12.85995182    -35.36362443     14.89262415    329.32700439    -31.44856668     -3.26901374      3.11306532      5.00184562      9.30925447     -6.34918877     -4.66788536    -57.57273291   -170.04508042      1.20802758      1.49374085      1.73715438     26.89861874      5.20512266     53.55453666      5.83144616     51.11817196     -6.94710403      6.29901066      6.71149281      1.17800326     19.49134741   -431.45549997    -33.30538879     16.85693536    -62.97808602      9.86251377   -512.17980544    -91.45575226    277.55187656      4.90752485      1.06640626     26.87637914    158.65393848    -25.55545926     -8.66739090     43.64145247      7.43906100      0.00000000      0.00000000      0.00000000      0.00000000      0.00000000      0.00000000      0.00000000      0.00000000      0.00000000      0.00000000      0.00000000      0.00000000      0.00000000      0.00000000      0.00000000      0.00000000      0.00000000      0.00000000      0.00000000      0.00000000      0.00000000      0.00000000      0.00000000      0.00000000      0.00000000      0.00000000      0.00000000      0.00000000      0.00000000      0.00000000      0.00000000      0.00000000      0.00000000
     2.48232619      8.18321127     15.77935886    -10.00320744     -7.00520405    -27.43361603    -40.81394588     11.80412083      8.49698671     -0.07932680      1.47669281     12.67885602     -7.49955674     20.30645772    -10.63073684    -11.73461143    -11.46616476     -3.08617770     42.58463030     -8.76125836     52.44120411     45.36272139     52.93960397     -0.62883879     10.89752861    -14.85671096     60.96606169     -6.23948574   -132.34878273     26.38372591     18.04037965   -185.13958894    -75.70135054    -33.89565453     -6.42587964     -4.57353896     23.14877550     45.96585337     59.29635720     39.34713860     27.95230036     24.40951016     -7.22224373   -131.14266682    -36.00331042   -347.02558996    -14.18631372     -9.81683459     21.01307623    -14.65479882     25.19471494   -551.33634111      7.82006799     26.12147128    -72.83981188     15.37711893   -785.05172803    -85.67029147    392.35801132    -14.72527807    -18.10275163     -8.02606083    -82.93789558     60.00847724    -54.12881651      7.32603935    -13.89169330    117.79523784      0.00000000      0.00000000      0.00000000      0.00000000      0.00000000      0.00000000      0.00000000      0.00000000      0.00000000      0.00000000      0.00000000      0.00000000      0.00000000      0.00000000      0.00000000      0.00000000      0.00000000      0.00000000      0.00000000      0.00000000      0.00000000      0.00000000      0.00000000      0.00000000      0.00000000      0.00000000      0.00000000      0.00000000      0.00000000      0.00000000      0.00000000      0.00000000
     8.29577744     -3.30434729     -1.27984786     -0.01659343      3.48625318     25.03092914     26.30389024    -13.09089908     -6.58829466     -1.35716014    -16.86762778    -17.40351538     52.53662048     -3.09669960      9.47380219     27.84820168      8.00071714     -4.43792491    -25.03790441     -6.17466631     32.19901684      6.91515957    -14.08134956     -2.49940812     20.81969715      0.47918961     -1.53005979     -4.35796022   -111.23618328     11.32700346     -1.91571993     25.27427546     32.04150489     -0.51346279      0.88038134      0.51366552     -2.54143619     -8.57809027    -13.54681794      4.71047008     -8.74154359     -2.20364919    -16.29733101   -179.41831034      6.62410498     48.79321810    -15.24085919     -5.52857434     41.75019313    -13.76342854    -18.07985439    406.52646701      2.27904877     -7.74080806     24.72134356      2.60475212   -147.36433359     17.97466404    -65.07833752     16.47787195      9.71549680     -3.56031633    -10.89574027     10.02644294     -8.13138127    -54.67473072      4.32463553    -37.83112944    -18.58690151      0.00000000      0.00000000      0.00000000      0.00000000      0.00000000      0.00000000      0.00000000      0.00000000      0.00000000      0.00000000      0.00000000      0.00000000      0.00000000      0.00000000      0.00000000      0.00000000      0.00000000      0.00000000      0.00000000      0.00000000      0.00000000      0.00000000      0.00000000      0.00000000      0.00000000      0.00000000      0.00000000      0.00000000      0.00000000      0.00000000      0.00000000
     4.65189610      4.89402908      7.90003659     -0.11726104     -3.77370347    -24.13288713    -29.46034232      6.67694812     -0.14077298      8.08373903    -19.07499154    -24.77502111     51.26693422      1.06295087     15.51821372     15.42130598     -2.56362484      6.37168934    -29.11578166     -1.45822789     15.68612450     23.77872871     44.01791711      5.83542934    -54.36854041     -8.60776030     58.76702125    -15.54538521   -329.50692183     33.88597026     -3.94848121     69.01912825     81.85798194     32.02182196      2.90035682     -4.73192822    -45.97131944   -100.52776596    -42.99003565    -24.82948523     40.99693907     25.98974668     -1.08202008    -20.32655222      2.45808126     22.09873864      3.03646326      1.07695915     11.41465901      6.28005512    -13.87862780    293.30695525     13.86781494      2.83487444    -18.38908845    -13.61895107    701.28627538     78.30678842   -311.80882457     -4.37796716    -11.65655756     18.98216249    108.09062643    -18.51026550     -3.22429470     41.34771374     10.86395985    -48.72597335     14.85202082     -4.75936953      0.00000000      0.00000000      0.00000000      0.00000000      0.00000000      0.00000000      0.00000000      0.00000000      0.00000000      0.00000000      0.00000000      0.00000000      0.00000000      0.00000000      0.00000000      0.00000000      0.00000000      0.00000000      0.00000000      0.00000000      0.00000000      0.00000000      0.00000000      0.00000000      0.00000000      0.00000000      0.00000000      0.00000000      0.00000000      0.00000000
     4.21318981     -1.95178518      0.71865204      3.47474800     -4.78766817    -37.30832693    -33.14148756      9.69900168      9.33329205      6.97190804     -3.86727140    -15.49373803     13.26781537    -15.47728172     14.55266501     27.47592975     -5.48326015     13.42685120    -50.51898704     -7.73346543     48.29706070     42.16087108     43.13683705      1.44024035    -15.18794231      1.39788784    -10.78935971     -8.49652169   -206.19388254     26.86962044     -7.12968636    114.02146153     44.41691253     18.08196327     11.58696208     11.06478124     59.29014909    170.12743310      4.00275594     -1.73038100      0.62701738    -20.89511748      7.49888458    100.43302852    -10.85449260    -89.38539905      9.76389514      9.33888229    -40.65098353     25.99901993    -15.24566491    326.25273695     27.20718883      0.24111069    -16.79781212     -4.12332239    224.89586079     14.53301874    -28.49679560      0.20806135      0.76206738    -38.07926286   -231.37027065     10.34244808     35.09679596     -7.97740746    -17.91611347    101.68060388    -17.13525853      7.64076965     35.81767855      0.00000000      0.00000000      0.00000000      0.00000000      0.00000000      0.00000000      0.00000000      0.00000000      0.00000000      0.00000000      0.00000000      0.00000000      0.00000000      0.00000000      0.00000000      0.00000000      0.00000000      0.00000000      0.00000000      0.00000000      0.00000000      0.00000000      0.00000000      0.00000000      0.00000000      0.00000000      0.00000000      0.00000000      0.00000000
     9.73623058      0.59756233      4.65687532      2.18716168     -7.04165645    -48.03628392    -55.37198429     15.88182144      8.87087972      2.14086088    -13.63943678    -15.35336561     37.55824161    -13.13726072      0.11006181      9.58423793      6.83487209    -12.63714071     33.20870413     -9.34542506     42.05593088      6.58080212     -9.05787241     -4.83854862     52.04192820     -7.06785010     22.04862231      4.45970709    102.61334009     -5.04797979      8.31237474    -94.80766282    -55.23841337    -35.85720312      1.92177916     12.38090515     84.15518678    204.57508831     52.50743364     26.28209486    -25.63608944    -10.46832093      4.67039908     55.28494932     11.89183680    107.95204836     -3.21780282      1.50007768      6.66381982     10.84564449     -1.04897333      2.12646770    -10.63446512      5.05619776    -10.40909456      5.59254582   -292.68527769    -37.74350948    117.02404471     -3.80007604     -2.22620081     20.31569068    123.06731346    -14.82558601    -17.40103675     27.16593515      9.78401741    -37.18969020      4.15647073     -7.82779369    -18.06343858     -5.45568228      0.00000000      0.00000000      0.00000000      0.00000000      0.00000000      0.00000000      0.00000000      0.00000000      0.00000000      0.00000000      0.00000000      0.00000000      0.00000000      0.00000000      0.00000000      0.00000000      0.00000000      0.00000000      0.00000000      0.00000000      0.00000000      0.00000000      0.00000000      0.00000000      0.00000000      0.00000000      0.00000000      0.00000000
     9.71414693      0.56520335      3.10467547      0.73190156     -8.36733217    -50.76925397    -65.07436011     11.76609820     -1.54211675      3.68365451    -32.99388521    -44.10322859     81.02579637     -8.66388646     29.14571901     55.12842377      1.63772472     -2.68263606     15.30892686     -5.36577626     35.38779245     16.11906318     11.08589024     -3.34080233      9.38932558     11.18758893    -56.90222577     10.98840114    217.61547277      1.71179282     -0.79964201     20.19357785    -22.60920451    -18.85056072      0.17012515      3.05410499     31.62706289     79.90595393     18.42417919      9.77455666    -28.68219519    -44.05511956      1.87541450     42.28076884     16.73331026    151.33686320     -0.90792207     17.34122657    -32.67010932     28.73045366     -9.68020963    216.18764344    -31.50198479    -14.73829125     48.35024331     19.17866225   -986.68110019   -113.49632931    466.21452841    -16.09598258     25.15561267     22.46685572    168.97251965    -69.91494616     44.91743658     33.09183281     -8.48553628     97.65690278    -12.22931844    -20.68768224     27.67327334     34.43860224   -315.09032562      0.00000000      0.00000000      0.00000000      0.00000000      0.00000000      0.00000000      0.00000000      0.00000000      0.00000000      0.00000000      0.00000000      0.00000000      0.00000000      0.00000000      0.00000000      0.00000000      0.00000000      0.00000000      0.00000000      0.00000000      0.00000000      0.00000000      0.00000000      0.00000000      0.00000000      0.00000000      0.00000000
     6.93236867      3.90875291      4.56195447     -2.91948121     -0.04910075      0.42331325      9.86862775     -8.96722612     -9.22643087      6.26217074    -30.01753590    -29.28299840     74.75852967     12.81417118     14.25061357      7.10890236     -0.99009189      5.58237035    -36.77914368     -4.42645726     41.73377738     29.21849211     12.19769917      0.05837641      2.81017276      3.40450899    -27.98778260      2.00059095     12.08932569     16.41779909     -5.64312800     80.13068759     55.89179279     14.17591934     -1.94567751    -10.27676658    -43.22003594   -107.60764452    -13.45031877      3.72593541     10.89460028     -1.00530480    -11.35930313   -119.97733470      6.63174778     66.94027411     -6.26072077      7.88980708      5.50650984     22.79637533    -33.22808062    722.44724748     46.52183591     19.90873056    -95.56642403    -15.73876445    832.82801577     75.81490126   -231.23823839     -7.47785648    -28.24132521    -22.21647551   -146.72652961     35.30377814    -35.30564962     23.11307288     -3.46637387     41.41691394     -7.91966572     11.34880565     -7.96630500    -23.25138555    194.21749641     14.96705854      0.00000000      0.00000000      0.00000000      0.00000000      0.00000000      0.00000000      0.00000000      0.00000000      0.00000000      0.00000000      0.00000000      0.00000000      0.00000000      0.00000000      0.00000000      0.00000000      0.00000000      0.00000000      0.00000000      0.00000000      0.00000000      0.00000000      0.00000000      0.00000000      0.00000000      0.00000000
     9.23468510      4.23471390      3.84296196      7.59513731     -3.74336644    -46.53861280    -28.14782742     12.98942181     17.59703252      6.17225800      2.36993247      3.15594471      5.61885799     -9.79932190    -17.82244790    -53.84639845     -6.44225302     -2.73268269     26.80915964      8.84407280    -41.01317331    -21.06449987    -23.68167294     -7.98577649     17.59965701      8.78859831    -27.03614417     13.61893944    302.88570900    -37.36011612      6.58582859   -112.72048341    -75.60392741    -29.36093612    -14.39189789     -9.87273749    -41.60438462   -131.01695417     17.83230747     11.97761154    -19.21824349    -15.20428326     -2.01644197    -22.18162176      2.39051974     19.88372467     -0.69367257     -1.28788895     -3.93298217    -16.95117577     13.48292612   -275.46782620    -28.49167063    -10.73064048     47.66964873     13.56191711   -707.27584186    -66.99095365    264.07686522     -5.76425807     13.54086461     10.69638307     84.00075309    -19.16696762     17.92798420     -4.36117987     12.12476287   -100.82762243    -10.10033425     -6.31671146    -19.04360853     17.33581157   -143.41921871    -16.27529001     17.57516109      0.00000000      0.00000000      0.00000000      0.00000000      0.00000000      0.00000000      0.00000000      0.00000000      0.00000000      0.00000000      0.00000000      0.00000000      0.00000000      0.00000000      0.00000000      0.00000000      0.00000000      0.00000000      0.00000000      0.00000000      0.00000000      0.00000000      0.00000000      0.00000000      0.00000000
     5.33963650      5.11107138      5.18430508      3.43945774     -2.35885588    -27.55055942    -15.28417739      8.54672735     13.82135815     10.55676060     -0.04602880     -5.63904705     13.12526651    -11.64675324     -6.77830810    -40.19640948     -5.32914356      1.97629848      5.94861023      3.85539009    -16.60264951     -1.39700842      4.12810916     -1.94355057     -7.66586740     -2.18057570     28.85166393      1.60555705     57.74142520    -19.16094490      2.79538035    -51.83158988    -24.71804942     -5.55358102      4.56809308     13.37208663     54.31906090    130.83019757     14.47921799     -0.39508852    -36.78980583     -8.87529291     -2.39725480    -17.77986347     22.83989602    205.90986059      4.32823334     -2.45966076      7.32716207    -11.75753110     17.34294971   -370.70402292    -34.63240935    -14.68258527     69.82553030     10.44171249   -555.40972881    -31.71194726    109.80160568     13.18583578     34.74913690    -13.67904966    -50.79167922    -22.36138354     45.35843765    -60.94799527    -13.21732581     18.19494083      6.12271234    -12.06636845      1.33395583      5.17139323   -125.79936195     10.26511993     22.31761429    -28.98463760      0.00000000      0.00000000      0.00000000      0.00000000      0.00000000      0.00000000      0.00000000      0.00000000      0.00000000      0.00000000      0.00000000      0.00000000      0.00000000      0.00000000      0.00000000      0.00000000      0.00000000      0.00000000      0.00000000      0.00000000      0.00000000      0.00000000      0.00000000      0.00000000
     9.30022002     -5.34618866     -0.19698238      1.77142344     -5.38406537    -35.02052969    -39.31632906     11.94458057      8.34461883     -5.03716172     -0.58510937     -0.22721968      9.10711629      2.78581466     -3.84261538    -11.28217467     -8.92463220      0.26287225     15.72785596     -8.57848576     48.93853519     29.08452059     10.50565366     -2.37603975     33.31432138     -3.65855260      5.79332967     -1.84398612    -38.69637429      1.20976246     11.02473787   -118.52862500    -95.56211606    -43.98005652      7.49493482      9.05410023     97.89659540    268.16247508     31.50276008      9.54960595    -18.02530060    -26.87359499      6.51961194     77.71871908     -6.14763323    -43.30021331     14.93677838      5.97181688    -47.17072539     28.80050765     -6.25096057    121.06004118     20.08689448      4.07610874      6.89474508     -0.70224613     44.15129647      4.62716104      0.19225476      3.30813045      4.88013809    -47.90464659   -276.77139377     11.23627124      6.37216546     13.72703434    -23.81988774    138.39405640     11.99404122    -10.47472582      4.69017040     10.52960852   -154.38087120      0.34434705     26.48628132    -29.15951825     18.34483662      0.00000000      0.00000000      0.00000000      0.00000000      0.00000000      0.00000000      0.00000000      0.00000000      0.00000000      0.00000000      0.00000000      0.00000000      0.00000000      0.00000000      0.00000000      0.00000000      0.00000000      0.00000000      0.00000000      0.00000000      0.00000000      0.00000000      0.00000000
     8.60237401      4.48710794      2.92113579      6.21974119     -9.84728948    -77.17456390    -74.37833596     20.64463577     12.51292623      7.07109675    -20.84631379    -21.52521052     66.64381915     12.84848376     11.68825447      2.47136144     -5.97716172      0.56274004      1.80079938     -0.07019819      0.61583834      4.17562349     11.30534623     -7.40582707     -3.16285648      7.74092948    -16.59961700     11.58073741    258.67219679      1.75729287      5.89912052    -61.85374969    -55.85754374    -27.03407837     15.55685012     30.53761402    177.92036637    445.80993396     95.50597280     36.11944653    -60.91317015    -33.67000071      9.86570044    110.92128472      3.68278515     32.83223255      2.53513564      2.49011424      3.23865919      1.44143751     18.56058587   -395.65439298    -14.79261690     -2.28444568      8.08931857     10.97985834   -566.96633209    -37.66911360    202.38256698     11.18947795     29.89041879    -31.07324463   -155.32940352    -24.30147962     39.04388441     -7.23360470    -40.09670488    258.03607108     -0.96137097    -25.58331618     57.71290802     40.03011819   -390.61423880     23.72557636      1.97813654    -31.64740141     -5.88555824    -37.40061967      0.00000000      0.00000000      0.00000000      0.00000000      0.00000000      0.00000000      0.00000000      0.00000000      0.00000000      0.00000000      0.00000000      0.00000000      0.00000000      0.00000000      0.00000000      0.00000000      0.00000000      0.00000000      0.00000000      0.00000000      0.00000000      0.00000000
     0.64977294      2.57968896      5.09713834      4.23233676      1.92554511     -0.62258834     15.54985605      7.73146916     18.62700319     -2.94525831     47.88912946     55.83756031   -111.03542187     -4.19598741    -31.45221502    -43.60993828      2.64676295      7.75049377    -41.28725520     15.77093867    -83.24615800    -47.53366019    -47.76536049      7.72012854    -15.61871152      6.57910456    -46.26219169      4.82139835    107.58777617    -20.20411480     -7.56044870     74.34276690     15.65760850     13.98016324      0.37099059      9.89974487     23.72903157     58.69731148      5.88044947    -21.24956476    -12.38166259     -1.89300599      1.41962569     26.03893794     17.90835513    174.46989992      3.21459871      8.76305324     16.20962313     12.43964917     -2.55666523     44.33364486     -6.46910186     -7.57614559    -16.20191844    -30.30901656   1567.67363465    136.95410135   -586.88841869     -7.61817232    -37.15235081     51.85193864    294.79140714    -14.49955329    -43.45436850     57.82094119     36.29962905   -185.79454535     14.98428668      7.09908414    -47.37550139    -24.71245236    255.88704700      7.34699744    -29.99388016     24.57897268    -22.66722248     -6.38770478      1.87755113      0.00000000      0.00000000      0.00000000      0.00000000      0.00000000      0.00000000      0.00000000      0.00000000      0.00000000      0.00000000      0.00000000      0.00000000      0.00000000      0.00000000      0.00000000      0.00000000      0.00000000      0.00000000      0.00000000      0.00000000      0.00000000
     4.66939925      6.01024412      8.10463728      0.35579680     -1.36288822    -11.05583772    -10.45335068      8.28876103     17.22221453      4.31882728     17.84827675     21.37082395    -32.66511227    -10.35433272    -19.79277552    -37.74354493      5.29298278      3.06848914    -29.47867560     22.80604281   -112.91150883    -63.69087921    -66.21125940    -12.23709872     19.33106814     18.58645141    -66.98711122     22.64610754    499.34280790    -42.46965102      5.33468667   -106.24651980    -81.01000631    -30.45629155     -6.06425941     -3.89294244     -8.84195734    -39.45781747     23.29100232     17.98462705    -10.24364653     -1.44717314      8.36151354     91.72457436    -12.56808811   -118.02603972     -2.76826588      5.91459150    -16.02363989     -0.44551059      1.91095287    -31.87831231    -14.90615976     -0.03400607     -4.66916143     11.88819877   -612.39506273    -48.87472210    242.30801399      0.44846234      9.47019510     -4.08303039    -23.36548612      3.40272160     -3.81462788     -1.93430468    -17.58973297    144.32372758     -5.17162669     -2.21010234     37.50220146     13.07215111   -109.96152090      4.73837090     -3.79574505    -10.78625754     -8.03323154      9.11628377    -51.72704855    679.58995129      0.00000000      0.00000000      0.00000000      0.00000000      0.00000000      0.00000000      0.00000000      0.00000000      0.00000000      0.00000000      0.00000000      0.00000000      0.00000000      0.00000000      0.00000000      0.00000000      0.00000000      0.00000000      0.00000000      0.00000000
     7.54953099      1.43027048      1.47530046      0.32883374     -5.70335828    -34.11459957    -40.74735246     11.71004876      4.21392401     -6.79680194     -0.58944038     14.78908359     -0.47807988     30.60599341    -16.16787929    -38.09950858    -13.50766407     -0.08117318     23.78364691     -5.43144502     47.33701074     42.19091109     50.63209505      3.36215848    -21.68688120    -11.58749086     51.65184819     -8.77434027   -186.14600298     17.00860465      1.12366093      3.17829624     26.03498654     17.87998799      5.99121125      7.02551736     32.04595189     86.78786339     -1.62164557     -5.54479709     -3.95729956     12.18732097     -5.15962492    -59.22367412      1.32566451      5.77797201     -1.71190392     -4.45527349     22.02723105    -17.75833519      0.63296967    -11.56990850     -1.81718881     -5.96070895     22.61673170     -3.20166871    157.10333146     25.17908577   -131.79711994     10.42314150      0.73513720      6.41355153     32.28088059      7.66855933     -4.85160847    -15.39584554      1.44722466     -8.76308927     -2.16627899     10.60522797     15.78431835     -8.38521015    110.31433592     -2.25209398    -15.65085410     14.34358279     -5.00215389     15.03256498    -27.98850194    355.25211934    -19.50724373      0.00000000      0.00000000      0.00000000      0.00000000      0.00000000      0.00000000      0.00000000      0.00000000      0.00000000      0.00000000      0.00000000      0.00000000      0.00000000      0.00000000      0.00000000      0.00000000      0.00000000      0.00000000      0.00000000
     4.74158010      1.25294162      1.08352214      6.09032635     -3.64037382    -37.69574186    -31.86418775     15.72147756     21.27367237      6.44452796     17.21630111     14.48058899    -24.50863829    -10.05040463     -5.53335441     -9.24726789      1.22245998      6.74444520    -35.42116014     17.08050745    -92.54316632    -45.71566256    -32.45220691     -6.07212041    -19.20840461     11.25271662    -13.02395464     20.37583047    478.08230444    -33.00903147      0.35819430    -32.04732425    -30.04991852     -8.54794798      8.95922202     21.70827934     87.03732629    205.39043135     41.14235883      7.86021693    -61.95458400    -11.35198257     10.19968571    136.27803461     36.43839476    341.34158769     13.98417773     10.94830446    -12.29347833     22.48478601     -6.82620256    143.08216177    -15.85825572     -4.19736362     12.96872986    -17.95104133    924.02312872     89.96416147   -401.94249669      0.93844592      9.96024252      8.60318507     61.63038601    -39.56839179     18.25900449    -12.20229892    -10.51652604     80.59095777      8.38709741     -3.77132238     34.91210076      4.11320659    -61.62034156      6.46980128     -3.84422872    -24.63077542     -8.30363205     -0.95065681    -55.93190736    729.73626514      1.36830555     -1.52727391      0.00000000      0.00000000      0.00000000      0.00000000      0.00000000      0.00000000      0.00000000      0.00000000      0.00000000      0.00000000      0.00000000      0.00000000      0.00000000      0.00000000      0.00000000      0.00000000      0.00000000      0.00000000
     1.76062952      3.60040803      7.03548855     -2.56588083     -3.34416776    -14.58284227    -21.91429268      8.61768089     13.04874457      8.21571059     11.07253977      9.56958120    -23.03465789     -8.85276841    -12.29264405    -36.77069368     -5.15428553      3.49953217      0.12763500      7.77820323    -37.14841387     -8.70492190     17.03935184     -3.68571190    -37.94653448     -1.23742021     59.45301297     10.77017524    270.63488557     -9.09153007      5.00641348    -70.26121635      3.42257551     -7.31266519    -21.77306207    -23.44396965   -132.73401664   -372.61965869      5.07531429     18.01748438     39.64045691     21.03255469     -5.58660409    -70.25018342      2.39988894     13.94773458      4.96391323     -1.74373350    -22.66380320      6.41051967     12.66643762   -270.01872443     -6.00598212     -4.11742690     33.31872314     -1.20116029     65.97978731      5.45497746     -5.90654390    -31.29620502     -9.71595549     12.11834669     34.37810856     31.88159483      3.45760895    -42.35105604     18.89879367   -156.24047397      4.17496460      2.63992155     -8.71914720     12.14001943    -55.17566910    -48.02617035     13.21855072     30.17465438      0.68198107     48.36035661    -20.38944432    257.20055090     -1.35779680     -9.34773298     21.12943892      0.00000000      0.00000000      0.00000000      0.00000000      0.00000000      0.00000000      0.00000000      0.00000000      0.00000000      0.00000000      0.00000000      0.00000000      0.00000000      0.00000000      0.00000000      0.00000000      0.00000000
     6.23544042      5.04295606      7.93033943     -5.95286668     -2.48622875     -2.55250779    -13.44239016     -4.90393082    -10.88732667      4.11967386    -37.94630070    -37.12995773     87.50513343     11.04146990      9.27338455     -6.62894777     -6.01304556     -5.24348064     25.69763885    -19.25687212    109.25621860     68.75528679     62.60153504     -3.17853463     26.76926725     -9.43663124     32.99429772     -5.16353195   -125.09958398     19.88756022      1.78644247      4.92093007     21.80590766     15.18243019     -9.77082389    -14.16170168    -62.18316085   -155.54261780    -22.28947245     -3.98022569     48.39098656     33.77749500    -13.95682979   -166.25361378      2.14952086     35.28549070      1.49245973     -6.61529540     18.74257632     -1.02746463    -38.01471010    815.37474306     76.23212849     38.78587146   -131.06238180    -32.60900537   1713.68686365    138.88803831   -506.50560094    -20.69073305    -44.26995522    -11.07006971   -102.68865123     45.12238680    -59.60336273     22.53085418     -3.62554021     43.52331350     15.74834955     -8.45384786    -21.43454183     15.41758257    -80.49365227    -11.61812471    -25.24421090     49.10524000    -47.61144633      5.51433265    -40.51517143    545.70852109     17.77568797    -39.49747391    100.68367159    226.98558356      0.00000000      0.00000000      0.00000000      0.00000000      0.00000000      0.00000000      0.00000000      0.00000000      0.00000000      0.00000000      0.00000000      0.00000000      0.00000000      0.00000000      0.00000000      0.00000000
     3.07280053      6.39433090      4.36414486      3.56253915      1.97204574      2.53503161     12.04325124      3.32147155     13.09683748      0.77918661     25.29423852     34.10627247    -47.22214002      5.18328072    -19.91647334    -31.14333582      0.14863023      4.36641975    -35.17444722     16.02463813    -79.26566939    -43.74305103    -38.16394262     -0.01422611    -27.90880474     11.72920005    -35.81481959     14.94541312    337.71683238    -21.82088518     -6.25429636     48.57066003     29.16660382     13.55512190      6.36730795     14.97037045     40.49932404     96.62231724      6.27500534     -6.13758466    -19.64459781      5.72400838     -0.59448393      4.68316755     10.44892200     86.50252651     -3.22538379      2.53932040     26.56001108    -13.03646110    -10.70675503    237.06363116    -15.47364907     -4.03374739     15.82205920      9.92974845   -527.57257445    -36.28151147    118.57239877     18.29683266     16.54436362     16.03676716    127.32473424    -49.28454602     -2.66128201     47.41390668     -2.59569460     76.41404024      8.27444405    -29.06813495     27.25607018     27.14343887   -292.86518487     21.84432740      4.48773537    -18.37700331     -1.19502337    -27.55128280      9.98477649   -146.71756111      4.62607129      3.85778474    -21.49471979   -145.65368883    -17.91542823      0.00000000      0.00000000      0.00000000      0.00000000      0.00000000      0.00000000      0.00000000      0.00000000      0.00000000      0.00000000      0.00000000      0.00000000      0.00000000      0.00000000      0.00000000
     2.56194336      0.89551204      7.30277209     -2.03272361     -1.06953556     -4.39458718     -5.68887496      9.82635782     22.49695538      3.74545328     39.26880443     36.73858732    -91.78703368    -26.29494711    -23.36098801    -29.48814218      2.82304281     10.49506286    -42.21056363     17.38637973    -90.10178651    -40.53228382    -36.17805059     -2.58972435     -6.45818604     16.25649824    -68.42637635     19.53373033    432.62554422    -41.53979050     -4.36611344     21.38066677    -40.42715598     -7.93429406     16.69415637     26.58874714    120.66806260    311.59213363     24.53899707     -3.86524019    -54.45897290    -19.48116278     15.39194114    200.77507840     18.08614272    177.24207483      9.74656428     12.06282601    -18.61393565     24.78249509     -9.21942042    190.35952609     -4.44928321     -2.75854742     -8.62261709    -13.93239345    719.01869405     63.04507087   -308.61172315     19.63188443      5.19334630     -3.86653038    -18.57818584    -28.90842257      5.37998071     16.56771952    -12.52768300    121.34204411      5.69645250      4.51549792     49.52024957     -3.66648548     30.49443492     21.94228656    -15.64794656    -33.48660746      3.94758840    -19.91253424    -30.36646707    384.69035667      4.78794385     22.13681813    -83.17919290   -383.38987455    -40.90012292    -18.31453550      0.00000000      0.00000000      0.00000000      0.00000000      0.00000000      0.00000000      0.00000000      0.00000000      0.00000000      0.00000000      0.00000000      0.00000000      0.00000000      0.00000000
     6.74458896      2.37238097      2.86584905      1.51287017     -0.53200847     -5.68656120     -7.90469415      2.26178753      4.17929760      0.95526888     -4.27078482     -4.91319871     18.65504351     -6.50313682     -7.45523225    -29.96289030     -2.32096152      0.02564748     -0.64543840      4.32855335    -17.45590625      3.27782320     11.39565244     -9.63377918      8.97647019     -5.22931792     61.36105790      1.47719549     56.70067265     -8.20853474     18.91656435   -243.07579833    -80.43754971    -41.93695667    -28.08911875    -35.09692025   -152.57123962   -413.48049905     -8.87274260     14.73221336     57.46950372     32.84132351    -11.77310297   -160.29841329    -18.39790006   -178.13783021     -7.48095457    -10.29237585     10.51604425    -26.96438541      8.97697205   -185.17005026      0.25301998     10.55493329    -14.99692240      7.18961000   -376.19397960    -14.60119581     92.00923941     -3.34908740     -3.85772961    -10.70032029    -74.24606041     34.94785476    -26.69941058    -27.12977638     13.29088033   -134.87975665     14.66418449    -19.11121315    -49.02707788     18.40199901   -178.53179105    -21.51846034     18.76474202     14.37518193     -8.25937883     18.10692021     10.82394412   -136.23312196      9.43221105    -12.34037830     16.88478048    -82.75456727    -50.49914069    -57.24918584     21.21889057      0.00000000      0.00000000      0.00000000      0.00000000      0.00000000      0.00000000      0.00000000      0.00000000      0.00000000      0.00000000      0.00000000      0.00000000      0.00000000
     5.95943300      3.84771928      4.52523367      5.67145699     -5.18302386    -47.24867344    -35.86470532     16.87187633     14.89371890     -1.00070232     11.84991543     20.15681716    -21.44557496     11.19446421    -11.62009022    -16.03630594      1.68629944      8.66431138    -61.07030264     -3.64952504     29.62412265     19.18708385      2.72305226      2.52922665      8.35031447      0.07021061    -23.40746799     -0.44945545    -29.58178547     11.86011962     -0.18385098     24.62251145    -16.57660876    -10.90914723      6.68196797     11.88290265     91.48542470    229.57672655     64.57444451     29.00896312    -25.76816710    -22.62079780     -1.26647871    -18.39393810    -14.33183046   -131.74278987     -8.10662790      8.17653007     -5.65746368     10.73999346      6.63422604   -138.32502018      6.45943238     20.67255496    -90.07510493      2.35617424   -102.52846475    -37.38504228    186.17082039     -6.19965779    -25.50145707    -14.69398098   -103.05580865     35.61914113    -50.92301873     42.96024665      1.31285932     23.19095859     -0.64782617      1.82452084    -45.91381465    -20.90665609    157.61668139     10.55066922     -3.20220872      9.03721729     -3.34373470     -9.80257108     29.24870580   -365.05289217      7.86118697    -20.19254457     79.76935747    413.92900434     57.95821683     43.36523603    -25.88949426     28.38750708      0.00000000      0.00000000      0.00000000      0.00000000      0.00000000      0.00000000      0.00000000      0.00000000      0.00000000      0.00000000      0.00000000      0.00000000
     3.40647904     -1.92999868     -2.05957762      4.39593811      7.38725050     39.73876762     57.99076602    -15.35884075      2.63921050     -4.02682262     17.27388209     21.78640607    -30.70244236     -2.19104172    -20.86590127    -51.30749151     -4.10650044     -1.10498426     -1.26613412     11.89827684    -61.24292594    -44.32061879    -59.92657563     -5.61872876     26.56439912     10.42457022    -59.05320917      4.32788187     79.51850916    -32.77293279     -1.11391605    -17.92053944    -48.96423826     -5.21429490      0.68862597      0.12860638     -0.75054187      4.00001300    -14.67544593    -20.88729725    -17.99831645     -6.84850738      7.05546316     88.09906420      9.54094624     91.74248154      8.48337411      2.41515065     -9.01506740      8.96695960      6.56530641   -154.65808880    -11.30232540    -10.27607531     48.70724067     -4.81612831    241.72115099     10.95684837   -111.00515116     -0.32601340     10.18870874     21.03166069    141.93248589    -50.85461834     35.49944495     42.87379936     -3.84504931     54.54218348     -2.26832229     18.33248207     38.26664628    -14.34824473    136.16030623      9.60219231     14.22198644    -18.48975293     34.22524509      0.63889629     35.42558787   -470.15717416    -22.12290052     37.53583075   -109.20991305   -397.20558219    -47.15521392    -88.90030305    116.81510701   -190.91979214     79.56104120      0.00000000      0.00000000      0.00000000      0.00000000      0.00000000      0.00000000      0.00000000      0.00000000      0.00000000      0.00000000      0.00000000
     4.77526602      4.09899323     11.24501239     -8.78091127     -2.22543412     -0.68502920    -11.68889368      7.50946946     11.67120090      2.76940738     20.34841984     26.95655532    -44.71824769     11.04520138     -7.22127338     13.23770598    -11.61285125     -7.79010383     69.89161034     -0.62833412     -6.54111762     -9.09684377      1.60104890      2.57278583    -10.34589248     -1.01680338      2.89188644     -0.80720715    -16.34355286     11.15362640      4.61058886    -46.17279467    -18.73454920     -8.21802995     -0.58219535     -6.01180643    -14.30469395    -31.28951816      5.38015240      3.86408278     10.18653376      2.46872631      4.00021908     13.45444785     -9.32730727   -103.17902335     -3.44126672     -7.34292421     11.66784714     -6.48923102     18.67464409   -406.27823117    -24.76266073    -14.79426102     75.63263112     24.89088869  -1291.85543490   -125.19265251    512.16015913    -14.80760281     18.79849567     41.41115733    257.26119342    -37.07826182     20.22136987     51.39635958     -5.23327508    102.48222954    -17.81569021      5.17268499     60.05867344     31.70174436   -188.62245387    -14.77240939      5.56365541    -34.24306437     53.73957954     -8.67820652     -3.67699254      8.43182544    -20.66309103     68.91950078   -232.25338264   -987.55517167   -125.77232987   -131.91845826     76.38510410   -130.19599527     28.43060913    -52.67044183      0.00000000      0.00000000      0.00000000      0.00000000      0.00000000      0.00000000      0.00000000      0.00000000      0.00000000      0.00000000
     0.12244910      1.87752779      5.48779246      4.09584641     -4.45228675    -40.19683917    -34.49085252     21.64981086     30.55025674     14.06008770     38.97648817     24.34255304    -84.89011790    -39.33025674    -17.03898260    -44.07951785     -3.90990273     19.49945396    -60.66058692      7.14897572    -30.27646520      7.81918283     32.73546154     11.59416845    -65.55802824     -3.24066026     19.72204688     -7.85361173   -165.07274490      9.03895507    -12.88228656    157.47596923    101.30771864     51.27460269     14.58429573     14.93169065     26.71810310     91.58480988    -46.57011084    -33.84461121     12.96966859      9.86479161      1.95356281     39.60750259     17.44253415    168.26564553     12.44952572     13.28614192    -29.82860513     35.08320782     -7.64528369    143.15592013      8.21587007      7.50786820    -24.92448719    -11.35350102    590.70664228     18.80617348   -154.83505508     -0.05917727      8.63486560    -11.82754291    -64.31504743    -43.52564261     48.19400855      5.86256434    -19.02474467    133.90497348     -8.16558561      6.01725044     67.54828914     25.07582980   -145.68644297    -25.56032554    -11.03448595     26.99514095     17.00547989     32.39802937     -4.38554940     47.92658680    -17.94086156      4.21540351     -8.14540093    -35.23530204     -4.33045472    -14.07542531     30.04768177    -37.96665344     30.65618242     23.44990212      9.37269940      0.00000000      0.00000000      0.00000000      0.00000000      0.00000000      0.00000000      0.00000000      0.00000000      0.00000000
     8.24878322     -3.94116895      1.71946494      1.12094669     -1.72932819    -14.47143063    -11.31736526      0.61188698      1.15113707      7.22905684    -14.59867670    -31.82458104     39.46393610    -28.67577891     15.91516194     14.08548705     -3.77278320      3.92786761     -3.61170400     -2.59186479     18.41846932     14.38563438      4.93882874     -4.13938506     22.89466304      3.00504827    -17.90054061      1.15202230     22.07051318     -6.47747189      3.20233436    -39.48194737    -44.84015033    -12.68585061     -0.53829252     -2.23954466      6.61934667     29.12946517     -6.26620786     -9.15451976      9.75284802     -0.82476318     -0.21213568      5.28422266      2.15973098     36.25709937     15.58105133      4.89996585    -27.19874388     24.19463685    -30.19337915    631.42772467     44.79802782     11.27683661    -34.18785380    -25.18168226   1309.20804279    121.06444916   -492.74255983    -11.30527773    -30.05551429     -1.63222780    -36.90814959     14.01761036    -27.28329760     45.13188846      4.04816217    -11.28792526     30.78483658     -8.43096133     -4.94746710      5.35237932    -56.31209005     -7.66818162      0.29540925     -1.02769060    -11.55395675     15.62764804    -50.23629288    660.30515531      2.60017652      7.63992840    -38.44286753   -250.00117186    -43.33372432    -48.44533229     47.68558450    -75.30983370     25.26968422     -7.94698492      3.53914513     20.30419545      0.00000000      0.00000000      0.00000000      0.00000000      0.00000000      0.00000000      0.00000000      0.00000000
     8.31574753     -0.19711452      2.82431159     -1.75750958     -5.03463567    -22.83192797    -32.71773328      6.57486404      3.43069760     -2.73959831    -11.51849922     -6.75963513     32.75291580      6.16655765     -0.59179787      7.80351852     -2.74578831     -0.27654400    -19.27139095    -18.70638939    104.35034266     66.67130261     57.73528723     -0.03073718     14.95837722    -25.66257521    117.54417171    -25.85149982   -571.81038930     46.81417817      2.35375918     10.27587025     78.07537974     11.35770520    -10.07529501    -32.56899556   -167.58755984   -418.92933444    -60.28254597    -14.89080173     78.14613097     39.20510471    -19.15505403   -240.03264583    -15.57554456   -144.83817986     -0.46071302     -6.99299026     -3.12859414     12.92061630     -8.82474592    176.63900163     61.72654715     41.15050505   -128.36253644     -8.60048249    466.38753087     12.94181040    -33.23143183     -9.25136848    -25.51471199    -50.83130906   -343.40731808     73.76810726    -25.69721047    -38.99051967     -9.86093984     26.32678460     -3.09057188     10.21183505    -19.28539458     -5.01434230     84.86800481    -24.26809666     -7.76211113     57.43021803    -21.03720881     32.19758436      5.21915742    -53.37975018      6.11412648    -42.73037732    147.36857089    605.41838159     81.75801034     65.37439653     -5.98137761     16.23633622      0.27322938     32.67385937     24.33809870     -4.80331267    102.85315399      0.00000000      0.00000000      0.00000000      0.00000000      0.00000000      0.00000000      0.00000000
     5.19328828      2.24265397      5.84499980     -2.83902906      2.33962182     21.23449769     24.33248978    -13.24299103    -12.89990402     -7.84371112    -18.67022617    -11.81464369     41.37650101     14.98309158     -2.82680473    -11.86893872     -4.99429160    -18.32669817     93.89727240    -10.09383742     45.41081553     10.12761451     -0.23806264     -3.61013860     35.92679584    -12.33013408     55.31089180    -13.28325523   -287.34820565      0.99687283      7.59507997    -98.10483329    -18.91727603     -9.50834624    -16.70913314    -27.19702345   -130.57982271   -336.43272413    -49.71279489    -14.16338013     33.71945298     23.73486498    -15.38304231   -195.48646926    -10.24036991   -102.53557424    -12.49762136    -26.97331156     62.05490426    -60.46887193      6.39848145   -117.94372681     14.63044517      6.68156861      1.04817232      9.09291829   -474.52919524    -22.97193022    147.48732586      0.42247397      1.02415499      9.35898170     50.64311745     26.27966753    -22.23408585     -8.21904767      2.11943902    -11.30815302      3.70606770    -20.56152849    -17.23025320     40.17964627   -315.20522420    -13.77725659      3.14071485     -0.87298861     -6.86309557     -8.55687894    -12.27507682    164.11793502     12.72024710     13.67116143    -54.02357528   -271.86779849    -60.48113562    -87.09986977     62.14101175    -93.99267933     14.31922015    -41.90410729     20.73056272     -2.57411800     78.89537187     26.60508147      0.00000000      0.00000000      0.00000000      0.00000000      0.00000000      0.00000000
     1.58413093      6.86194560      7.71489411      4.10895732     -6.94911564    -49.12420418    -47.45740380     14.85740411     10.66520119     -9.29142514     -0.20822613     11.17713157      3.04590908     15.81665836    -10.09814573     -6.28085835      1.51774601     -3.43123336      8.24504457      4.88896254    -20.74392471    -17.49639775    -39.71393569    -14.89926645     67.76303304     11.56592014    -59.65599464     10.71890817    214.56794986    -18.75874827     17.00655356   -221.19536883   -150.89378910    -62.35267490     -3.15160634     -0.68742062     49.20292011    120.84147254     42.58741179     31.28732457     -4.19634623      7.50303176      7.03877263     49.65824682    -23.79130062   -231.44505323    -12.13267862     -2.74077210      3.26654848     -4.52850732     27.35568745   -584.48142683    -30.63021801     -2.59092623      9.19822958     16.62170629   -853.85383597    -98.70490194    404.92118818     -6.99008611     18.98860584      8.65055795     61.76688567    -25.63938863     22.50041714     -6.49879070    -13.62522075    111.25118646     -6.59234430     -4.89500870     23.22454685      9.45363030    -83.47035142     15.43477416    -13.56189957    -14.74559333      1.24494592    -31.49005387     13.58850103   -195.49322742     15.55226367      2.79449718    -12.23274113    -40.46040951     -3.16359190      2.20257223    -13.40359572     23.75088710    -23.20626917     -5.93046306    -13.11576561    -60.34661151      5.52915263    -13.64113768    -24.15447707      0.00000000      0.00000000      0.00000000      0.00000000      0.00000000
     4.69068965     -2.49023982      5.50973625     -1.25042931      0.27270011      5.81692639      0.96329864      7.33979257     16.93127862      0.74606085     35.91745147     30.32462911    -83.04134587    -33.93047693    -20.69150541    -21.35709951      3.26641117      1.53746876    -10.51664399     11.53492293    -77.08074887    -40.92391058    -18.61020801     -3.57402635    -16.97891283      3.00314090     23.79598505     18.40704475    450.05747286    -28.04091016      3.13197542    -60.70515894    -18.24469364    -15.36296642     -7.48547026     -6.45063180    -52.89256239   -153.36072957      6.31195024     -9.92020014    -25.67827643    -12.65656319     13.38829816    160.60600628     14.54331582    139.94605161      8.70325171      2.34864535    -15.05492849     -2.89183207     26.47172479   -566.88085779    -43.59206487    -20.87927389     74.05391680      4.84353686   -249.98562626    -44.65821400    163.42158454    -25.31790965      7.30210776     65.02127078    385.86974753    -38.76779028     15.78615692     11.27473915     18.21509963    -88.20193748     -7.49524122      2.97482239     13.84278323     20.22267776    -94.64895416    -20.09442476     -4.73453792     -4.96635828     15.78740958    -10.65462954    -13.51693384    152.34065069     18.14783511     23.29622680    -94.78283216   -482.03446440    -57.43086851    -16.44888560    -47.14819296     65.88778275    -47.36253139    -21.70721171    -89.92951695    -90.09803751   -285.87667778    -64.29445521    -38.79480153     17.67059073      0.00000000      0.00000000      0.00000000      0.00000000
     6.30786158     -3.78585484      0.60383302      3.30579065     -4.76731378    -35.57037895    -35.69328260     11.48526703     13.41685855      8.12321201      1.41649459    -13.52323146      0.29545419    -35.01252211      4.34877981      5.31568514      1.78547585     10.16638689    -49.84614417     -5.21613276     36.56144178     34.44523784     32.66714077      5.99157079    -14.04095243     -9.54570740     40.57789056     -6.19705026   -128.48215945      8.08628243    -10.60678995    139.46443849     75.88936312     27.78707780     14.67466267      9.15524045     15.96862980     58.71435258    -35.91846661    -16.20656826      5.92018481    -10.28003749      1.93283020     58.31334988     16.93050253    167.73109198     18.19744123     16.47862552    -59.36377864     59.67498618    -47.16790706   1001.42570137     47.82434556     -4.72364312     10.99618023    -17.26550387    897.81813974    101.60253303   -390.52315729      6.94954854      1.52861926    -52.47123218   -320.15722892     15.63321689     26.71695342    -48.03013387    -26.84718457    141.19064764    -10.02164539     23.43133153     70.92595083    -30.39186369    223.42641134      5.28407831     18.18009949     -4.60690820     26.99159064     28.71880285     22.37632604   -313.88306840    -23.98780570    -14.68422484     41.36009013     81.32736044     45.74262705    117.66213106    -95.27425657    121.19875929    -16.40761466     64.23746675    -89.17169506    -41.94698756   -365.70689323   -120.55942359    -62.74093886     83.98987743    151.44475024      0.00000000      0.00000000      0.00000000
     4.80252398      2.80105272      7.91779984     -0.19140448     -2.78581047    -19.79893638    -17.94625669      5.45034221      7.80797264      2.72762175     -1.84114470     -8.82163126     13.24656494    -13.16486835      3.36791484      2.15961093     -3.62371972      5.44361180    -21.73656738     -3.10503587     18.89988546     22.27781570     21.45157666     -8.47253761     17.12935379      5.68427836    -15.53257834      6.29036695    136.85779284     -6.10854037     13.78909310   -164.39138364   -118.52210357    -56.39209618      3.75779095     17.98823340    141.52129247    348.27898654     94.83203087     37.16272660    -53.36749908    -36.58641204      9.70064708    104.44746424    -21.33393906   -200.87333331     -3.65485929     -5.64234198      0.27164196    -14.71499070     44.35783313   -954.66084153    -24.94181798     -0.29713714      2.17844867     17.69170476   -904.34139600    -90.85806676    433.99679081    -18.32340220      7.06941265     -3.51234443    -32.34725226     17.47469596      3.61301849     -6.68247950     -7.89685738     50.86882158     10.20710524    -32.52216562    -12.22747658     28.30420396   -329.04922548     10.63134377     18.89972763    -30.73900449     14.41944587    -29.77468872     42.67343894   -573.37187927     27.63219328      6.82414911    -20.18927585    -67.26162631     -0.84693675    -12.38680789     11.62824704    -30.95233670    -10.96762804    -48.19378660     80.69338270     52.47815066    321.88931728     78.97850190     31.23679809    -44.52539641    -24.92132603    -13.28915122      0.00000000      0.00000000
     8.23234335      3.01492665      4.36825679     -2.10904885      0.40639251      7.15464563      5.14167455     -8.58245727    -12.83001572      3.71565359    -29.49934600    -29.25273635     70.35660316      9.34581099     18.41230938     33.19401536      3.10933993     -4.63237676     -0.34235338     -5.75966215     29.51964392      8.68565116     -1.06848754      0.13651808     15.13393416      3.44961572    -34.66674172     -1.53997506    -56.46087552     11.77321764    -11.16043347    149.83547274     64.77029732     28.95940214      8.31897038     10.71533600     32.02695258     98.55191485    -28.53777239    -26.23078945     -6.04309153      0.59412590     -2.55252241    -12.19143281     12.05555535    120.45952944      0.58174100      1.33869924     12.99696718      0.71487655    -17.98451584    381.75597579      7.48876829      0.54588354     -3.40037829    -12.49880131    646.23200966     44.30466901   -225.80033689     -3.59549289     -9.24732796     27.26109981    170.69406936    -32.23305496     -2.49544952     32.45694351      1.53383449     23.54051346      2.90216153      0.99191534     -4.94197702    -18.49762514    138.05618819     22.48332968    -21.85297416     15.85941889    -32.03016223    -13.38328319    -10.77320524    155.79169081     -6.38404420    -10.52149980     34.31563208    139.48825401     21.24997818     31.34737210     -3.08890603     13.46051514      1.02014201     60.32291838   -116.02766990   -119.97255981   -362.95742538   -103.48586766    -37.52745585     14.12227990    -15.81166366    -12.77978417    -39.82202822      0.00000000
     4.03889526     -0.20367636      3.95267704      0.47939395      2.56548901     11.71066120     20.22132413     -0.92133657      8.36437469      5.97007108     19.34463372     14.26606728    -39.09158458    -16.15495535     -2.27063650      3.09564875     10.52991744      4.85101673    -44.58646961     11.73823956    -70.41558594    -46.25770044    -47.95940320     -0.72497093     -6.58904027      2.84362401      2.99652807      6.17697263    152.14694109    -24.00697418      3.49768830    -75.31674417    -25.72804618    -15.74439369     -6.78209605     -7.51485978    -52.38732472   -151.19777145      0.87790427      5.57282273     -3.69512349     13.95354830     12.91210279    153.53865753     11.23386865    103.86837767      1.67243876     15.09535681    -17.84913935     33.22284395    -11.70773886    248.70316475    -12.32898801      1.34773209    -33.63325820     -5.48649686    297.87384709     -3.87169210     24.36610571    -18.16278891     -2.54053316     38.06112439    237.12109196    -60.37397119      1.88571202     77.11124076     10.69562167     10.66542807      3.84276676     -2.85733605      3.34300755    -17.06132715     76.05544881     32.12777336     15.04957734    -54.25891629     29.26987100    -45.19029598     39.98315356   -546.68168624     29.38463731     17.68268393    -59.88182650   -212.06971063    -25.92664697    -30.71927712     -0.97246291    -22.05780045    -11.09268858    -71.20048811     59.84944880     35.83405490    228.69941288     65.28302531     -5.19282781     -3.01166871     18.22917871     29.96644342     36.82456855     -8.87787920
