   630.94035794      1.06844573      8.97210766      4.92102547      3.84346406      8.98912505      0.88912384      0.73514449      4.97655465      1.50720208      9.51301627      0.28502506      3.76359687      3.12229389      6.77638873      1.44398138      5.31318470      1.26899171      8.71353708      3.27077132      0.54306470      1.90194497      3.44874555      5.38828641      8.20305994      8.82464652      5.48073703      1.96589909      2.03767545      3.68612457      9.59845903      5.68753485      4.38790957      3.26796494      7.18320526      5.89316549      0.21441419      7.52945030      5.09278574      5.72813937      6.74875438      1.40081723      2.70449124      6.82272540      6.75271112      2.87693657      1.21261792      7.03546653      7.32350699      1.61403464      3.82780223      8.36349562      2.51653266      9.55925349      6.68235494      5.01237864      1.81564668      9.93053433      0.04050508      4.16412714      5.68727918      8.03966107      4.88199600      7.35865059      5.00799278      3.66475914      6.38726906      3.52459493      7.33961896      5.49984931      7.43661926      7.66706198      4.97616423      6.83137300      1.39236409      0.20958580      6.10846803      4.39810116      8.08081305      4.90208156      9.19428290      3.29944484      8.10641656      7.69816772      4.55792702      1.79979677      5.90058913      3.11533919      0.46833773      5.20853306      9.84727306      5.34202795      9.88303698      9.21925370      0.42164655      1.45512902      0.86952783      6.59946426      2.96697326      6.44662108
     5.47203686    655.92503046      6.30099075      2.33092145      3.59416488      2.93210326      6.13753708      2.38337367      0.76040462      3.18139796      1.17782359      7.48039722      5.10019528      8.06429472      3.46894671      1.74612331      0.72920303      7.40672584      3.69246291      2.79816492      0.54040383      1.68969180      3.38388435      6.07420825      6.61388614      3.21679450      0.56113259      9.92479699      1.82373888      6.91568416      9.05636859      9.49126183      5.72088118      6.21700072      3.01102831      0.60014934      9.73353432      7.75629732      5.77691009      4.59664111      5.00477478      4.25010504      4.65577583      6.16602216      1.71211291      2.41701295      7.78454306      3.29973199      8.96464682      7.60952983      0.75755037      3.16434330      8.31179717      5.54763705      8.94735420      8.98675889      4.92337022      3.34283076      3.46733989      9.52668335      3.82432540      2.98692750      6.98431076      4.26807523      9.34167005      5.17914701      8.39647363      9.35997260      4.65584449      7.45658354      7.11084993      0.96239713      7.26838463      9.27135475      3.04236238      5.11223386      5.21852944      8.78995146      0.35118044      7.45114417      6.92819559      1.15846169      1.06246809      8.28505315      4.40679118      3.48716220      8.87074630      5.17876995      6.11749948      8.96233261      9.40417021      2.67675350      6.62023635      3.02412064      9.51753945      5.95731079      8.54973459      0.68647183      5.48290868      5.92054997
     4.70295200      8.93267044    672.35827940      3.99534121      3.73027273      7.18912016      5.03371111      5.65299780      2.61236771      0.19811055      3.59949990      7.42692154      3.21637740      6.78126803      7.31103273      9.96339597      1.18945351      1.99718098      8.52613769      7.77745253      0.65143270      0.30343606      8.79097292      4.81989566      4.58639942      3.73321136      7.49649601      5.97224277      9.64583877      2.35859042      9.58357345      5.94812889      3.56647040      8.44428443      4.00410616      6.98192330      5.44795086      5.24249673      7.73435914      1.39666144      9.93025970      7.25891865      1.75178100      9.05984739      7.01694652      0.59759238      5.74367706      8.65555095      5.47027931      6.33131321      0.01822889      1.47092607      8.82504851      1.88882400      4.77324561      7.94744469      8.36000251      0.51788608      1.23447559      8.35267662      6.52863457      7.15047018      6.44397424      1.06397324      9.01581560      6.37104717      0.21758208      9.12739384      4.73564097      2.41605871      1.72252763      6.69195158      5.07805045      9.81506939      5.84205508      7.42650630      0.01906372      6.31146065      5.58410488      2.38347946      8.73531839      0.31661167      1.92902329      6.16198678      5.27129453      0.87975745      6.82454711      6.59241330      4.86159390      3.69464667      7.99995157      7.55643314      8.21459121      8.13039354      9.47539243      7.42744123      9.37022222      8.08613333      2.80519568      5.01461299
     5.19406642      4.39502316      4.33226473    662.07315017      0.70642202      0.56467656      6.17303266      8.44986403      5.52437325      5.72652858      0.02847484      3.22242478      3.43981315      3.54630366      9.24823369      1.45740290      6.49411647      6.69020696      4.42373033      3.82194047      4.64772885      6.42560154      0.71389667      9.86524375      2.42736782      0.15503243      1.33997759      6.65329514      9.87229535      8.41824507      9.82422914      9.75619750      0.10425557      3.85512432      4.79580392      0.49581140      5.72126241      5.68042296      8.45618024      2.00744357      6.77908742      2.03396512      4.01099063      0.80210201      7.07987112      8.39960857      7.94324182      4.01219931      4.16654012      4.41190512      6.08010979      6.67800028      0.81730928      0.99684011      5.38638538      1.86197299      1.05809040      6.37651645      9.94126292      9.97948810      9.00793638      9.28402928      4.40113448      3.82078288      5.06328037      5.83950925      0.12918316      0.23210827      6.24627135      8.99335621      0.10802883      2.50021929      5.95622796      2.77426296      7.99231306      4.60073568      6.60029314      0.53083349      2.78622645      3.27652418      9.96024024      0.84910098      8.60592630      0.20862260      8.10524438      9.90205392      9.51220819      4.39802485      9.74332577      1.47943638      0.64672053      8.80896418      4.22188628      9.02100571      8.92277404      1.34378777      5.41034024      3.36237140      2.95621826      0.00871962
     1.27603310      8.10072431      2.64388311      5.56241128    659.82228812      9.04975415      2.14741575      4.92818670      0.17521136      7.14155160      7.66561923      7.73170699      2.37558830      0.07474631      3.80070062      6.83650156      2.60228829      3.91657452      4.49070510      6.42158567      0.70589160      7.57963590      8.81843247      8.10954149      9.71480334      8.22576301      2.30205078      3.09455500      7.55187396      7.92912401      2.41209649      9.63292203      3.54167685      1.96105683      5.95558639      6.28743461      9.23150809      0.44161599      5.67167318      5.03924079      4.56331979      5.27587674      1.10096681      1.90145324      2.87999796      7.21626203      5.59041752      3.04152461      2.51318042      9.68019951      9.99904105      8.49401056      5.35019014      5.40272036      3.88135607      1.43157464      0.98624944      1.28982157      8.69973976      8.51500714      8.67311548      2.32901249      5.90297463      0.39752936      5.83986322      6.05841918      7.57908570      1.03008318      8.20216572      8.63563640      8.74229758      7.24876903      7.46089790      1.50291308      0.70144320      8.14634474      0.62310463      1.49394774      7.52653739      6.31705101      4.01493756      1.40942787      9.88637301      0.59568222      1.44811776      6.38168709      3.42444271      6.11234513      6.05601249      6.78323595      5.94557463      6.29210877      5.15539298      9.37615212      7.75787894      4.33559820      9.02983096      7.52571324      1.88122417      3.45563980
     3.81648544      6.09613464      2.01992587      1.26679348      8.48900522    638.19873086      1.56291043      9.93173238      0.03137765      4.93037921      9.13336708      5.73522720      1.30064503      7.48639482      9.32639385      6.80462466      1.91244771      8.69992348      7.71859375      9.84387491      6.31700277      0.37786420      9.57259411      8.35043995      5.51766453      8.30569986      2.61407512      9.79968987      3.25599914      4.76307776      7.33296513      0.90569834      0.95191886      3.70882098      2.18211279      9.07124949      2.45474662      2.65054732      7.21442442      8.92695723      9.84303606      9.41880718      7.48045928      7.65064587      6.48904249      1.50176088      3.79519323      9.47244169      3.66775117      0.06413951      6.56524554      8.72297519      5.71726243      3.56553095      6.74460581      0.69500988      6.14122126      3.25807362      4.19417949      4.97652507      5.17405817      1.99861178      3.43623736      7.21812432      1.14330407      3.24010927      2.10056327      6.82284189      9.52861264      2.81846992      2.19053388      5.04982350      2.38598046      0.22911220      7.22726935      7.75193498      1.22226907      2.00513351      5.78587217      6.81428469      1.86721706      1.51712520      0.12216012      7.98520272      5.49445556      8.45043047      6.85184495      7.99972148      5.35574262      4.97029789      2.79746778      7.50589898      4.39331213      4.04297506      5.59403762      1.56137481      3.03741189      6.45367791      0.49827437      2.21763148
     9.94015995      0.45443947      1.25037969      8.44528692      3.34994948      3.65480516    580.34911635      0.33049802      9.44091933      0.14543185      3.75007392      8.25826766      2.86443757      8.83247090      0.79851592      3.32309621      3.34175741      4.10954646      3.31640959      0.27118135      5.60071991      3.66752597      5.16041627      5.94474717      5.32303499      9.14510644      6.14160427      3.82163128      2.20120598      6.76246351      0.67730051      1.88540437      5.22897623      6.92540484      4.53054567      7.90316186      2.64593323      4.71079793      7.07486837      5.72940957      6.82738544      2.26526144      9.04268551      2.65099435      5.83864514      1.87114299      9.49851586      8.56006025      2.21372122      8.49919342      0.04240843      5.00270248      4.95768600      8.77653013      5.51741918      4.43969191      0.09334708      7.97473085      7.29557077      3.29954705      9.38278797      3.04961428      7.59199786      5.72173751      1.45193383      1.49884765      1.44028105      3.14011132      3.21335837      9.10678566      0.01365452      1.37589154      0.02300091      2.19837992      1.72682682      4.23948331      6.54850691      4.31802627      5.55442868      5.49344645      0.99873786      2.35908893      6.44784151      0.21086240      0.27885721      3.78411476      1.71030995      6.18853878      8.67637663      0.27835236      5.75682473      2.05966390      9.86264213      3.93026023      5.22969320      6.70330509      5.46998017      1.93093216      1.44601511      5.49796948
     4.76351674      2.87681171      6.70904413      6.72596807      9.38458928      0.02465025      6.61846258    668.85786995      5.86959496      9.88147918      6.82565098      5.81426595      1.60310653      8.42747092      9.54337794      5.30780229      9.67446190      4.11999462      6.27988853      5.06806788      1.52727729      5.34691114      2.17146370      4.03338900      2.13259150      3.33764082      0.42695297      0.86419049      2.57723837      9.82175228      8.58544924      0.82232761      3.69659772      8.90510353      6.94007178      2.83459035      0.83522003      4.33396152      2.86537354      3.33203111      1.41137724      1.63759441      5.68597159      2.18831485      6.30263030      5.44184559      0.93628833      8.36630991      5.47405819      0.05497506      4.17198992      4.65452298      9.84092873      6.56014220      2.99837556      2.82253640      4.22082924      3.11770379      8.98138923      8.94462053      3.12336145      1.19698277      2.42340651      5.42935283      6.02910695      4.71901870      2.10687656      2.56146160      6.23021321      8.32753800      8.13408060      3.21290884      6.46803376      0.28439656      0.10128749      5.98164774      7.62704725      2.07505614      7.11987077      7.83079038      4.21897654      6.56048633      2.78093064      0.77079104      4.51791504      8.62827817      6.16985943      2.90457670      5.23970175      8.34259439      2.41115369      9.88694348      2.02769893      9.02158366      8.46423837      8.28607943      4.69218199      7.83174025      1.99357744      2.21066387
     2.64736017      1.91179265      0.57611183      5.25953233      3.12084294      8.15845288      9.14507492      5.22003519    660.21059226      1.56193297      3.55144602      4.13279939      9.02638636      0.64017391      9.08210334      0.40174039      4.67287566      1.08226158      5.57579453      1.42352680      0.76896071      7.76037536      2.08271785      7.57432596      2.25848258      6.24596427      7.42526900      6.47960640      6.93915634      3.27172381      0.12224837      9.65013036      5.44393254      9.88773529      0.90598705      0.39280766      9.73007991      8.05189231      5.07189285      4.98999957      1.84986110      0.11083019      5.17448846      7.18489656      6.97392851      4.51547441      7.20519305      7.54610114      7.57745757      7.43473648      6.46859818      3.95230784      6.35098021      5.44173049      7.48077189      0.79754296      5.18592253      4.60610795      0.62211893      8.83108886      7.89883953      4.28845119      6.37626197      7.62888646      9.92871476      5.98107252      0.25227902      3.37101475      5.77746342      8.13924685      8.68673612      8.79671562      7.96743776      4.14058894      2.63343660      1.03773681      3.99219538      0.62478558      1.75016387      6.32222654      0.91411292      1.43101600      6.56690551      1.50811738      1.38256270      9.56166031      9.81020151      3.82456010      7.63124411      9.39240969      1.18061592      2.16277475      4.34954695      2.92921073      1.48217395      5.45864162      5.66596846      1.52644039      4.24725167      4.87835740
     1.86377169      8.22897961      0.02115276      4.15497297      8.94448216      0.80977631      3.04301566      2.23017148      3.77737929    627.02213649      6.72371243      6.54732566      0.61737938      9.06388626      6.06168498      3.78913673      2.27842551      0.52169750      6.85510456      6.56299052      9.05090124      1.39162920      4.69033282      1.54289356      8.24564639      7.94652887      6.45054557      1.98869280      7.02039926      3.77208453      7.54169524      2.71454940      1.59494149      5.25854966      4.23885022      9.28549312      8.52818811      3.04388904      8.70083807      9.78943644      0.19693258      4.10865918      5.02265255      7.76635930      4.37098401      2.14587483      0.24457399      8.08520806      0.69159758      2.27353472      4.84961445      7.70691174      2.30548598      7.76012039      6.30048907      6.30268554      0.29519868      2.35276464      5.06984966      4.33664420      1.64280586      1.74610588      7.53811024      9.43639070      2.06961636      2.46224226      6.34434557      1.53158275      3.44239804      7.90946339      1.20400754      9.13082510      5.45754519      5.15962564      1.83196678      4.17582252      3.66129637      7.68987859      3.90981153      4.70367385      7.05742442      9.91674409      9.88069294      4.30094609      6.30808630      7.18072958      3.22783073      6.06229712      8.86139008      7.69792462      8.19085209      7.01841902      0.92395073      7.95252666      6.60384160      2.76981394      5.81589957      2.54377894      4.82960889      1.44758700
     8.74817472      3.15192347      8.26122845      4.78519330      9.27948332      3.39975012      8.52921470      7.30578525      8.75218949      8.01134993    689.14226651      4.59949215      5.63616163      7.76861049      9.49632050      9.87439960      1.80472116      0.39693901      7.19741013      3.94129337      3.23010911      6.56482732      1.38477873      6.84145546      7.46559010      0.74431071      2.26070343      5.84854730      1.22956286      0.14103213      9.39335351      3.43095347      1.47685155      7.55969497      0.46232025      7.52668874      4.50167865      9.12386681      9.56680027      2.61522732      1.00323145      5.56639933      6.15173540      4.93117140      1.22440403      1.33550984      5.19873259      0.15999483      8.25808859      1.24914862      7.08719245      8.25269868      8.27027917      1.37540830      6.55622907      7.13936098      1.64638374      2.36236728      5.88234431      1.73394593      5.75036171      1.61763984      8.81139915      5.78484438      6.40023496      5.79878520      8.43197361      7.25845633      9.52659393      8.99236154      1.39384385      5.25414139      2.05205171      0.16536359      8.30301574      5.07761068      1.90512313      0.24593391      9.81126207      0.20487825      5.55661427      9.75312292      9.74461966      4.83239456      0.53864063      3.76433970      4.44668118      8.85408274      5.86402357      0.09564645      3.56294923      0.93522945      9.60493260      0.61198201      6.07533557      4.65254389      5.77805731      2.10340662      7.64939691      2.42971848
     1.95147913      9.63134552      3.21085379      1.91418908      7.75673937      9.73399248      2.26713023      7.88605537      7.09799716      6.74762853      3.77691285    617.23723935      1.04656326      3.46915705      3.41157443      9.30714274      0.66979828      6.68243345      6.56538602      6.18224763      9.72929878      0.10763443      6.31538038      9.41280563      6.76913222      4.92876405      8.33662350      1.75224902      5.44955594      5.73992943      8.22110108      2.30543088      8.61136660      6.12580296      3.86916705      9.43598787      1.63301432      2.83952768      9.99023078      4.36021523      6.10003207      7.16601835      7.62564927      1.38136309      6.96416618      8.28540569      2.53860904      7.47589639      0.73850660      4.64504004      2.66774069      6.91353563      9.63540268      4.65578815      0.29345547      0.93018397      6.03097852      0.14184751      9.09917900      6.95079683      5.40601080      4.49724471      5.53765358      4.25463578      6.73191567      7.82919632      6.19404078      0.58142845      5.41498014      3.82389290      4.67881136      2.90234207      9.72912194      2.27209868      7.52613874      5.78517581      1.57150967      8.69538499      3.61096184      3.27101571      1.97819209      0.40233502      2.99101268      8.48030843      1.49261612      8.80094600      6.14195087      8.48648520      6.08713984      8.90758692      2.80393736      8.90326515      0.84251752      7.54686468      5.25846686      2.37085884      0.59000997      0.10230782      4.70550492      9.67034448
     9.71594021      1.66529615      2.66608876      4.89006572      7.77352350      0.61087111      4.45755453      3.52518352      8.23314269      5.09701095      2.21504814      4.15631885    636.63027274      9.29025470      9.22350563      0.26110802      5.08829008      3.18504332      4.63865727      7.32386733      5.71655861      0.03884724      7.89248630      6.33776485      8.27030264      9.72433162      7.93751211      1.80948666      4.03190548      5.61290098      2.65908760      7.63913658      8.37527410      5.24377375      9.17074902      9.38012609      9.39321882      6.97776053      2.97880802      6.00868377      8.25497634      1.91348326      4.07416949      1.42215909      4.66624272      4.53046480      0.85196803      5.69259094      6.90931300      3.63905820      4.01482999      6.53619116      7.52804182      3.58167116      9.08996957      2.45532694      4.08952139      2.34220945      6.75970872      1.01865827      3.37252228      2.94124574      1.39779945      1.59585161      4.66657840      9.07729424      1.91266856      9.22114781      1.46414449      3.88663818      0.97918453      5.52929587      1.40417487      3.09724815      5.32845975      8.06660935      5.09559051      8.52316246      2.52798771      6.36073474      8.90907794      1.81614431      0.26460204      3.33998496      2.61801726      2.60498465      5.47082679      8.89706588      7.10961726      8.13231962      1.01595359      8.92880090      6.40631865      3.51268100      9.47263034      4.99446724      8.05927292      9.87482736      4.80222537      1.06621596
     2.48437255      0.46874481      8.32895151      6.40630400      2.33556808      3.99975923      4.12705593      3.30315331      6.02991690      4.17217298      9.88719209      9.43225874      6.46337422    584.68927889      7.30118955      1.42790382      7.62446945      7.64215347      5.56104209      4.80343464      4.64108126      4.99486428      7.98970962      7.55768276      1.53707754      9.90212105      7.79752110      0.01549990      8.25429271      7.63819649      2.09743323      6.15789738      1.11840607      0.44406859      1.29824123      5.04458567      7.04235927      8.15641403      2.24947045      0.96117244      5.21655040      8.70915574      7.09305517      9.02652300      2.54451043      1.00745359      0.41760849      8.01784400      7.76878087      1.73115408      0.82451633      8.61902971      4.23589387      8.76111301      6.65465398      1.76454218      0.85002922      2.94740998      0.23283590      1.49955207      2.82783338      3.71892112      0.15840729      6.29991204      7.76814515      4.14355507      4.16101112      4.76027298      6.34556178      5.42220161      0.08764740      2.17904243      5.56872242      7.38244132      0.51629419      6.18314851      2.81276769      9.31987011      8.68709223      0.92255118      0.41564730      7.55302643      8.19388250      2.75726297      6.26511498      2.89288746      7.24630131      0.14979583      6.38946073      9.01942543      5.45442787      5.38933145      8.43568951      6.84371157      3.37333589      9.64830867      0.19767149      7.58352233      1.95145644      6.18147126
     2.16384704      8.93855987      6.37130930      0.11487710      3.86681694      9.74013452      8.67718016      1.27341171      7.77131817      5.56956949      7.38205987      0.94885408      7.48397429      4.61332434    550.18564510      3.00910498      5.38222663      2.23120114      5.40906645      4.10548117      7.51261400      1.18032059      0.10133448      1.94854784      4.51701340      0.62688456      6.01451584      3.47151347      0.51294786      1.74377294      3.76247808      4.77643101      5.70466828      7.77782941      0.18478452      8.58439276      0.36761088      8.76886377      5.83386087      3.83167980      6.53834283      4.05306613      0.48475671      7.73541192      1.48954590      8.40070007      8.37480644      5.52628966      6.00239712      1.02390407      4.58525719      0.44363045      7.04674407      5.55660649      5.46541165      5.51858344      0.67204397      1.19858395      7.09515993      6.20737891      2.68909904      7.89717503      7.57717977      9.55615151      1.43730321      7.14717778      3.53714958      3.63554099      2.91306240      0.15239775      3.86773666      3.36182820      8.01237296      2.22698540      0.36391883      2.30699452      4.06171068      2.64594926      2.69440762      1.61623530      7.17697907      1.88083212      2.49587603      2.77938013      8.38735908      0.57922984      7.41084670      7.93352146      4.10267870      5.73947097      1.56495933      9.68052006      7.86288262      6.20357096      9.20397403      0.22284977      2.77051757      1.00352553      5.55255860      3.93649694
     6.47890698      9.03407047      1.17147899      5.61563191      3.25154682      2.99622302      2.52505321      4.47457467      9.94826920      4.90804418      4.29849362      3.97998001      1.51100366      4.85075561      7.95599749    635.19673501      1.19079347      7.61797180      1.31764955      6.48993583      6.42135032      0.26594053      3.95390303      1.86072923      0.10689333      6.19767547      7.54008339      8.30528396      5.49242681      4.30404870      6.83283291      4.86586526      6.47001497      8.78114148      7.47567674      8.13663189      6.59515128      1.46651189      6.18576851      3.69523329      9.34268251      1.06850573      6.34053670      1.77473608      6.78261007      9.16231392      9.50001238      5.38971985      6.48478806      4.50819463      0.70014389      2.04312328      3.73581602      4.79544685      5.85693216      6.89750611      3.43396623      4.14059506      3.69889080      2.81232277      0.78712359      7.90763312      9.22094736      0.40489776      6.03091459      2.42052162      9.25128643      5.78430880      6.19286534      0.03399982      0.52342866      4.65335629      8.36078225      5.74561694      1.19248095      6.56146598      0.24989450      4.52323119      1.14517774      7.47974741      3.87018616      7.24544694      7.34788709      3.69144540      2.55183895      8.70695211      1.43332758      0.62612661      5.71183494      1.81265228      3.66229063      2.86245955      9.01944688      5.45570837      8.82696879      3.96305821      2.12265439      5.29478952      9.39697995      9.25919935
     8.41920806      0.71762175      4.24139262      3.52407636      2.24182844      7.17012886      3.63723302      3.06535313      1.81050918      2.64674829      2.13302926      5.52392779      2.81788074      7.21804554      4.51761241      6.92634532    578.37058817      9.27220024      5.61017913      6.17400975      6.46653593      3.97658954      9.71062684      5.34146862      6.19610117      0.25233862      4.03682878      5.63331800      1.38564627      0.81489016      9.69675219      1.94489035      6.67750183      9.28416175      3.08508368      5.62974693      2.61357308      4.18551793      9.56262943      2.02144702      1.98669214      4.39321288      7.63807337      5.58133975      3.68389063      6.81241487      1.16767660      8.27174122      9.87260329      6.67927079      5.74434313      1.09721703      0.97012012      9.36658997      3.59712891      0.22099577      0.64887242      5.36686995      5.65300505      7.60651987      3.17092671      2.10600183      0.73659660      5.05221572      5.04715715      9.71412713      3.77546417      3.60169722      7.39822466      9.68902973      1.79509320      7.91980855      2.03775728      2.95985385      1.46111079      1.69531376      8.22258315      1.08146844      5.78113065      7.52756954      4.52898164      9.36674348      3.50957128      8.16715626      9.61126892      4.13627336      1.10530685      6.82545844      8.04829601      2.36528121      6.77745270      3.21744648      1.07225061      0.97456105      6.57523088      3.21682033      3.79958007      3.06914773      0.92535815      1.10997505
     1.91680250      2.47653770      2.06809057      8.02838474      2.52997831      9.89126604      9.43851252      3.38136810      6.99168707      7.65365469      1.04678630      8.64909405      4.00896656      0.31555397      2.50177177      3.52027888      9.03553988    672.92606291      8.18034109      6.44916429      6.46679754      2.84009083      6.46610674      6.10404835      4.74801972      8.41099491      9.91877695      3.92074572      8.77308115      4.93210819      6.81348075      9.25619613      6.46826514      3.10717563      6.12586334      4.95849528      0.69104509      6.60391915      9.29864235      1.11692711      0.17719405      8.05993941      3.04893594      0.00748036      6.46121021      0.14813504      3.75738504      2.60674338      9.84896436      8.22185590      8.70895169      6.03034885      6.88251641      8.07893181      1.77617917      1.12755178      6.02053625      2.31397729      1.98189878      1.39039931      5.47176366      0.14370257      9.40359651      9.90977881      4.89276026      5.18129041      8.01327707      0.98077360      4.02366882      2.58089491      6.19427443      9.12154411      8.85334648      3.74261965      1.67561191      6.78333762      0.84364919      0.69453827      1.87581868      7.31106297      3.97903887      3.78823523      1.66347270      1.81506831      9.55051381      9.44843980      4.44440142      8.97369531      9.13637837      1.22116927      2.59278349      8.60092239      2.52798734      1.13926143      4.30783944      5.31641075      7.11550193      0.65892017      6.94899145      0.31106354
     4.81991395      9.36069581      3.68308468      2.91189993      8.93714634      1.90432045      9.67981429      8.33561574      0.76447645      1.41323685      0.13058539      1.10413417      2.08574840      6.04704889      0.24297772      8.88090436      4.77197706      7.81252959    621.86004721      5.55144079      7.93123043      6.93965934      5.08415934      5.85950964      1.87865365      7.06810351      2.30781846      0.83199043      4.76666794      1.50778858      7.29964164      2.75794552      4.33943934      9.16175486      1.39997773      2.13191589      5.43636075      5.53085060      5.47596493      1.56225279      1.48221092      1.02610987      9.25671420      2.19660690      9.35324647      7.22416498      8.33121569      1.26987318      8.06694551      9.01886356      3.02369756      4.35168086      3.08247898      0.99345996      9.48519490      9.73744905      2.44290422      3.06247928      4.69355635      6.12971294      5.05389907      8.88227937      5.70289036      6.32012539      1.36343433      7.19358587      4.48304790      4.09942777      4.89027039      0.20692491      4.94771672      1.50407627      1.84177648      4.84692096      1.97528191      0.61005434      3.64731243      1.44906023      8.52127702      2.05872925      1.77229238      4.29366451      8.09815297      2.18763364      6.76462571      0.99480906      8.07917813      5.16898777      2.57111058      7.57511584      1.57637481      6.41629258      1.86374176      4.59616478      8.78079857      1.70322381      6.06495531      9.10981677      2.22952186      9.47944725
     5.44552779      6.07355214      1.41259179      9.12940931      6.64317995      5.01311838      6.58219438      4.55962485      7.93577357      1.46552393      0.78671084      3.27971888      5.47099257      3.61846035      2.53807996      6.34874259      5.57678613      9.54144785      0.27353738    665.13266286      2.08454187      6.35078747      4.69839674      3.76897075      1.46149077      1.39638676      5.53492873      9.97464998      2.23526067      1.98847984      2.07481918      2.00235262      8.32959571      0.44032054      6.19419267      6.96330247      2.42231905      7.95349265      5.63157599      3.69064664      5.87013475      6.03902545      3.99263207      4.45142176      1.82224912      5.23580598      3.85601113      2.31684866      4.05273112      6.72350518      9.26494994      4.04702518      8.69650620      3.23477523      0.86817847      5.70623494      5.78898489      9.42872297      2.15932176      2.67119268      9.43331690      0.80358306      6.72432889      8.77276626      6.83107666      5.96977358      7.14196487      3.76982424      3.47536557      8.13825589      1.32808418      7.27389332      5.07662663      5.80969692      2.67847590      6.80911934      3.72983660      1.83707515      5.31730433      4.26296491      4.31514009      1.86916252      9.27440620      7.89687031      9.08054867      4.62342326      6.64805604      6.99246377      0.58724668      7.22428306      9.99161815      6.95976440      6.66011574      5.20406207      0.50424720      2.94294119      4.71036039      6.16472535      4.13172523      2.91410075
     7.09578405      1.12966987      7.24362853      9.77622400      3.63213177      8.56796182      0.90154078      5.33476726      2.00186458      6.81664812      5.56510159      3.36599516      9.31766168      0.20202916      7.96629762      7.82396992      0.32672001      4.78463370      7.67156036      4.26780554    665.09897082      3.08052136      1.51038409      7.84207511      3.68429425      8.60987594      0.08295905      6.08242473      5.39351535      2.13304510      8.17944100      5.36062646      3.47908144      2.23679244      7.00886281      8.23460560      5.58831992      7.09253320      2.71771300      3.65163005      9.28152158      9.55901121      1.81541043      7.79216730      3.54645563      9.59692354      0.46886571      0.70873407      6.72192773      7.55530014      0.01082416      6.87145124      5.71944405      3.17645084      9.30692649      5.14942057      2.21863881      9.56771834      5.21350214      3.36177429      5.90401898      7.02078664      9.73096636      2.87532603      1.49182410      0.85725498      4.73241694      2.91319219      1.07445674      2.06218564      5.25135272      2.84543945      7.11998916      0.39256442      1.01808919      2.41986280      8.59794516      0.65811936      3.25176300      1.42994192      1.56366784      4.78964521      3.37845852      8.99744388      3.35894194      9.05730385      2.38664411      0.11687584      7.95650884      3.76461279      5.70868896      0.88038283      9.29237688      8.62844293      9.97900421      8.61204492      6.52141774      0.30611080      9.46200867      5.28389691
     6.95483632      8.10726631      3.77697344      1.96198721      1.04749324      9.17800225      7.99897389      2.05167952      9.68613039      8.30064827      8.79746553      5.16695501      4.07494447      4.87962226      3.67065868      8.97739064      3.77613336      2.14355109      7.54987355      9.76870639      9.60563287    716.77495742      4.75276327      2.74027865      2.55680873      2.98682707      1.63922840      7.05971433      7.03210841      9.98342897      6.70433079      0.72218875      7.62220439      2.42005853      2.51032946      6.69404687      7.05897850      2.14505138      4.73587799      8.08312150      2.38349348      7.95683074      8.10609040      8.18038224      2.32259612      4.80216563      2.43393272      3.07219007      8.19722420      0.57214293      1.16343757      8.28363480      9.19878467      2.58132712      4.68987340      8.62961523      2.53222513      9.92951801      6.08294896      7.14431090      1.17486231      3.52010886      0.94506257      8.48934776      5.63689784      9.35239536      5.50969139      8.47354489      1.46357129      1.59531212      2.20742408      6.19903720      3.01410409      5.48072063      5.06027084      5.33224028      2.05854058      9.27969591      3.33516448      3.08623824      5.01455398      8.98827090      2.36415492      7.28193885      9.19866281      6.66082881      2.81621261      4.57023864      6.02470043      5.53570185      7.95489062      2.18153248      0.53505281      0.46035446      7.31014339      6.37937065      7.59693942      6.25969679      3.57484709      2.92185100
     0.40024188      3.23701934      6.86270025      3.19319646      7.12561365      8.99378095      0.57370245      2.93371184      5.64010487      0.45658327      6.69089210      9.31927030      3.17981856      4.39534156      7.88522191      4.34462971      7.93754102      7.79966290      3.09669342      3.53184467      4.39258650      3.60198424    649.58589417      9.55217492      0.11251010      8.06122776      7.41019718      8.07677478      2.77967717      4.27804341      9.43231769      7.70990499      4.00512307      8.69441180      5.84962042      4.29808134      0.41891617      8.63522153      9.80050180      7.11860377      4.27354402      9.77646307      0.15966438      3.43126635      7.51396818      5.15472146      6.55654747      1.47883672      3.28284402      3.06661025      0.85331192      5.52756238      7.44768712      6.13761457      6.16867684      4.52552167      3.20045150      5.10930375      9.44888730      9.00049848      6.74189324      0.62225498      9.79510925      9.77420031      3.63663117      5.60692298      9.42593671      4.52712057      1.37930238      6.47033956      7.50737153      8.90739439      0.22419180      9.45688843      3.80049054      2.94400536      9.44115047      9.49456364      7.29651414      1.94501711      3.90466774      4.93703674      1.42564560      2.78163499      0.53825118      9.62878996      6.96472717      6.15556523      0.06396748      7.76323525      7.79912000      6.27063314      5.45317371      6.91633320      2.31241694      2.77464946      5.56509152      5.74157487      8.32309167      8.80000422
     2.18674906      9.15417811      1.81117073      3.41568575      6.51882902      5.96853973      9.13797627      4.73108711      2.87837837      0.71696825      8.37958692      8.82119311      3.49544656      6.88451170      0.64763701      0.44081781      6.75454090      6.05991273      8.88304908      4.14433399      6.08034170      2.66235994      4.22848412    667.66593996      4.40005338      6.69849207      1.08342771      2.91824822      2.94265006      9.09034622      1.73425497      3.30451273      2.62370093      6.55099820      5.53157344      2.27048909      0.38193989      0.32815176      9.82234656      9.92376735      6.39088836      3.87405109      8.78455351      3.79237897      3.80662105      2.29098348      6.11110493      4.80979642      4.87673820      2.46357232      2.02619128      9.64376743      7.35359730      7.53800028      3.81499487      9.92281074      2.23461341      5.75658384      6.81944767      6.69346048      2.93660291      7.36551938      1.74687827      4.33255282      1.50394119      5.17772880      0.84310994      9.15448566      9.95000417      9.14345945      9.67027495      9.34099429      9.11674182      2.56259682      3.93911596      4.99002703      8.95313219      7.00738773      0.64120021      5.08848714      5.41938159      7.49286680      8.88272908      0.15878333      8.57726423      5.25843327      2.79612146      4.94381840      1.73789878      6.92135403      0.96155082      7.68322995      3.95300637      1.80249125      6.44696881      5.39041432      2.99097683      7.79825579      8.05856302      6.07043343
     4.85519048      4.31226523      3.95688283      5.48332144      9.84295653      9.55971869      7.22425288      3.01182160      1.28455236      6.58003806      1.06712409      8.45795221      6.39498043      6.69395150      4.91334888      9.37643528      2.23895323      1.32442220      8.00841275      4.07368166      2.63663286      8.32071664      3.05439345      8.07585703    572.75212812      0.61124670      4.14732399      2.04976488      0.21193563      2.54473597      2.94574341      5.21056680      1.62894005      7.29169607      4.65432983      1.88412142      7.34196626      5.29184951      4.60766692      2.51799056      7.30346511      1.64556832      7.40080306      2.63704068      3.05764999      4.59381908      4.43820621      5.37476462      2.01505661      7.10687061      4.72129449      9.84890711      4.01294021      3.07154994      5.30539451      7.73699212      0.63050085      0.54590855      1.54441208      0.04955590      5.38895003      5.56893269      4.32067052      6.59216754      2.75829398      6.67312277      3.99948033      2.36309094      8.25398858      1.21600827      8.38127771      8.66794077      1.31096975      3.70847048      6.51536494      4.77930753      6.17681139      6.23808170      8.25822941      9.72100585      2.35252882      2.43443139      7.91037405      2.48381278      1.58853368      4.42506527      5.82463709      5.02853044      8.10356923      1.59511801      0.73987366      0.16459412      7.16256496      2.11763955      1.14782756      8.11120748      2.70432084      2.80910205      4.73611476      2.52331706
     2.31303670      8.40534606      9.68146085      7.56522389      2.13315250      5.03821966      3.29535051      9.97447159      1.85564931      9.04560156      9.73790856      3.70696147      9.40333723      6.16820662      9.15274285      7.76184434      2.02775697      6.09537745      4.79562177      7.32271686      4.25828821      3.93863546      1.53717472      9.96502621      8.97900496    704.19929105      0.09560776      7.75521736      9.76556995      6.57452047      6.72253906      2.66784721      1.43300903      4.56846806      1.05791075      6.95139423      1.03150191      8.17940762      8.88683940      7.02189102      7.08095037      3.69833831      9.68521853      9.24289938      7.17510849      0.31311970      0.03259544      8.44210087      2.15618140      8.26271877      5.81795358      4.45747337      3.74682897      3.50638390      2.00674595      1.93105209      2.03799612      4.23848130      1.17669410      7.11357026      4.37953027      3.53760556      6.50479842      5.66211932      8.52183589      5.93722737      5.37408081      4.52379255      0.77826814      1.39094312      1.87630672      5.62645168      5.06096508      0.39274475      2.69772828      8.45176771      6.17922363      7.50275663      2.26964166      1.96694618      3.31709324      1.90714452      8.81661196      4.09363085      4.86464835      3.63402982      0.67843832      6.76169558      5.63801407      7.27613362      4.55744187      9.10550253      4.66507337      6.69425744      8.27138571      9.97460146      0.52721113      1.11664792      7.28930706      0.72702588
     7.68579000      3.68849738      9.77091312      1.09213201      3.30055587      3.58406093      3.35489799      2.02634613      0.01757935      8.90512823      7.45549682      0.85611356      4.14990977      8.91625048      8.57392772      4.57333490      5.33944505      8.83496436      2.63970620      7.16853986      5.42021058      7.42236360      0.88604281      5.66855242      4.44829077      0.11800304    651.16962599      0.50488983      8.62347587      6.30004439      8.03642712      8.23154926      0.05395181      1.01512530      9.67509917      7.85339745      8.17614609      8.17540926      1.97062327      9.78689531      9.53053381      3.61539360      4.35201262      0.76884583      8.31782969      9.09071017      3.57436208      8.98693240      3.99462492      7.91440670      2.16879536      0.08488440      9.17918521      7.92002256      4.87835718      3.59219972      7.07474169      0.42307974      5.07914184      6.75185219      1.30971807      9.23214693      4.43325408      4.09900270      6.79990376      4.04992639      9.02193970      8.40560363      2.04176095      1.30903666      1.46045310      4.52727614      9.24854260      9.33649691      1.57936942      8.07771091      3.31084337      9.93883324      7.95566816      1.67346252      0.85961350      4.66571847      9.43177545      7.20123867      8.32779018      0.42995882      1.10167729      6.96752837      9.60019002      4.43145716      6.24661129      6.54225180      5.40582486      4.40966369      0.41896032      4.02645682      5.96285625      1.05769387      9.07135776      7.46843881
     4.32263778      4.70073898      5.64897085      0.56430983      9.20623595      7.78563215      0.06604758      2.97756984      9.42310941      6.57541652      8.41997245      6.02284250      3.00909882      0.83903979      2.96905099      3.66746715      7.62378412      6.78031613      1.27423381      3.50392747      1.36714137      6.90437493      4.47080500      9.58612592      1.69731816      3.74700890      8.65607839    644.48290172      6.56123210      4.72335817      2.87771712      6.61094501      5.08222994      7.87591152      2.37119053      2.93858760      4.62603316      3.06823659      7.17949295      9.05833324      5.04437994      7.55330399      9.14887722      8.92081498      5.86286888      8.82909208      5.83078187      5.12991610      9.61323573      6.90496026      6.64583395      4.63083116      0.55830051      0.71939993      4.64970504      6.52852314      4.23209195      5.27003923      1.53267088      6.75359184      9.70672132      4.55342195      9.45236271      1.29030091      7.29746917      1.67330094      2.62323791      2.32941487      9.86622333      6.15220051      5.21590347      8.86387901      7.26797048      7.69776752      6.53824353      2.14032942      6.13117217      0.13195532      5.84870423      8.61875363      5.56531659      6.15414793      6.44306478      2.28863178      6.12361335      2.99182328      6.27426642      8.98730636      7.62182147      6.89048927      5.67292636      1.72626156      2.31273981      4.10234063      8.38574924      2.13041447      9.49073950      9.47854703      3.13116145      9.01634179
     5.63668090      2.22946168      1.66791730      6.58141437      2.15904255      3.49365136      2.82684007      7.25677894      9.05926693      1.13920447      2.03783206      6.82220667      8.90875655      1.54292845      5.37267180      2.59049624      0.84313430      5.51406229      3.24593917      9.34435502      7.62981582      3.44266977      4.96976181      5.22491618      0.55496234      1.13915081      4.10203548      7.53888939    645.86632767      0.90213608      2.27331500      5.80041550      6.45387770      7.72420015      0.30974210      8.85247052      7.33698323      3.41908050      1.68107701      4.28554870      8.71077124      4.52276797      9.68859442      4.41775439      7.71052799      6.53036441      8.18293998      4.10257160      3.51242593      3.83122739      5.85862297      2.16403186      0.81039370      0.93046646      1.57938126      9.61058337      8.21354485      0.91853360      4.87198257      7.96267605      1.99429493      7.94045666      4.38513286      3.66810097      7.68495088      3.92854919      9.55870673      2.09908048      5.98714815      2.71688707      8.80228384      8.31786670      0.34479067      9.51427714      1.98580404      7.61105684      1.96852212      1.51927089      1.34041947      6.92591632      4.43642381      8.83394701      6.70049026      4.16439313      3.58718121      8.25034266      8.33434052      2.18407635      5.82522847      6.78505623      8.43284439      5.50886014      0.58312048      2.43847508      4.84487164      8.64530380      2.52217567      4.34156058      0.97130856      9.66981280
     7.07714256      9.76505069      7.73104620      2.54258503      9.94467133      0.10974818      2.42974125      2.29893825      5.39416493      5.32083072      1.68746464      3.47323716      6.29393229      3.79611360      7.38730749      0.76741250      7.10543029      5.86471163      4.53576370      2.44235735      0.37030352      6.05903817      0.51753868      4.08197002      6.63618619      1.41991366      8.74984363      5.53483719      7.59986784    733.26738062      2.87718420      7.46316399      1.02954723      6.42835688      7.71939433      3.48355105      7.67035406      5.47214165      7.10345858      3.29167181      8.52544073      9.20314167      8.69049041      5.66119545      8.55952211      5.76404862      6.85699133      8.86814761      5.56379122      3.11212395      6.13680298      9.67869045      3.02168203      6.64768272      9.23648231      4.11726063      8.67527377      7.61484240      4.38857307      5.46481115      5.11263271      2.36883908      2.45121757      6.83739913      8.52889714      8.62041586      7.81353995      5.51480602      7.89025105      8.15650113      8.46942055      1.61465414      9.29379158      9.07420654      9.63023778      9.84289848      3.83796381      1.34872133      1.96542606      6.51510317      2.55083103      8.16318660      7.30015915      3.36112401      8.13370546      5.04969355      6.95886720      9.42206834      5.65743685      4.20080475      7.13681029      2.22278979      6.05712467      9.04695276      0.18110067      6.38462257      6.41820703      5.43517475      6.38468731      7.69165168
     7.28026521      5.16614747      8.07587738      6.53910790      1.64136458      7.34861474      2.72339833      9.72025094      7.81942889      7.71738519      1.79862502      1.58166700      1.03173670      8.22687548      9.62297202      7.13093891      7.48598686      5.41400460      6.78481100      7.55893831      7.43782397      2.95703898      3.68414521      6.36869663      3.98290153      9.86404153      6.63695718      3.78697264      4.84094710      8.80668968    626.20525075      3.39138351      0.85644054      5.50219201      7.03477681      2.64948884      1.45658573      3.74118395      4.21751431      2.56569488      2.51172964      4.35094479      2.85020724      4.77253874      5.99312749      2.21814435      5.04586323      4.22545193      8.71585252      2.13625903      2.72948396      6.69895925      1.41071920      5.65871920      9.26917583      8.68372431      6.58141458      7.14830673      7.28346056      9.11505801      2.62673009      1.04160962      0.99800840      3.46823068      0.51300316      1.07864369      2.48929900      0.95565391      5.26647409      1.75655713      1.63123379      7.68807754      0.35757998      0.89008832      7.15344220      7.91471862      0.62856851      2.31459152      5.62645330      7.19327392      3.84724707      3.12377006      6.13660273      4.63598748      0.09881770      8.47840631      1.22735609      3.23344130      5.26610329      6.23110267      0.41282081      6.15944639      8.35793853      6.64658011      9.77056722      2.10187154      3.37109582      3.04512082      4.06821896      5.64062646
     3.33740913      7.52836177      1.17009710      8.56948108      1.30743776      1.52691515      2.68355091      2.03269002      4.31154049      5.75966418      8.02143206      8.90674503      4.54181657      3.22032537      8.68932041      1.56009147      5.27733987      4.86714725      1.41075647      2.60105772      1.86759796      6.94024169      3.37414864      1.97302519      6.71477680      1.42887443      3.10324322      9.75646135      1.41614188      4.01490733      1.09736984    609.35606392      1.02728884      3.34813367      1.59460810      4.45722752      7.21140776      7.96109175      6.06644209      2.30720870      4.01032425      4.01235798      6.04029682      9.93281280      8.50649042      3.56216684      1.95534207      8.64346817      5.41439370      0.57399873      6.09772608      8.69012641      2.52059742      7.49569271      0.92509663      8.15368263      9.87901437      9.89860615      9.03429852      5.53985674      1.24533253      0.79614188      5.67879181      0.80619753      2.84126469      9.39558522      6.66644707      0.69840592      4.31617788      3.33678735      6.58491505      8.99862270      0.75856404      2.95412494      5.07595696      6.32753336      1.26320185      4.84928687      4.20630222      0.67823831      8.40004396      0.55919572      0.21619884      9.84382407      4.95186850      0.38357267      6.63729132      3.41846291      9.66110450      1.91893431      6.32909502      9.99869597      4.21842529      1.82996481      6.09083897      2.86474161      0.84479187      2.27923357      9.41407674      1.12452764
     5.86799026      9.97118874      9.76734311      5.08528106      1.54142169      0.53630610      4.13136411      6.95693965      7.64131791      4.86499212      3.83647379      1.15885864      4.10795292      1.95784402      2.20172758      1.39887532      6.49917610      5.29072604      7.47391162      1.18722025      2.75187101      3.36750196      1.00637292      9.16857243      2.32989453      1.50000000      5.06073507      4.70133098      1.75545151      4.43376360      0.02772173      9.42149680    616.83279896      9.61027903      7.56054271      6.00842364      6.91010459      9.90391434      3.53556532      2.47187656      1.24300738      9.61680503      2.36486134      8.49782536      8.97853634      0.20530210      4.14484028      0.94195524      0.94193741      5.55670642      1.64510914      8.02437621      3.96010089      8.85728711      9.57969196      5.11066013      8.31789265      2.43822606      2.98050869      1.45508335      6.54337701      7.67127767      4.69184127      5.40680703      2.31080933      7.40762307      2.23407495      4.77365735      1.09137140      5.88109091      6.45687545      8.47027522      9.40742736      5.50785567      3.94845981      8.01145427      7.81908931      0.89012836      0.55516203      2.87106882      3.05236139      8.23120338      9.54193942      5.45463518      4.88231519      5.15042110      3.51738829      9.09619087      9.45370824      5.50153754      2.01928783      0.92437242      2.39259290      1.96545659      6.75330049      2.01238955      5.77580842      8.97612709      8.42179836      8.32903119
     1.77899923      7.57871383      9.61914006      5.11035286      3.65146412      6.57857308      7.69771798      4.36554592      0.02178716      7.46496975      6.85691985      8.83577069      8.11518723      2.48663257      5.28637859      8.92253968      7.33717126      0.46699578      2.84596931      1.94105378      4.56905941      3.07575349      9.29693798      4.03781542      2.76225739      3.81727269      5.32672744      6.64856327      7.53798688      0.78230126      8.57080457      9.96984440      0.38360083    688.07791886      5.38411476      0.34284197      3.23590898      0.33951215      2.84935011      5.99918623      9.49720182      7.85871813      5.81516532      0.21152843      0.81984018      9.42573782      3.68578512      7.26321462      7.30309950      2.71084367      2.03027810      1.16550376      2.59437771      8.43491077      3.79055207      2.99785014      1.19433325      2.80171741      6.65107643      9.34999024      7.11415751      3.04772408      8.07044271      9.91012793      8.93444478      4.02450402      6.31159496      5.65564682      6.60131381      3.96334488      3.25982667      1.66318578      2.34479343      8.59099022      2.85016072      2.52484095      0.49089737      1.67520636      2.03574640      8.71236131      6.12814369      6.25371939      8.91299982      3.84391863      7.75548603      1.68191673      9.68982917      3.35476479      1.34186905      3.07888718      7.44729303      0.77966665      9.59566298      2.36549252      1.60713604      8.89582257      9.80920341      9.19589232      8.36528606      8.87931020
     4.96116743      0.89679463      5.38753127      6.51661691      7.58708972      6.44098123      2.39651141      5.32595478      4.47329645      2.26728772      7.69697467      9.47654566      6.69435397      7.45799410      2.06053019      3.54451666      4.77514523      4.76411549      6.69103201      3.59516103      5.61597459      3.70797861      8.51301480      4.92046598      5.92701236      7.22396018      7.63267213      3.75507330      4.31713001      6.44351630      8.64790197      5.52228697      3.36537086      8.88208927    625.25080373      2.57931006      9.61166117      3.43707175      9.76666504      0.48912540      3.56183015      6.60113618      6.50331002      8.01637973      2.10882017      4.04571545      1.47763944      2.56801369      7.82444297      3.82035673      0.37924386      0.05922267      8.20808532      8.46780716      8.40032609      7.85773392      9.47305931      0.04170412      4.61501056      4.00551485      5.17126654      4.07264572      3.26011992      8.54888313      4.45987346      2.66218924      2.61721214      0.47693030      8.04479705      9.04256240      5.02021353      2.22389402      7.55628192      8.59345724      3.43134112      9.93058296      8.56076187      1.52829897      4.13480043      4.64515624      1.16436194      6.78148941      3.58498416      3.44501006      3.92888447      8.64707272      7.31345753      3.05134398      1.10406087      1.05636662      5.25522234      0.36286692      3.39159667      4.71374655      8.73500777      8.79553177      3.93532925      9.79530513      1.80467096      0.91507629
     4.50764575      1.79195443      4.50622975      0.38985610      7.43194551      0.52880020      9.86421060      5.65742011      9.08338408      2.47059438      6.61077450      0.42891675      2.91955407      3.52192315      5.37570494      9.87628084      3.99714488      8.92172246      8.60197719      0.50042328      4.89058220      8.31502317      1.26448049      4.12002839      5.18442672      5.05704665      9.95775890      5.04133640      3.97204522      4.73059244      6.27494787      7.42921352      5.79947924      3.28099081      5.44581886    705.53989636      7.31513937      9.91654346      9.66679103      5.72557786      1.39012323      8.29786358      9.80958197      6.36956319      9.74607024      9.30645551      6.01900535      1.44067799      4.45189758      1.58729426      6.04993085      9.45095659      0.62392037      0.20228343      2.21681081      3.63296573      9.80647300      9.57438390      6.86853918      5.61481668      4.15240755      9.10230633      9.61912631      0.20943951      4.93754686      7.15370194      2.22041350      0.46825705      0.30658902      8.46678995      9.70438307      6.30251018      7.58372565      5.24007622      5.20919721      1.61388518      3.29052048      9.60073285      5.60087546      5.66482443      9.73139882      9.76696358      7.62330489      4.16266129      5.74797597      4.67011294      8.26475980      5.06133975      6.82706577      5.03567151      3.07442379      7.92120900      1.90593217      7.07835135      6.29375450      8.64401490      2.38694576      2.09132635      0.87888311      1.97393046
     6.61991387      6.67657137      0.15512213      3.13014926      2.56292612      3.82986420      5.37289613      2.43789724      8.75466512      6.75950511      7.27194323      7.11977416      3.71380933      8.88689328      2.59748318      6.80230338      6.52701196      4.06236020      9.06505210      9.12131993      2.61678126      4.16480412      2.28691749      5.96365086      8.26425126      2.12944967      8.47852009      4.94539469      3.84820408      7.28606038      1.45082253      0.96696932      4.78909336      1.65170603      1.85645077      0.93373788    656.43668155      6.69963208      4.51295510      9.58691748      0.96352555      6.90085403      6.02790213      0.86773070      8.29691325      1.63207148      9.41951522      1.45261995      5.92976384      8.77625214      1.00769396      9.38651116      7.74480472      0.53385422      5.32022890      8.71585521      4.07349114      6.78661189      4.65386537      0.94427908      2.72663664      9.36692307      1.89955853      9.34064259      1.51526034      0.49060524      7.94898408      4.41188163      3.84116291      0.41047205      9.58282538      3.92938403      1.34915674      4.33775607      7.42566452      1.73795861      7.48498395      7.91592628      0.44856767      1.61247525      0.07036592      9.97705028      8.67571874      6.20503774      9.25326460      7.96862465      3.05531103      2.84146664      2.21688740      6.83492148      0.34117394      7.68296445      5.87171846      9.58787642      9.78379437      3.24356423      9.86512649      1.32250814      8.68305334      5.60238518
     0.20269084      1.11508773      4.41323120      3.44160516      5.60761762      7.47040590      9.89987676      0.95781701      7.08521897      4.94632170      7.02288982      7.27151749      1.81977364      3.50060558      3.66552751      8.11757493      4.45354904      5.87702218      4.51811544      6.54238223      2.77590149      7.85182613      1.25610644      7.67939740      4.88000423      0.88483099      2.13884592      7.77678914      5.25871421      8.75943935      4.10357851      7.40123733      5.62099532      0.93519511      7.03791015      0.67511776      4.62543370    630.83478157      2.03425456      3.15035234      9.74585634      0.69121453      4.95458565      1.01355303      7.35544152      4.51223656      9.44350179      9.29266697      4.18772233      1.30347801      3.84135700      8.45971282      5.65544230      3.07791387      1.89435330      0.79595896      0.58866910      2.07340260      3.08303848      7.95823037      3.44832576      7.69785815      6.61604319      4.65897742      8.27941944      1.51715662      7.56489620      7.51868312      2.85943627      3.25376180      2.13039455      3.68988397      4.11984706      8.83848724      4.70024511      4.10374205      7.91422192      5.57622949      4.51509111      6.31306995      2.79603213      0.54609182      0.20893364      6.98226446      3.83749112      2.91778275      0.07326624      0.69294212      7.92796448      3.56792817      1.89783031      9.37738840      0.83607063      1.67118644      5.99704436      0.74970848      3.44601469      2.29227910      0.24034412      7.52286353
     7.61098336      5.26542188      9.01070244      8.44254364      7.38210734      7.08370536      4.77242730      3.56939340      7.82828707      7.70409919      2.58871605      7.50327422      9.55052326      8.50856592      3.46935471      5.24087959      4.10294087      4.52226741      7.54240619      2.99738928      6.74113938      6.32029405      7.58115318      0.94674989      5.76168146      5.90869015      2.01754321      5.95881515      6.23061150      9.46802479      1.06147991      3.05204419      2.81150081      9.03400419      8.21067856      8.72832783      3.12478501      6.10719729    680.69797557      1.52656882      6.23862714      3.24368205      3.47382145      4.80048659      4.94190835      9.14512049      8.04046147      7.05721249      5.48036106      7.25341227      5.45269252      6.79941530      4.25374312      6.68197303      3.88573379      5.15225661      4.75450802      7.83454936      2.90241444      9.08911505      2.69569513      6.94744043      9.19960408      1.60176220      2.50117107      0.79492064      1.37327505      4.80945063      9.35813069      3.67750836      2.71390250      9.02370011      6.42937483      3.54545783      6.94984327      2.94506316      1.07547718      2.11517782      8.19911086      3.89673377      3.72836444      0.05998068      7.37234986      5.46177266      6.19586379      1.44020719      6.72525329      8.33335713      7.67661077      3.56013447      0.43113910      9.72928204      4.56480191      2.31039650      5.56215328      0.68402874      3.86075898      9.20279637      9.11172654      9.82325255
     6.50741272      8.26854965      5.15639873      6.56553952      9.89365310      1.74498271      6.33269066      0.98710193      0.45968262      3.06627737      5.51470027      2.45059154      2.01335463      8.76926795      7.17839846      1.15605758      2.77337027      0.85810215      7.56173290      2.00966255      0.79144587      8.29311923      5.47698469      8.02550938      4.31660535      7.22956880      5.89159007      9.50587979      6.04319112      5.10639360      7.08485432      3.49805776      5.09263269      6.34509114      0.16235230      0.42433477      3.37031368      2.02760751      0.86144637    635.02593352      5.62596833      4.42026607      4.90972069      6.95695165      4.21456695      0.34856832      4.22611537      9.76622880      8.77193488      2.94225123      6.22026486      3.25075185      7.09702556      8.26379798      5.34567394      2.69456613      6.98889610      8.22682133      7.61346196      0.09232039      5.81822546      3.40972315      7.46003603      8.69738355      5.36422046      8.51788592      5.56118855      4.98912006      0.49698044      3.35644684      7.85678964      3.23762818      9.73921240      6.82198608      1.96102201      8.37512572      7.82754367      1.40644356      0.22675867      4.31493893      9.07376304      5.71482660      1.64774682      1.26868408      1.54653917      1.63740006      7.96478498      7.54545612      6.20960982      3.27562341      3.42887699      5.69973046      6.87499319      5.05472835      3.03507117      4.55969596      6.15053131      7.95388505      0.46179253      0.27550337
     4.18151332      4.79595330      4.17119063      0.83023295      1.31066996      8.98089140      9.88699237      2.54814609      1.46797004      4.89090477      4.35656451      0.20103332      7.85554904      0.75597392      5.55713700      6.35543063      5.89664251      9.01390569      7.28622927      1.69512711      6.26959894      6.65164965      5.12790533      8.24600764      3.97426095      5.83710156      3.84447419      6.76417055      7.38831953      0.85923247      6.43055926      2.41856686      3.73779609      7.38027466      7.98203885      1.55998380      8.83401993      2.18930720      5.93069383      8.92140661    682.62752720      1.24593073      9.14939780      8.89004677      6.78634057      1.59353828      8.40587008      0.41798227      2.35526272      4.77672348      9.87875894      1.89941457      5.45065259      0.43873282      4.30216186      3.51098899      0.60633031      8.95030368      5.14568196      0.68406650      2.15901710      5.97464189      0.35045141      6.71383705      3.69832720      9.45550861      7.01494623      0.46959301      7.47729811      5.53659254      8.02892990      4.64631578      9.83614639      5.07556803      1.68904458      7.47248541      1.66164085      6.64478354      4.84330599      2.21553761      7.95027076      2.45496762      0.80883055      8.88776772      3.46755079      4.59723664      1.45975898      6.64680316      2.26649279      3.83227452      8.22038396      3.78126798      8.76108533      7.72068392      0.73040042      3.07532652      8.43743935      8.40328647      4.77646632      2.67862210
     2.40687294      3.50798989      2.52995705      7.07022054      0.57698452      3.39873302      3.15508885      4.82500182      1.27026468      6.43443840      3.92192655      2.35671542      5.00277882      9.34599084      0.24686315      5.21120331      8.32208047      0.75019695      2.78270614      5.88491646      0.52727715      5.79116246      0.65019312      5.52013303      0.37314888      6.03924042      3.34200872      2.92449671      5.28507101      5.58668658      9.54265406      2.31290461      6.07331921      7.31326278      4.32211259      4.93254490      7.77439524      7.73729443      8.01450277      3.03837672      3.73309308    647.93909859      9.58501802      8.06908363      1.95760817      2.99744001      5.64552215      7.10053361      2.89333822      1.56022567      4.34027610      5.31562081      1.71514487      7.85118692      6.45530174      6.10239482      7.95967596      0.18517234      2.87364924      7.76947190      0.99637877      0.43555951      1.96028809      7.73915328      8.85912050      3.86571001      7.26383177      0.11025015      4.43303604      6.17945629      9.41419785      5.65582928      9.57722986      5.76725335      8.25242322      8.64573730      1.48032260      3.44918072      0.05191062      8.14779622      2.46199675      2.73848799      4.70811249      1.89783035      3.95737035      5.74164966      0.95842807      5.04522872      4.61270201      1.54285694      7.00474077      2.72069486      8.17653015      4.72706730      2.13652490      8.68627245      7.58978000      0.85766783      8.87512437      2.52089096
     1.57057177      7.11376609      7.75109046      8.66057551      6.41045973      5.48261974      3.51302878      2.47781373      5.36266230      2.06474585      2.86243994      4.98863372      3.42665614      4.22090070      8.26857884      8.98771567      4.39171379      8.20292988      0.73244970      4.61757988      5.50020216      3.54458715      2.60309334      3.65237014      8.58503943      0.63131137      4.23781775      2.27667923      9.61944470      0.67206747      9.86049102      5.23812955      1.13946253      6.28836872      4.30024858      6.36194291      0.61253033      9.34107379      3.02896005      1.62617130      6.12742971      9.94888141    667.96205035      1.70625042      6.08003032      6.84081675      2.70477106      4.62146214      8.64066217      1.48146895      2.02800523      3.73307189      1.44933184      2.33489475      0.13050644      8.49420684      0.96076500      8.80971247      7.39420215      5.45848491      9.16769818      5.71686535      0.01811751      7.64839564      5.14749965      5.84749466      4.74392808      8.85152465      7.53049845      3.43832408      5.71878953      3.55424715      4.86647627      4.59385237      6.63638931      6.15258712      7.43315764      1.04640622      0.76244979      6.52059909      9.72839881      8.95247563      9.55535528      8.99235836      7.96477730      3.20064273      9.74292963      3.26928083      3.07488469      1.11253976      0.34283891      9.75527519      9.44057520      3.98163293      0.24027321      1.68761380      4.31224933      9.17852331      7.43977735      8.97603370
     2.70204776      0.98470990      2.54515775      7.12826544      6.15875075      6.30030625      0.03936071      4.99936887      7.39140589      7.11703416      4.58661967      7.76972340      4.47366799      6.57283203      0.40678002      3.31377022      9.42489924      3.67533398      6.20969636      2.37504340      8.24055670      1.84614128      5.21232428      4.65228302      7.00464606      9.72954396      7.08271313      4.85813067      8.87426362      0.99199900      0.97797889      9.72477331      2.14671151      8.16369533      6.65351331      9.86999322      4.64830670      6.81606550      2.38067106      4.41595463      5.98302634      1.92545486      9.75169106    689.38319977      4.18629421      0.11870733      8.46562143      3.60842257      1.58187376      3.59561945      4.85763504      5.32416509      2.78759295      4.40688954      5.74690347      1.24377552      0.31363106      4.79617346      1.71180896      8.23070544      3.04943094      4.09558327      7.69303945      1.81219893      9.73229495      4.83156824      9.28274442      5.35326510      7.61153169      0.36237029      1.53132018      3.40386305      2.45714007      5.11166208      0.70424627      3.58274820      0.28110601      5.38694384      9.28061698      6.84296006      7.18644894      4.08135764      4.72931575      8.01458841      6.31268580      9.54063043      4.95814653      8.24653178      3.28817044      5.79274360      4.61420144      4.95986818      7.61212094      4.94329960      6.14795617      8.31203560      9.82597353      7.73823222      7.65618409      2.37760132
     2.22997909      8.36911810      7.46317509      9.43448301      2.50818639      1.27928142      9.32073460      9.34495440      0.84767146      3.79203838      3.54534894      4.83187584      8.43239192      0.03113850      6.00609851      5.72685123      4.84281063      0.86898617      9.17850149      3.94480972      3.77456119      4.01796631      0.20528301      8.12570838      4.42836924      4.04435510      9.43590033      6.23112517      9.83846842      0.17067022      3.08510362      3.95919335      9.74103705      8.94036181      8.65423723      1.07267244      6.03612539      3.55551535      3.73518578      8.75046098      7.57983211      6.75121734      9.14212505      7.75861262    672.10509477      4.01002693      9.56982985      5.56734504      8.70497304      4.29752037      4.47605135      9.20938175      2.44856180      5.78680368      3.71812400      8.89243030      1.30434122      8.56144478      7.99856916      3.27917691      9.35595659      4.48743879      8.15618379      7.48178815      1.74837218      6.76378536      3.64205342      9.34675772      2.94101802      3.01191846      3.78945523      9.80554078      6.46882034      1.58326874      0.42573067      4.75805053      9.08420427      8.92974365      2.66330424      3.59154393      9.86509652      9.76763969      3.91091274      1.93013106      8.12064872      3.11370326      1.93325334      4.86811860      1.22632971      7.67295321      8.49660829      5.62136421      6.44876036      8.12321745      7.45887251      9.41771496      8.58550600      7.74817050      0.27872662      0.38424739
     6.16106464      8.72589938      8.70413859      8.64970087      0.08220253      0.75550130      1.83359094      1.56058162      7.72217646      2.15555507      8.99174471      1.16262154      9.47337727      4.23008494      6.57188670      3.78822322      7.48596779      9.50094828      8.94216166      5.15581897      0.06638387      1.43022435      9.55348414      4.14838992      7.00713123      3.51402859      7.15579856      0.07792556      3.20664769      1.88958178      0.97848898      3.06846100      5.96072517      0.65939271      4.78703246      1.83144996      3.94535147      2.18822991      9.43591882      7.56041244      8.93498981      7.05989856      1.65965739      8.69140052      5.76902764    667.27396901      2.30017292      1.45708519      2.90300559      0.04593239      0.17094865      2.31050812      6.86939667      2.17338519      1.42788878      2.65276866      4.60562639      8.77320398      0.19635723      3.98789809      7.69271923      2.18314415      6.00086403      7.54825653      3.94528659      2.27057482      5.47067258      6.21576668      3.51383147      1.30010006      0.58636252      3.80054299      6.74310288      9.49818886      9.53916205      4.55500902      3.55005817      9.45976475      4.54434932      0.94231847      5.98320848      6.19747166      6.02391845      6.68203160      6.69143633      7.30177493      5.33288191      3.77043452      9.46435340      1.48381733      9.58011417      9.43829541      6.51045942      4.88468736      6.08951216      0.33617405      4.39139471      7.25538592      7.34808092      2.48220657
     6.78139032      9.91973086      0.31938622      3.71425238      5.10063732      1.30647937      6.07827834      0.68579554      7.48181287      1.09654031      0.01834219      5.53880349      4.45629936      1.37479869      4.61863742      3.75926648      1.43127764      3.21587068      2.28109822      7.94964308      9.42717399      3.61557728      3.78514147      0.53211686      4.69636848      7.30785942      9.00533780      0.16049639      5.49787490      4.95373579      0.41886518      8.93696132      3.56742004      7.65450390      8.60123255      7.66368828      5.19922403      6.03121474      7.97907755      7.36065114      6.73065974      8.35069596      5.72282923      2.71949978      2.63254423      7.14910991    605.24593952      2.42874727      0.67149941      5.38306937      7.94658824      9.93578870      1.05945659      7.32502636      1.06734603      6.61009104      5.26380959      4.42907046      8.32060587      9.72269139      8.99003983      1.64686009      9.26344703      5.27581584      9.20137146      5.79540590      6.01149593      8.69779265      6.11916036      2.87739132      7.39438322      1.95082743      2.86237972      0.36051295      3.92815776      8.60305317      6.46759936      2.19591545      1.82645781      8.15310723      2.90252607      5.92193612      0.15289829      2.46271589      2.51330109      2.39326369      2.94400585      7.44796369      5.27262939      5.43034310      8.49729494      1.31438011      0.60702151      5.15666498      9.32048561      4.55800067      9.56169269      3.36418600      9.14901687      4.17443469
     2.67236571      5.47129047      1.18938374      2.29141099      5.98492309      2.11625385      3.36741591      8.07320636      3.17936268      9.24721441      5.15494239      1.20013270      7.52311965      1.21267104      1.17874323      2.66261624      4.58656717      3.90892914      9.30819378      0.96416978      7.72040699      0.32335193      1.61360532      5.55051636      4.76175550      8.38963985      5.72521268      4.54656430      7.53715108      3.76953344      3.65483667      5.43852402      4.23662396      6.77944362      4.89155334      3.65920659      7.29154834      3.65784576      6.17232701      5.28530900      5.00303330      6.75250579      3.83594068      5.54286478      8.71232497      8.71372675      9.33640699    629.86676240      9.47671876      0.03307400      2.94331687      1.23016382      1.09137599      8.18085412      0.59067939      5.00266600      5.26034783      5.92297067      0.05905206      4.85318394      9.03524193      8.04279634      1.85715537      9.37454035      8.99499150      7.00107232      1.66433965      2.53559014      3.45928005      5.02099175      5.89770299      7.45960324      3.03760698      0.38428132      7.75926389      8.04222848      0.07457013      7.31981368      6.00729194      9.87064265      0.08943322      3.77078392      3.52430687      9.25055578      0.49459570      0.88137440      8.94511578      9.37095829      6.76930974      9.90795588      8.41597067      7.98644708      8.85551430      4.14821846      9.33092787      3.97745720      8.56878667      4.11667699      2.61463187      2.36558989
     0.61985120      9.02806287      9.37794504      0.36884431      7.83026620      2.48009813      6.42933544      5.18128790      9.32252772      2.62820383      8.79765036      6.02486749      7.65788957      6.85928581      3.83826191      2.82578991      3.23956161      3.81232684      0.11560610      6.67823658      1.20353449      7.07674419      0.87963807      3.01805406      5.58217275      7.94880157      9.24845430      3.10635592      5.49608188      2.99909579      7.82435896      7.40909242      6.31353871      8.11920958      8.61383504      7.55823856      5.90167200      4.45596059      7.16449279      0.96591889      9.55451286      5.79933963      5.41941514      4.28510055      9.43783713      1.05969966      6.10574601      6.33282923    694.36268253      8.31456766      7.67398599      3.78706578      9.69621544      5.94739875      7.53274769      3.99656047      9.47661271      9.50606617      2.28104647      0.03153778      6.26136003      4.05369240      3.26752337      3.38294835      3.19530310      0.54128632      2.55896836      0.86184947      4.20945311      9.50817921      2.56943421      2.32725674      4.74692565      0.98913134      1.61190434      3.54316310      2.97282902      4.85889325      9.51691274      1.84853218      6.01968446      9.54459532      8.81058723      1.75339526      4.10152496      4.54311204      8.76419714      7.13483204      6.62340454      2.51109142      3.71283408      0.61748546      5.60205308      3.93515579      2.95481191      7.89813910      6.52556123      6.76181904      7.61064678      1.61472634
     4.33906916      7.97714871      6.95667157      5.52623993      2.19925833      6.12245196      9.42904596      3.30033354      0.00320467      1.25764634      9.54557977      0.50359398      1.00154709      3.57180820      8.29592896      4.25182108      5.11403029      2.88654810      9.59367863      6.58156136      6.31785061      4.00659314      7.23296719      2.13507763      4.71280600      5.63649025      1.74968340      7.62215309      3.58966627      5.43742973      2.22972900      9.43726896      4.88971723      9.42481940      0.14554823      0.85424600      6.25888108      4.66780665      1.12665732      5.02034789      1.63317244      2.81355346      3.93966252      4.56727499      6.44666610      3.50606664      8.61320346      8.61908363      5.00019570    638.53868394      9.87514940      4.39073829      7.79797492      2.92074730      3.17212206      1.48082403      2.63816374      7.23268605      4.49484924      8.54028443      8.58870742      4.04750739      3.57802114      3.13308788      9.69170439      1.64047041      9.13792057      3.43376362      7.16507729      6.46966494      9.70389000      5.88599795      9.01402516      5.81243523      8.40762970      2.97413295      6.94366606      2.92899046      4.60559859      2.66174260      6.13033639      2.94024964      5.00786813      7.30313667      1.79788126      0.15709391      9.06389339      0.95829701      4.50400580      8.61679033      6.79645012      2.70623180      6.98585572      2.65924180      7.06629199      7.55428911      8.94129057      1.65757650      2.24030681      3.28426417
     3.90283523      2.25707816      2.25844640      5.27332697      4.03322966      8.31232946      9.83168636      4.91435917      5.53910402      3.26572463      5.88096470      3.67716904      0.05727873      4.03514515      8.79634364      6.09596066      0.08478500      8.92351945      6.50616876      4.57747931      2.90780584      7.81560135      8.93205995      6.63138696      1.58774509      5.17494881      2.73502859      4.49896238      5.38874195      0.07929293      7.07904634      7.21632861      7.64089489      0.35352262      7.45140164      5.92107784      4.90694812      8.78782933      8.78913933      7.30661256      3.39020688      4.33654267      8.17372817      5.11192670      0.50555200      2.39298688      6.64531778      1.70739607      2.63558356      9.86567773    704.50227548      1.68296241      6.87437674      2.42243748      2.62819627      4.26328454      9.44565825      6.56882790      4.30675016      1.39272109      6.38817096      2.00980252      4.68312955      9.14191665      3.25351704      0.24313044      4.20719350      8.31560250      5.52666384      5.93609100      6.77210972      9.92773955      8.29164721      0.07358307      4.39079866      0.88488149      2.78139216      9.75199029      9.82671251      7.81430739      8.04772640      2.51409827      3.49534125      6.04276831      5.28450865      6.94803643      3.07743334      1.31810030      1.70086026      6.47034138      0.25941118      4.12924925      7.94267563      8.73645594      8.03080196      7.41972709      4.24365347      7.94405759      6.33572184      8.29152010
     9.30836766      2.41860627      0.95639866      3.52288455      8.18002306      9.79150779      0.96210498      5.69852087      4.22880748      6.06630621      4.70190631      7.12448277      9.45354616      1.78435600      0.81220882      1.70694950      9.98432786      6.86447492      4.00535131      7.06823475      1.58350247      0.20382407      9.07050500      4.25538384      7.16370763      0.29640410      8.29621376      7.26429246      0.96072850      4.94467971      4.13771770      6.94663518      9.09381152      2.15812926      5.78992936      5.91931491      3.09513719      1.97399125      9.09003187      2.26401459      1.56820318      7.41778398      4.28118235      3.01231178      9.86579229      3.00754143      2.37361012      2.86605447      5.08762611      5.88923422      4.10931189    659.48235546      8.84051273      0.07775601      9.10111972      6.17775562      9.85267126      0.26207034      6.21969896      7.32371441      4.68860303      2.19692514      6.83665642      5.80698510      3.26276129      5.82340037      0.61397865      4.79122303      5.92411149      4.75428151      5.80818154      9.79806139      1.05076175      2.33681008      2.93711783      3.45416998      2.64456377      7.26329713      2.66319184      1.40972118      3.84803588      6.37616447      8.10781110      0.64555462      5.44386151      7.88235354      8.99770590      4.29773411      8.73460437      8.79995839      3.99835733      2.19103696      7.92019215      4.49661816      0.47367794      1.03245447      6.13045691      4.76545643      0.38691765      8.72919516
     2.86825383      1.82601818      3.62486282      4.91147037      7.04810334      1.09796448      6.81301163      1.62026541      7.41103043      5.71658628      5.73218895      3.89307252      3.98838589      4.25237308      0.95518460      0.12508625      3.65350654      2.43588855      8.17407822      7.53914947      2.90393726      5.75567809      6.06466137      3.23122856      8.83423650      2.92913311      1.34101407      4.03842463      1.76077349      9.02854473      8.35224607      2.26616821      5.56566549      5.22646096      2.17584628      7.12947024      4.60516669      8.85536533      8.63040499      3.99561848      7.77586194      8.37831688      3.77230332      4.32218532      0.51842076      6.41057210      6.61430966      3.57927310      2.68029218      4.65192481      9.42292736      6.57817362    682.71770563      0.68490427      4.07370692      9.79868141      4.73946386      5.38813039      2.57502065      8.90971561      6.17702312      5.48399942      7.55951684      8.72082642      3.29957375      7.79454977      3.95840966      6.74175840      9.77838253      3.45877676      6.75076786      0.40887392      1.40993804      3.67654165      2.02550315      0.00855996      8.66564906      5.51468357      7.42796099      0.41811610      3.97646320      3.38562870      8.09864641      5.45593651      3.27666347      5.05874196      6.64929957      7.63616176      8.74628386      4.41637907      4.25536141      7.35797274      1.39498891      1.62135539      1.33140315      0.26474879      9.73674392      5.64790609      6.79688154      6.85751688
     8.57484049      5.87810898      4.36033299      3.37238890      5.48433580      8.45486372      2.99724879      4.64671614      0.32981680      4.69622746      8.09659384      6.84955030      7.19924052      0.89174603      1.68765763      4.40712235      9.76846914      7.78634779      6.94107771      9.34261008      8.99662162      8.63981043      0.60290279      1.56330359      3.34613604      5.81953347      2.89650789      6.60670519      6.27985597      5.29485020      5.30738931      3.83876306      5.13852258      5.82903323      6.93016868      7.51867422      8.57600479      6.65407125      8.29721812      0.67830148      6.02880741      5.28728789      9.46001134      5.71949121      0.47274187      3.14408583      7.11766399      4.94028000      5.90257850      3.33091208      1.37512443      5.74449301      8.26384568    621.11701014      5.43711561      3.95873270      5.73229121      2.85128581      9.57497834      9.16925370      7.17146685      2.47667775      2.75003259      3.35951991      7.28725605      9.07870023      2.47399121      6.26386466      6.97044125      1.95780520      9.86423538      8.26092492      2.03725558      6.57369387      8.49550218      1.48859508      0.33181328      6.95509840      0.87795325      2.68510182      8.54687688      3.33048612      3.90809172      0.10513777      5.53260711      2.66029644      2.26634545      4.76067164      2.28719243      4.61666268      4.88750659      0.71466525      1.87808711      1.85009005      2.74430102      2.33279302      5.68092837      7.45245522      8.34712460      2.95474952
     0.32242389      0.18088001      6.22056624      8.49815654      2.88266232      2.92344409      2.48480281      6.49494295      0.20789020      3.16068478      0.69268593      7.85654674      3.91701884      6.74425146      5.21345393      8.56522026      2.35923035      2.95687967      0.14142282      0.06644073      6.55806849      6.61207920      6.20044165      8.71074754      7.66450743      3.81067652      4.27979381      8.60039902      7.38326076      5.00543476      9.16414879      5.99329258      2.82109965      2.10119303      5.42896388      6.21338954      5.42754150      1.51112116      5.88493813      2.81402211      1.99181529      9.46314762      5.10390547      7.39959148      6.90385869      7.03644303      8.17615567      1.85793835      5.13075354      1.30418173      3.59494957      5.50176108      0.28532555      6.78371083    670.10349552      9.53611026      8.85779764      4.01269388      3.08229458      1.35267114      9.06266507      9.14478988      6.85983753      1.37008101      0.94929448      5.91873609      2.84690867      0.92054837      3.66850730      0.86902811      5.25452973      6.67776189      5.29729392      3.89289425      5.52620773      8.65503643      3.46839295      9.50999445      0.35029693      8.57003943      1.62790664      9.16470343      4.33054789      9.30235873      3.93170520      8.95077737      8.84223414      0.75187091      1.52713780      3.68591118      1.67029111      8.57222851      0.76054916      8.99313283      6.02065089      7.87671033      7.44176045      6.72564708      6.61929903      3.78335215
     8.65260888      1.57204347      4.11041013      7.87990599      0.74911709      8.81087409      9.84391016      3.70827224      0.72623569      1.92180226      2.37598427      2.27735896      9.49726145      7.34696892      8.47842528      7.11824249      4.67581295      3.19322264      8.38538650      4.68479893      5.90993204      1.24060056      0.72187019      2.16798949      0.98693077      3.38495494      0.13431429      3.42468140      5.56226020      4.98201806      1.66122475      1.49769676      5.48081813      9.14745527      8.45704916      8.53010579      5.62511464      4.09186086      0.82418879      2.23362556      9.02134097      2.82888668      9.04539014      9.53450765      8.85269144      1.29063689      0.71010713      1.33347475      0.22909651      2.34169007      4.07275888      2.69178697      6.36090885      2.98739177      6.04826468    635.71439574      2.81028062      8.60435247      6.26526183      3.19587349      8.13976314      5.10809320      4.54991435      2.32349900      1.33042208      6.05687404      9.74021096      3.58110952      0.81854919      1.66477618      3.04614741      6.75637850      3.55275513      8.95608992      4.60893395      9.12720481      5.02155936      8.90027513      8.90021311      6.30588259      4.12813267      9.97137353      2.36917024      3.58508896      5.31229801      2.64092773      2.17935769      2.34855037      9.50422851      0.88333331      9.72037035      4.16857021      3.80053594      3.10230736      9.45230382      0.30278512      4.95276288      8.08632737      2.28698141      0.76981981
     1.08003631      9.52931223      8.99305444      6.91071726      8.71363735      0.88149566      8.27672587      9.70149538      4.23215542      4.71863116      3.39329484      4.48331173      8.33256450      0.44870985      9.87630289      5.22535308      9.59129451      2.54713817      6.21871859      3.13642491      6.14317582      7.02937374      7.56381571      8.53174931      1.86305908      2.93182096      7.33105927      3.39040566      9.94459413      7.24303061      2.86455140      0.99823430      4.61633394      4.44445950      9.94436976      6.96243500      4.61187964      7.44500250      2.86232624      5.17209681      8.71030935      3.26369829      9.81375598      4.29768159      5.66934026      9.01122310      0.95183128      1.52828676      3.40320294      6.32543794      7.96590425      1.26298899      9.24223889      2.28677693      3.14476079      3.26436049    731.36580660      9.82918333      2.85787014      5.08658637      7.84789862      8.14833930      9.59350495      8.17877913      3.70847893      1.05845023      4.50546548      3.51135853      7.17136605      7.26220059      2.83686547      0.98857590      9.47095923      9.86753667      8.17357755      3.54804507      1.08938733      8.10573251      4.79221397      1.89386463      1.54351006      4.39194018      2.54064787      9.05125069      7.79029271      2.07044774      0.22827398      7.69921285      3.96597487      1.31681024      2.58559356      8.74162480      4.96373385      7.28405804      6.46072660      7.18662534      4.51535123      7.53192344      5.60800699      0.57223958
     8.07810033      6.69079869      7.27803946      6.37960613      1.47252716      0.75328656      6.23236042      0.52453940      2.73434144      3.89399982      5.17809094      6.17206999      0.31161130      5.91708178      9.61514916      4.25027279      1.61932167      6.58824630      8.15884808      6.51991267      5.98826076      2.25894655      8.70145415      4.96855529      2.61729221      7.75482612      7.13685963      3.53744136      3.92557780      3.73823576      0.94025310      9.69256779      9.16750513      9.32613414      1.69334829      2.57462546      6.14509315      0.04557605      4.97823482      0.42982160      3.74187437      0.74399081      8.32234376      0.29854506      6.73412489      7.96610738      6.77905028      8.92491068      7.34946142      9.30800725      3.46904149      1.17228654      7.45122903      5.63581536      2.37848888      0.35620548      1.55361441    614.58502690      2.50833805      8.26992223      3.22431113      0.10855676      5.82765934      9.95259854      0.39878321      9.29509559      8.05274703      1.95415471      9.80519669      4.84585736      5.77093904      0.74357346      2.42930930      0.84272410      0.92534954      4.19756871      7.38052781      6.11718572      4.38000494      7.70032730      1.37878934      2.87984546      6.84526076      3.16554652      0.34099430      2.35367906      5.03195690      0.94703866      2.40571394      5.97812868      7.82871280      0.32631923      3.33093535      7.61912447      0.77771223      8.92087036      1.91820923      3.91746698      8.20008839      0.90916470
     2.27554196      4.35627876      3.76618746      2.83754385      2.25046121      6.46465243      6.96373337      8.47389206      1.61253880      6.83536493      1.36334929      9.93369586      3.03689396      4.06879641      5.40223935      4.43911805      5.46199212      7.17779794      7.62867638      8.76073997      1.70382928      3.97354286      5.94505471      3.18652689      5.17779707      7.41747595      1.32884498      0.19557892      8.77784376      7.52037589      2.26758697      7.32639486      7.10911591      9.70971984      0.44924127      3.77221819      0.52094069      3.04363117      8.09991659      2.54861490      3.28958450      9.49935805      9.84767158      3.72496471      6.76430255      2.87030504      8.45588636      2.77054260      5.67678618      0.61531991      0.74384162      1.91348017      9.00531792      1.49383245      4.15557753      3.57182298      9.45243669      1.19178330    601.25721309      3.92460676      1.23191853      2.89474851      2.50164386      5.36173690      6.97280912      1.80425513      7.71804240      5.35428491      4.04609496      6.70903413      9.01309797      1.63060575      6.00239124      8.09231574      7.15474171      4.14190929      8.26852219      2.26416051      1.79540636      3.78366972      9.04114237      8.18863790      3.39468416      0.19206341      2.03423911      4.97158086      9.06110375      3.89450963      8.58137243      0.38410063      0.84270045      4.31085571      2.21643652      3.39407617      7.49662017      6.87320872      5.41228179      8.26431570      8.17376799      6.16408294
     8.03053599      3.90774323      2.76567593      6.69872781      1.59767700      8.77814260      2.24180478      7.58843899      2.77030226      1.62750550      9.61369433      0.67945745      1.20241766      5.03625260      4.25604005      7.59721128      5.10381526      5.28973156      1.76383348      3.91551397      9.67972224      8.70347151      9.37256684      6.58312965      8.90503382      7.40289606      8.11123937      9.04243334      9.06397386      0.46296908      5.90500362      2.47712085      2.07331780      4.28804594      5.67465161      5.26390237      7.61783711      7.40873461      7.97793727      8.77536607      4.73844777      3.02455167      6.73317927      4.03178540      4.28775623      5.33723467      9.48672571      1.43956640      3.36086775      5.36711308      8.79676190      9.73273045      1.14623585      1.14010126      1.92020860      7.17654501      3.72008404      7.05929841      1.38085363    622.33832580      0.92116389      5.52143448      1.46107301      1.13686218      1.62484371      1.29731759      8.22194401      8.59036392      4.99963711      6.68583665      8.71194826      2.37315251      5.86191218      2.88373495      9.22533008      2.70896651      3.50163251      7.48628714      2.74449437      0.71649586      0.18761295      1.09364051      2.89640115      6.33668469      1.99890122      0.07237335      8.57465886      9.91807120      4.93387691      1.54348740      8.90166633      7.36988991      0.22400969      6.15092310      5.80588457      3.82495055      3.70456837      7.02914629      5.55245804      2.77038795
     1.73752151      8.67352125      8.27661025      6.62844340      2.12448430      2.46674142      5.13745133      0.00112001      1.61440899      9.54589382      2.76692823      6.26916327      7.73056179      0.38995888      9.86584345      6.34260587      4.56120728      2.39322416      1.79341171      6.73325144      6.50206329      9.05290060      0.05324694      0.08241715      9.79907109      2.87405657      5.39014740      5.37658417      7.45635532      9.31325986      0.60034168      1.07743202      0.49013386      7.03275735      8.70782380      3.02213111      8.76849466      3.03526633      4.84544155      2.25133598      8.21138862      8.78355730      4.62531358      4.00659720      4.95258273      7.74998620      3.34559588      8.08079783      5.28451510      2.81851884      3.25074337      2.07479653      7.97902787      2.61054161      6.17525300      4.47564644      2.97015335      9.28939413      8.51697387      0.35367082    671.04494689      3.19615160      3.69212067      8.70683633      7.06629042      1.14204992      7.20550897      5.99410585      0.84249110      6.72828345      5.64251086      6.25442011      4.56516635      1.01069519      5.05908942      8.48301908      9.60664231      7.80258649      7.07187368      4.32272970      0.80147636      0.23695425      8.48752369      7.58359953      3.36581182      4.98586082      3.68999344      7.00019161      2.14359905      6.26202409      7.94027273      4.95979451      8.94596075      5.76078507      1.47799926      6.62716615      2.64182119      3.32278243      5.68371246      5.64785975
     1.66898362      8.40003777      3.01446150      0.09628746      6.18408031      4.68869731      4.46317444      0.14760420      5.16508141      6.38542638      8.06446261      7.19023293      7.79141337      4.52841835      6.83800977      2.69371543      1.44991781      5.39289995      6.76663148      2.30631186      6.15384939      1.63859242      4.96247819      7.49089013      3.92324334      2.66656747      2.12672707      7.80811239      5.20494030      8.70145719      6.75059774      3.66247146      8.07018857      1.00059312      7.61222458      7.67972534      4.17740607      8.16345624      3.39155214      1.72671911      8.16956835      4.55119007      2.68229901      9.97345435      9.95950380      4.57940598      9.61949808      4.00448347      3.39130797      3.31160502      2.21850394      1.41415731      5.21179724      7.96669456      7.74977760      2.43775103      9.88874373      5.65547988      3.39221641      3.72770073      2.53095756    619.00472531      4.15128995      1.82730682      7.41759428      8.40276715      0.07252230      7.90472889      3.15446958      4.31492095      2.12633368      8.62859690      8.55386883      0.13329400      9.87488229      4.87402418      2.20750044      0.17391006      2.09295872      9.17465567      4.41204101      5.19842220      3.76316128      9.24231413      6.40938098      7.25484880      3.89021655      3.33159759      1.09736110      8.28584963      9.92968057      0.04613110      0.26372264      8.82097213      6.84409934      2.53636813      7.76904163      6.57211447      2.67737344      6.90357156
     0.39763008      8.79522232      9.40640025      1.51010492      1.36380954      4.84953046      8.96935250      0.23985621      8.05569887      5.94658571      1.49917402      2.10724272      8.80767369      6.87597481      3.88270260      7.56378944      3.55432697      6.91334862      2.99484049      8.14604598      2.23517919      4.22977237      7.94355170      8.77944741      5.64628168      6.05403162      8.35937438      9.13571699      1.20720459      9.16896929      1.78317300      8.20157646      8.40341674      0.63636763      6.95214433      0.72332421      7.67490781      7.53942513      2.54269674      5.83280782      9.71549471      1.34807935      4.11761318      7.16939002      0.70435824      8.51591414      3.29187243      7.01378119      7.35246754      2.62710777      1.21768300      6.06496790      7.00538398      5.31734902      5.41170134      2.44985760      6.97364643      2.40908626      8.54524739      9.20703958      4.73219204      6.35245117    627.70726935      0.03345234      3.70580368      3.01187006      9.40619024      3.18190698      6.16646238      4.25163568      3.83327868      0.02261276      9.55833674      0.79760985      0.65786567      2.84378684      3.76012035      9.52417264      1.30626348      0.92910509      1.47054486      0.50278556      0.05772308      6.12491191      5.50023969      1.91018966      5.62887475      3.47840616      9.93180905      0.91345588      5.58789929      7.07934514      1.56259727      3.40062942      6.99779801      0.91369146      7.10732110      2.49563724      5.95945470      2.04484570
     8.96688626      5.42555445      1.62038044      0.21371005      6.47027313      6.53018423      3.13586915      7.94329029      4.70509850      5.72103479      7.85584322      6.76933313      6.48941239      6.89642386      7.87195375      5.99803809      1.28671040      8.01538128      2.75823159      9.07909801      1.85768342      2.40742433      3.12915223      3.06003777      9.99019365      4.88444892      9.08593193      0.47577361      9.11045569      3.80205153      1.10870172      1.63320798      2.89443205      9.91088144      7.87393964      4.08826773      2.83794381      4.16561797      2.43853571      4.20822065      4.11717573      5.32781993      5.08976308      6.07154561      8.12559551      0.37045361      2.64192346      0.92766175      5.02171226      6.01881119      5.31249366      2.67844055      1.27074879      8.72692855      3.98853533      6.84486615      0.37879996      1.03114417      6.16893203      0.62606712      4.17248013      9.36313326      0.35270967    674.48501854      2.59160676      9.32233035      5.89400913      1.31738523      4.91566073      6.23691627      4.63366289      2.32539543      3.50966864      0.55074043      8.36105737      6.32053348      5.12340338      1.92513018      9.71197507      6.40567640      2.98604268      5.92956944      0.57338231      8.72664079      3.52786662      1.55207364      7.22503442      6.52520225      5.59741500      4.84865764      9.76406008      0.69909069      7.07568256      5.40678233      2.86516052      2.65481829      9.03027259      9.34441928      6.36262465      9.61305622
     3.91802785      2.23443565      4.05751111      2.40628322      0.78033219      3.48081970      3.39368362      2.44719048      0.90999656      9.47039500      5.32509723      4.06497213      3.50422639      7.08420057      6.31911140      5.15860360      7.46674128      2.13884388      2.71277321      3.64773831      2.35825530      9.61572787      1.42225187      8.56003100      0.73707314      7.92587442      7.54758916      1.97769400      5.87360369      9.18997886      8.05498275      5.01332620      4.98385453      1.42182006      1.60181583      0.29804336      7.65873412      4.05855924      9.01893138      8.75374307      3.07285472      2.63415925      3.49706986      5.17453176      4.72083147      5.41052834      8.92806956      8.70038139      8.02526031      6.34123993      6.77556564      6.31300680      5.04617067      2.67730277      5.86239501      0.49268222      4.81179161      4.16559742      2.86530154      9.79483196      0.12905665      9.58930243      4.44042269      7.53874530    604.70599428      9.66935233      5.23850766      5.36816564      4.85827834      7.69337856      5.89941018      1.68396318      6.94185076      2.58430093      1.87052147      0.89298429      2.15628398      8.11354969      3.49776136      6.31926542      1.83417014      0.25881827      3.68751129      5.38018423      5.03232558      8.88046497      7.18337561      7.85413452      1.86902724      0.46249927      4.95137049      1.40951112      9.86476127      6.62787116      6.96358422      5.01519191      6.32442783      7.47614820      6.21399406      5.52966225
     9.66783173      3.33632474      2.28290264      7.84858291      1.23087619      5.96920547      6.11612341      4.88799767      6.02222894      1.32376960      2.98706363      4.33796992      4.56544482      0.68216705      6.01482759      9.86109088      6.64863881      1.77029459      5.65543693      5.27288583      9.16876884      0.18146620      7.20992032      5.50837588      1.58554853      9.06813812      1.58969853      1.97669386      4.14849360      2.65913295      8.46314277      0.50600471      4.65775759      2.66440745      7.98187852      3.95039332      7.78209469      3.61838236      3.18800120      6.92013664      2.40009213      1.94569406      6.34446746      5.52710547      2.71704159      0.30416341      7.28901660      7.23906154      5.85598117      9.18635895      7.74276664      2.20820245      6.34252437      6.80944251      8.89262944      8.63485643      1.37439931      3.02915693      0.57629226      9.37630503      4.90889498      6.85961296      1.65933355      9.38712736      6.61740022    623.55778016      5.86348024      5.58391228      4.84943464      2.55205954      7.68653527      3.25312017      6.68820636      2.96975107      5.90406881      7.72987155      3.28815050      9.98945264      7.96799715      5.38466553      3.16532846      9.77478607      0.29380620      8.74402214      2.29711909      5.82534690      7.94761642      1.63236912      1.40039080      0.39776254      3.57301077      6.20388963      7.53140934      1.85992397      9.74480304      5.23018728      6.38973036      9.93897451      0.47912215      7.88372624
     1.81656903      4.70645168      2.50112611      7.65844092      7.48938908      3.72660061      4.24127140      4.83542143      6.74243935      1.85773728      8.42306982      6.37682369      2.76911740      7.23370833      8.64792681      9.42323775      1.12367119      0.16328161      5.42647692      7.67732719      0.99105966      0.59354931      9.32165792      0.30524488      4.26144834      9.17873085      4.88278863      2.84670166      3.73722242      1.21600300      3.22422567      1.46994321      1.89866555      1.86474019      6.27103822      5.56033349      5.06817678      2.17094977      8.72706836      9.15071869      2.50226999      8.71152921      5.00373768      0.84656769      8.47397305      6.49310127      7.39337223      2.71351895      3.97179596      1.30918732      5.73080920      0.38078885      4.45024623      0.82780355      8.63726957      9.60803399      2.93894928      7.16356015      3.20122265      1.07634062      1.36836549      8.95638891      2.83441340      2.67538787      1.57459771      4.35227757    670.44766208      6.18929440      7.98286976      6.50278499      6.28731127      3.01712652      7.30154577      6.27193146      3.24610100      1.62543111      2.51461737      8.74844738      3.70532404      4.86098695      9.64244803      2.13852794      4.59044178      7.26368550      7.81480282      4.40505865      8.83051550      7.16575888      5.78050524      3.05691385      5.67349150      7.69474696      9.54003373      6.38049355      9.18432242      2.05074177      1.16707986      5.04471413      9.73005797      8.08540596
     4.95509407      3.90174079      4.49910453      8.65337068      6.67417159      0.43125183      7.47006893      5.93479822      9.42345100      7.02887096      0.08688302      9.24260177      0.97012222      1.68366049      1.07622061      2.29513142      2.73085786      4.67881047      5.88010014      5.66760210      8.39223994      5.98578819      3.48061265      7.22391927      6.43904660      6.55852404      0.75662113      3.53039461      8.01512362      1.56316455      0.78874321      4.55007193      3.79502464      2.01280307      8.07932433      1.31314242      1.12318266      3.47681226      7.01978204      5.68273863      3.60890434      0.90714638      2.70464838      0.11388668      6.70445069      8.72161109      8.02149875      1.71013468      4.98034520      6.66208258      1.92247326      2.85149866      2.40832420      7.55201572      2.35481177      3.95223661      3.66302437      9.01700122      6.23502740      2.54948628      8.86044619      6.84386695      4.97257807      9.91855034      3.03518273      7.78310806      9.79164482    605.65810830      9.54502672      8.39207079      5.76543188      0.01009903      6.41643965      9.19468393      4.68535805      4.98832545      1.49172180      8.51224741      3.52354923      1.80927926      2.92907953      4.71005463      1.93839701      1.06745829      1.00063313      2.85951946      6.29292218      9.34055318      3.62225913      4.21700390      9.94559925      6.55071800      3.37800150      7.12905828      0.20683519      2.83896503      9.30807812      6.38632576      3.86629273      8.54084126
     5.64328690      4.73783393      9.55535704      7.75374607      9.73422217      6.64585702      8.31340056      1.79312288      4.56523254      7.89192020      1.97277574      7.34072964      6.27142086      8.22551723      7.59702540      6.63611952      7.60942953      7.56830807      3.10945989      0.08020842      2.39779077      3.48030042      0.78521358      4.60883296      6.09601779      4.32583845      0.16888080      3.13231829      3.56445599      4.31152678      2.89929729      3.68140006      1.19354701      0.88351596      8.18082350      6.70562021      0.50240115      9.96686010      9.35634362      5.95096503      9.44985173      4.46689870      0.66702836      4.58645482      1.55572236      4.35229622      5.12601269      3.53009435      9.67401561      0.77002219      6.85484117      4.20314059      3.47759168      2.09793454      9.60394300      6.20839512      3.14817959      5.12605455      8.06518978      3.01946058      6.25213356      0.34949756      8.99151710      6.51006317      0.42468455      7.51979439      6.93061505      1.55806277    686.57632719      4.10677348      0.63243492      3.48598278      3.48823903      1.57944741      9.77752332      3.29021564      1.19568055      4.50611161      9.70236712      8.17209144      6.46051544      4.81389523      6.32475199      4.61220550      9.21898280      6.44161939      3.62952881      0.07441291      8.77948182      8.71416261      9.30240580      3.78901578      3.92176094      9.15227774      4.20354325      9.74649820      6.94147296      7.07287679      6.87480327      6.29908227
     5.16015004      2.31796694      4.99951460      5.03009109      5.36469613      5.22560715      7.23031299      6.94281108      3.27738325      8.54363596      5.20226089      6.92387882      0.71349352      8.89310438      0.87631201      7.58941159      7.15713434      0.53605452      1.33552655      8.88857154      2.47497775      8.17406090      8.91770999      9.51208606      6.18938432      6.73365635      2.63207801      8.29950740      6.34225656      0.15862308      5.60787127      0.41629485      9.31742756      5.92377359      0.57758937      7.04666399      1.20457339      4.74785194      0.43907903      0.30127623      3.97128992      8.01290662      8.11356683      0.83321777      7.67347830      7.27887878      3.57103009      9.39477797      0.72212068      2.43773936      9.08934485      7.21598492      4.62334305      3.16703547      1.75617961      2.03929357      0.30360666      6.58333822      3.52472499      8.18012350      3.32812718      0.46556169      2.41560559      6.13636434      6.07118334      6.51162208      9.91918841      7.97021496      3.10668423    659.59032729      0.15235078      0.68167249      5.20860230      4.40441114      6.27844677      7.29244129      4.31167988      9.45041176      5.44971617      4.34177947      1.22110374      0.62176633      6.89517123      4.77303935      1.06231169      7.71637850      2.31671648      2.20755872      8.58940509      8.05340462      1.91432303      4.84998545      3.60901298      8.00144481      2.43140816      5.23371625      6.46927100      6.97648051      5.37633066      2.89983233
     8.91276564      3.47151375      4.91935354      9.58833010      7.09740503      5.25018924      1.25190615      1.22911004      4.77098675      1.65334673      1.72077605      1.82455785      8.79647509      4.19778129      3.73438475      5.45557561      1.99813635      2.66624601      4.61769608      7.11552949      2.40476842      5.44073157      2.96229739      7.99303067      3.43272016      6.34293112      4.07093857      7.18081737      8.43896017      8.33959466      5.64186444      7.93748405      3.12552631      1.20227717      1.63427567      1.65186015      2.64717196      8.12249990      2.62199595      7.36366027      1.63551741      2.12809611      8.60370672      8.33337846      8.19474266      1.56044362      1.67471666      2.99017275      9.46420362      9.75694759      4.70568291      1.95704191      3.17235392      1.46435868      5.28446523      4.16814479      7.47004089      9.83120339      6.65456514      1.02170329      1.34295365      4.41173225      3.61255355      6.22812285      9.09184476      9.33260492      0.39987778      5.12493610      7.12370720      0.50683503    642.74666190      0.98195507      8.93760355      2.54919772      3.24485258      8.52932322      3.57589763      7.14451481      4.85745409      6.62085184      4.53760906      5.37189455      9.37458387      3.20140852      1.37213804      9.72880494      2.89199524      3.82714651      0.72673122      0.71379256      0.92346254      7.60189780      9.19745681      6.70180142      4.68614860      6.77200822      9.92230320      1.83561287      6.92037205      9.38190188
     9.00703757      2.93003022      9.41406564      7.26641673      6.90703492      1.87744736      1.21163713      1.47063295      8.46236954      1.38471998      1.35074338      2.43142217      2.33714681      1.60495678      9.18473829      0.03736673      8.27074333      5.45853880      0.22277896      9.58849182      3.07563859      3.36438409      0.30759782      3.56354852      4.67094986      5.53886210      7.56449466      0.97802152      9.05804102      2.96274581      5.80022754      9.94007932      2.63011100      9.96861454      9.36789403      7.02892916      0.16629533      5.72309732      4.34163234      5.56288184      9.24041714      5.97034912      9.96916109      7.95317343      0.59563745      2.34271321      1.90135248      2.86827781      9.33702627      9.96143783      4.70765561      4.39395188      5.75496803      9.36031308      9.24426735      6.58161575      1.48068036      7.77690437      3.64562449      8.17220565      3.72805127      1.13516422      6.03213959      0.67826273      0.22156913      4.74716676      8.73223385      4.77828143      6.70999744      5.91148682      3.47490977    663.90983463      6.80846522      6.60169014      4.48006401      0.14334851      1.86484798      6.34911113      3.16056065      9.00512501      3.21190313      8.87879200      9.11025407      1.09505968      2.32271245      2.42322880      6.17219317      9.64946743      4.53417168      4.75095719      4.45553672      6.06205181      0.34774172      8.75273339      9.54555196      1.25572513      6.48711372      1.96835449      4.63282496      6.70106328
     8.05254489      9.13321369      5.56753065      7.62514181      4.72259679      4.13614971      0.95302155      6.04351826      0.81354780      1.39763919      9.58763922      2.02626070      0.88966857      7.48606955      2.96529692      2.79065745      3.61705212      6.01252737      3.76811240      9.52770942      6.06683221      7.99106167      7.32975711      1.96302469      3.54762585      6.59421790      1.75157237      8.51103986      6.88689250      7.80332667      5.76817514      1.36888841      7.87824408      2.25096979      3.11635715      2.67850046      6.55705757      7.49137257      4.66196671      6.31623197      9.35797376      7.30734911      3.90614317      3.59294847      3.26682252      5.89461463      1.76146445      6.55839982      0.21979271      4.26793733      0.64152712      2.48999880      9.17774299      6.89643208      5.60359482      2.76015021      5.91021683      9.03738360      7.74574746      1.65299837      2.22916995      7.91280968      6.92623361      1.50962776      7.36368913      1.61778915      0.68268603      1.23430182      5.19132144      0.67525941      5.55789842      1.23573860    639.45029066      1.83547226      3.12176766      4.23385581      4.24344315      3.94625550      1.46025445      1.65690854      9.80827294      0.28885841      0.98413818      5.42153096      5.01638793      5.84060006      8.12082935      0.86673644      0.15856478      6.30744593      8.85485009      4.97311495      2.13504052      4.60805193      7.58702383      1.10295720      4.11251022      0.76886949      6.59114367      3.39006472
     6.65347737      7.19849196      7.80170082      4.80354137      4.05653657      9.96143743      6.35223357      2.84049960      7.42104181      0.94860731      4.97394204      6.39672432      8.33961604      2.99026587      3.35835116      3.71829994      7.66092029      7.23177454      2.35257905      0.00006438      0.38005977      2.46511211      8.22485815      5.87406024      9.34275538      4.61397951      1.28551211      3.37617256      2.82275058      5.53794832      4.36634510      4.21313023      8.60156449      5.76971183      5.41707384      0.31229898      2.69579565      3.04816368      4.71833505      7.35186915      6.20782550      4.72805877      7.40921477      8.69257409      4.39024560      5.79022932      1.55356363      9.84036457      3.55518241      4.63854818      4.22213304      8.92559239      5.39393090      8.10969010      4.75346660      9.50974960      4.53481858      0.99708765      1.44375945      2.27180550      9.47772419      6.92190095      8.37765562      3.62736096      8.62201150      0.24895901      2.47597099      3.47078317      7.31852038      7.56355610      2.59528997      9.42724888      7.53196588    604.04001533      9.71704288      8.47925335      4.62810966      5.14719782      3.20062931      7.84732226      0.29757034      5.41707860      4.59554835      2.19942212      1.78583367      6.71478584      1.36339326      5.52568066      8.71178525      2.84057237      1.23713204      1.45287580      8.05800983      6.15422994      0.27427592      1.45697400      8.09526036      1.59257574      4.01496282      7.72596653
     0.25731913      0.50986984      0.70701550      1.69417571      6.47223776      9.04079421      0.82670343      7.96517705      2.06701424      4.12839633      7.29487568      2.44084467      5.64508216      0.94202729      0.60198709      5.90638992      4.72265880      7.79298497      9.34830383      1.17651359      8.98948218      0.37517837      1.95949831      0.96778550      7.92989191      8.12452601      2.97596340      2.49806655      0.91900967      7.59681443      1.98956073      8.34565067      7.49676502      5.08405911      4.65621904      5.36103992      7.57565726      1.87049897      0.58396900      5.54157239      8.17650334      7.14293945      1.84763989      9.79157300      8.47292123      7.47797170      9.12637033      5.46455083      2.67966446      4.84547306      1.57978694      8.57293359      3.77653525      7.75392358      0.60231667      5.10291988      4.54175506      4.76864957      8.49623959      8.81728114      8.09809275      2.96653045      2.72858997      2.02802431      1.30376695      9.50649619      0.45324218      9.79034685      5.00823331      7.77825131      9.75565561      1.43310822      1.43274166      2.96509928    580.75612528      8.17899986      1.50468015      6.65049342      9.14914149      5.45798336      2.43516539      0.18272610      5.32513290      4.47119007      2.21347907      0.93651681      5.74504706      6.78533988      6.82496597      9.75339704      0.27642241      7.32440304      1.19420040      6.19821266      0.92886908      7.17902317      9.73317153      3.79042511      9.21491093      1.90486392
     8.89904048      5.39484204      0.41619140      6.98918772      6.64611986      7.09928740      5.43941003      1.62340614      6.90793404      3.28738793      2.40875410      1.03066873      2.93389337      1.33928132      6.37278967      4.98639090      7.68179672      9.09681435      2.11154314      3.24621098      4.94402775      6.16465919      4.53123262      8.51717089      4.18954449      2.39772271      9.31080507      9.54245882      0.29659276      7.56504211      6.04123689      6.07603298      1.80902062      0.35201263      5.10166588      3.50884799      7.78954638      6.38281421      0.05508796      5.15643370      9.51957671      6.41328563      4.80675639      1.41687595      8.89638831      6.64081470      8.73264396      7.91843532      0.46011412      2.97706389      6.20091210      8.83305985      0.10120979      2.14370924      4.92955985      8.80076038      6.76439734      9.47624146      8.82778932      5.64067233      0.60526812      9.64785677      1.94132202      3.30366500      3.75926382      8.80338867      4.05414477      4.96823805      6.28143700      5.65854592      0.16795465      8.87921349      2.62444246      9.05123220      6.67906204    701.72749807      1.11979547      5.73224235      1.38378493      9.42887639      0.51329919      6.18142336      4.23484129      3.53529184      6.40547940      4.47821726      6.38121068      0.19140041      9.49790642      3.42906470      7.15851623      6.15216007      7.20804068      6.80763119      4.77295712      3.02159697      0.51481231      8.59159374      4.65949035      3.09394881
     2.94375395      0.79493276      7.06941663      8.30941976      1.37290483      8.29994314      2.74989741      1.70620422      1.78756144      2.57241025      8.13034726      7.65655183      0.99648763      9.21489507      2.40387677      3.96244003      5.94139734      9.23321235      8.40241214      0.95586643      7.05605949      8.34965632      5.87141025      7.38024839      2.13214318      8.03274123      5.85886772      8.92712548      5.66329743      2.39116663      2.56380190      0.59559870      0.38898776      1.21824759      4.54729928      1.43814136      8.90766177      9.16889834      6.02879494      3.22628350      5.33640403      0.97474561      1.08760543      9.79285426      4.25586433      7.73012477      1.69798843      8.17067069      7.13858868      6.79254642      5.89849419      8.07653967      6.42204061      1.56436406      9.02838794      1.80534757      4.83991034      0.07759681      1.28815571      9.12722119      3.98559557      4.08371433      6.21797039      3.37288050      0.76339215      8.01528298      6.14670767      7.89200896      8.31562956      0.90339551      7.79564560      5.30453806      2.45495937      7.56497578      6.61931723      2.32494338    665.58619727      0.32695846      5.93087253      5.51353240      0.70084346      1.40747997      2.54413180      7.39314659      9.51447916      6.19830740      4.99681948      7.01781855      1.33074232      6.07578581      4.20707668      4.98651604      4.17598982      7.34090136      5.49481253      3.89828232      7.57126321      1.75709782      8.46329119      8.67068362
     9.43114402      6.49021099      0.78957069      0.34839286      0.20909968      9.38367730      3.08981048      9.73685785      8.07701823      6.66492041      7.33676628      1.06086645      8.42199205      4.40903305      5.90969981      6.84570843      5.37478085      8.19396018      8.07384089      4.28828688      0.36954865      8.45914327      2.69374890      5.62663092      0.36566404      9.89544488      4.47229403      7.38559264      7.80532818      3.51226569      9.03686358      1.01112742      6.37764228      4.29413007      4.75007488      1.08354540      0.68832342      5.34601797      4.86545034      4.67976524      2.46384918      9.20207240      6.47563737      8.51403671      2.15132359      3.48897504      6.71022498      3.21713824      7.72639968      9.74814602      8.31485829      1.73685213      9.96192919      2.69048940      1.42830253      6.45478835      8.90130556      7.39132436      0.82725156      8.42167584      9.85922184      8.72388266      5.57931183      3.99662432      3.48043196      4.02332128      2.92246220      7.59678737      5.63367444      6.76072667      1.96889485      3.42443643      7.78868579      7.02729553      9.77135332      1.39568426      7.22341675    700.96310081      5.81405916      2.26333298      4.67962512      9.20860357      8.12716111      6.95579221      9.02624886      5.67647602      8.94174656      5.19731473      7.22167878      9.58834356      8.94648215      6.79568379      3.27097285      7.28397669      3.43598310      8.72149898      9.16366167      7.17226393      1.95461008      2.56158579
     0.64092899      0.58357817      1.72896203      0.24872465      7.33220051      9.38896996      2.78427561      8.42313549      0.76477624      0.65855533      6.72361855      6.82127601      8.95915220      2.62786071      8.88849933      8.69472673      1.21120739      0.52867950      4.55429559      3.27637284      1.21915941      1.94686144      5.50962796      7.62187011      8.79667160      7.21173931      8.51970129      1.03068024      7.69640305      1.14409584      2.00016515      3.15518269      0.31518082      7.66051589      8.80443378      0.94766155      5.18765382      6.06438278      2.17475198      6.37651249      9.39316106      8.62103412      2.71607592      8.98105040      7.03354905      2.39085637      3.37778092      3.24234636      4.43310693      7.27128191      9.23912234      9.90508850      4.37142641      4.62385135      9.02737771      4.01645324      8.44858394      4.19256374      2.00822865      3.00415510      2.02688440      7.92541006      9.52295740      0.24202518      0.03416725      8.46886335      0.87690783      9.65827490      0.31551229      6.28276405      4.88500443      4.80742044      2.08969567      1.08248352      6.33702864      2.63222457      1.26504409      0.48107762    598.09721020      9.53787730      5.16328583      4.60516824      8.26639499      0.21160308      6.68947424      1.99340762      9.84640661      8.66888596      3.38116091      7.30176123      2.02564518      8.29798544      0.40314811      8.16082973      8.70832511      7.83770170      9.77748541      0.68230396      3.97912129      0.66840323
     6.61159976      8.37225957      9.30964113      8.95862969      6.43714082      7.42826973      3.21651174      8.48342388      3.46629988      3.34671852      8.48806432      6.01762724      7.38119483      5.65441849      8.42248571      6.06434336      4.08133193      5.86991193      3.97872725      6.49651678      5.07604652      2.52572664      2.31373854      6.24841271      3.82322079      2.71807642      8.79770690      6.66591737      1.78762104      4.03811693      3.34288837      7.09522516      3.46840601      3.89445803      0.29009176      2.84734523      3.71971942      6.23316409      9.09221881      0.44057322      1.24840283      5.90719226      3.15313499      0.38423548      7.24742543      1.37792027      7.70263700      8.82668449      3.14474951      0.58523811      2.15520220      0.83552312      5.62504860      8.88749999      4.25506728      7.90735500      7.35974992      6.20307032      7.24313016      1.86289976      2.77691973      1.56934174      6.17681535      4.44801734      8.46391533      0.78814131      3.40517789      0.29726429      6.44539209      8.65949738      5.15062482      3.27414783      4.57921027      1.07689111      7.03663502      2.63896264      4.42843238      7.70642631      3.39331974    643.71566145      4.62105814      6.64009558      2.36115628      2.89466039      8.80814469      1.03004757      0.34686822      6.05979051      9.81303018      1.41895346      5.47941832      6.13979919      2.62544288      5.25434028      5.21176438      1.37110044      5.89265336      2.11752212      5.05953207      7.55272130
     9.84248895      5.45152670      9.65613909      4.23355774      4.22053883      7.31847537      9.97734135      8.41735658      8.81287611      1.72937228      6.62235155      3.50261136      0.25235358      6.84921345      1.20224429      8.57838939      3.53158839      5.81786158      5.62960058      9.36638086      3.58004456      4.67415263      4.92205266      6.52838292      6.09980809      9.67500423      4.49767910      4.59331478      4.62259320      6.72072838      4.13097068      8.54672753      6.76027605      6.12969942      3.00031755      4.67182078      3.85124870      9.49271535      8.25274410      2.09145946      7.06280259      7.67444303      8.85941465      6.41177582      9.77741477      6.78486790      7.30918474      9.08466635      8.59892144      1.81699364      8.35104762      8.64345427      8.25699862      4.90466603      9.30276597      0.53274211      3.63785959      4.14908637      4.44844368      4.62947513      2.81583932      3.14130275      0.91622418      8.29675716      6.40026021      5.73543493      1.55840224      2.02395674      7.55619006      8.01301001      2.29420494      8.13980500      6.05572716      4.95483102      7.92943857      3.75189750      4.66609124      6.52757466      2.16320855      0.93381894    735.78181166      3.86479625      7.17779971      4.83137949      5.60020626      5.91022966      6.08784757      1.86579815      7.58535358      4.16497049      3.52519505      2.75327147      6.12406007      4.44435870      8.33457089      8.27422822      0.73178099      9.15307505      5.03054462      3.08838405
     6.22657605      5.95050375      8.22917872      0.21309135      8.96607502      3.49777519      5.43642764      1.37560132      2.24473018      5.80540187      4.70913786      3.87716217      3.51570818      2.05268328      6.32327815      1.48556916      0.40746570      3.09102699      9.73296221      8.17808443      7.24684498      3.08405587      7.25930803      2.49374064      2.19833186      1.44984240      8.66154112      9.74030308      3.08550578      6.93547188      4.89580539      4.88299226      0.95289019      9.15508271      6.44420859      8.32525616      1.75485004      0.03504446      3.70091217      0.52190543      1.23128597      3.93103856      1.20859280      8.49309114      2.99599366      9.48962935      1.07214884      7.47479422      5.54310497      2.50923565      0.44459644      1.19166098      2.86291657      5.76009589      7.23380088      9.53770009      3.52489980      2.42823420      1.63346914      5.87318822      9.93001254      4.43434500      6.00172849      9.22583303      2.31137601      2.47879601      1.47597825      6.88399799      1.71281723      1.29748271      9.72448016      2.65897015      1.55503666      8.40633948      1.09259056      6.60039369      2.97927271      2.59545894      4.64841676      9.45706484      5.77024379    639.55695426      8.29530000      9.49168534      0.27896889      9.57630089      0.52991669      4.10533073      8.68477113      6.11610384      3.86419953      2.49776860      5.49681057      0.46826695      5.46862089      3.06958189      0.73422709      1.49088097      5.85596333      4.50662732
     7.25518666      8.10568896      5.79377913      9.02651750      6.34280056      3.45523321      0.63018065      4.27850913      3.08158051      3.19152209      5.69967234      7.35714630      6.53340945      3.58797803      3.09652607      1.97260167      1.55854004      1.98319229      5.41730028      1.16325005      5.90967434      8.10097268      3.26450820      2.43204802      2.27635999      3.29866206      5.37745295      1.07933080      7.02114865      8.85224307      2.14599089      3.94757294      3.96580950      3.57658329      1.36565352      5.42090716      6.78471246      2.51671798      0.80733779      3.52732611      7.19935407      3.31811478      1.64935863      9.48741942      3.53974508      3.36364639      4.50289584      4.36786337      3.09395106      0.33338010      6.29375657      5.74596647      7.21708881      8.14679585      3.75292711      1.48295531      5.98233046      3.03047018      6.86981671      6.62630125      0.78752945      0.24211718      5.55311370      9.05659857      7.84658928      7.40994438      8.52751281      5.11110042      6.99660684      5.31062468      6.16644207      4.69161023      1.33111408      7.87940299      8.14603023      0.37929846      2.96842163      6.01634585      3.33232856      2.86232322      1.69098781      0.43825870    623.04328390      9.41516999      1.52628999      2.51977850      1.41293118      0.12428456      8.35590757      6.82189203      4.65058946      5.59237579      0.62840392      3.47008505      8.46216235      2.78976373      3.03277002      0.27161094      6.94801154      6.57151572
     2.87361721      5.65658535      6.79010315      6.59805591      3.63131457      5.85185674      4.11138129      3.98302161      7.17642458      5.65684042      7.39221861      3.85111202      8.88909715      8.06207626      1.82469525      3.89092441      3.48687918      8.30611537      1.43641830      0.56381913      2.39819196      8.41144383      1.06026407      8.25909968      7.10907480      7.57378584      4.18815741      1.93321361      7.83207017      7.80512226      8.76627241      7.44921784      3.70595394      5.96565000      2.48236690      3.73993402      3.11362844      1.56379414      4.31787056      9.26325510      5.42322387      7.58316733      3.85208013      0.60286169      3.21566796      8.77884769      5.22400621      4.41385255      0.10251902      7.13217735      1.52286119      5.99810286      1.46394308      6.78316418      5.88927140      5.92593544      3.07834115      4.79185787      5.24823884      4.15622599      6.25091424      9.34494256      8.65962184      6.91614959      0.89134317      2.38380271      9.96065130      1.38673980      4.40481356      9.35299559      1.42853495      0.25599767      3.25566315      3.31668454      8.75442484      4.63610001      1.49884086      8.14506099      0.11298169      1.25222077      4.63456927      4.16199769      8.79028966    588.45387418      1.90320535      3.69528237      1.93957836      0.34167235      3.95346638      5.46471694      3.72203994      3.98775759      1.74901289      2.40851589      8.92054202      6.25162070      9.82682923      5.31851224      8.95589754      5.79066493
     4.80748801      2.41088684      7.66043664      9.19247925      6.53931914      9.77672123      7.73502702      6.01330975      8.87902517      3.97495351      4.67754525      8.59887396      3.88157197      1.88387857      6.10497479      4.74366863      3.91990823      8.69531026      0.50230842      1.78283588      8.39232250      9.89465392      6.28594798      7.70541084      0.59365465      6.23611721      2.99414444      4.72689085      8.28674389      3.81796163      1.89402909      1.30090057      1.29532122      3.90042485      2.39564690      9.13496059      8.66301487      3.13870058      5.96071536      3.69438217      1.53069780      7.92901386      3.83693108      2.93292399      3.78780250      8.15340842      3.24646595      8.69233617      7.03760422      9.53118751      3.69714132      0.29229170      7.31176029      5.58406784      7.20314604      8.78260803      2.64413589      7.54718588      7.42974935      2.05726374      3.96729361      1.39326888      3.74757414      7.89108743      3.08913808      6.91426332      9.33534330      3.13130913      0.52218935      0.97963104      2.23502795      6.98514082      0.28547989      9.12750231      0.55298986      6.63139654      7.24088573      2.26869490      8.26325094      4.54085038      4.97103983      7.49402862      7.75792110      0.09296329    691.59985846      6.35652625      2.70782769      1.64479403      4.16581885      3.83654965      5.78274908      9.97886946      9.12176779      8.91337198      0.32051652      0.29026963      9.91286057      3.49842358      8.90276058      0.64501834
     8.68897419      5.27536706      6.59690484      7.34282591      2.89506171      9.83332257      9.40334527      6.83065563      4.43619012      6.44963583      5.05058648      8.45351589      2.38452026      6.78420013      0.84677688      4.42015382      4.27291202      4.99380255      4.74747415      0.05466280      2.74057870      3.86320954      7.97813628      0.24593153      9.27482000      0.53587713      7.41314167      8.39167411      8.53188027      1.27450508      7.46695256      4.25664010      7.21053543      6.08050415      8.98355142      9.07995446      6.13957474      5.70832982      5.53898872      2.68454904      3.92062288      3.57581797      3.87773697      0.64266719      1.48180965      7.90051344      0.90151013      2.05268368      4.06010633      4.02010228      9.12787939      2.86036344      9.28433095      0.32062258      1.87539579      0.66723300      5.46059711      4.77887897      0.09430028      6.06793937      0.01968243      1.84938415      6.76265245      2.47364305      5.87667414      3.73735377      0.66747457      4.97690974      2.73844113      5.07271962      6.62425434      1.98008410      8.42221066      4.83355698      3.26586351      8.54697041      2.46992097      0.43231530      0.04312795      9.28182211      5.19320874      8.89603233      8.41328630      6.64210386      0.71973036    610.22678078      8.34033276      3.67516606      2.42098983      7.62572577      3.42472446      8.65574599      8.60534490      6.25523142      0.91879082      7.39777190      7.87131674      2.89483953      6.72282868      3.20916385
     0.65621059      2.04044688      2.30468279      3.33177995      9.50105064      0.20797505      8.46507204      1.60396913      0.43474906      3.77932697      0.49927246      3.90201550      3.94981067      1.22963094      0.49179314      1.42932099      5.74591767      9.16069704      3.98961389      9.52533190      9.05820656      9.31688645      4.65547442      7.38832905      9.45611961      7.85168857      7.78922709      5.56276083      8.14389778      5.59384128      0.85084622      6.03542745      5.90988820      6.13869918      1.38833353      5.55987784      9.28919978      9.99186400      4.79029205      8.68387173      1.99040688      4.77236797      2.78155915      3.32948182      3.27450836      1.81334711      1.58968812      7.82464317      6.66290963      3.33001230      1.44472813      4.56392439      7.46992872      2.14508274      0.15896792      7.23800660      8.12891713      2.41699628      7.51295625      7.35524221      5.58523232      3.89833071      1.52125842      5.33139943      6.79233128      6.07166275      9.55829380      8.79160098      1.62675875      3.24267711      9.39305009      7.13828884      4.51804169      8.83085833      2.21294476      5.74808771      7.82188943      1.15596166      6.60184941      7.49203524      5.11215121      9.01470247      1.18429831      7.21211829      2.65109651      6.96799012    692.80294962      6.48934925      9.39955091      7.79124568      0.89461490      1.44733025      5.41771525      7.96403425      3.79440535      4.25557267      2.43167494      7.60491421      2.43952652      2.38782187
     9.20260509      1.46551391      8.84593661      2.45720782      0.57850709      6.52749793      1.40755565      1.92749133      0.49655710      8.45933508      4.97792847      3.62584832      5.22674778      1.88784290      9.46416578      4.61359800      7.32303591      6.15689089      8.49925916      1.89830418      6.93329909      0.00572696      6.50621488      8.72595407      5.10192517      7.87922208      8.62742712      1.42866875      4.68434420      6.11040320      9.02231412      7.95543163      8.85332158      6.94068041      8.77394484      5.94341793      7.22039483      1.70046158      9.48791840      8.70141792      5.85391875      9.27367142      6.76691362      0.13199212      0.63081385      2.33222664      5.83872289      2.59666556      3.34240574      4.43499112      7.69360311      3.67192958      7.59053262      6.50579407      1.22963385      2.54338046      3.00376667      5.62684701      0.38917856      9.51069087      8.94032234      4.84561148      9.41439759      8.89076380      6.83732142      2.41292443      3.56134906      5.82880721      4.07552812      0.77285566      8.55401302      7.19673258      5.02870679      5.70289049      2.42631684      4.31188323      1.68712561      7.67222643      2.03593563      7.13630482      3.88070204      2.30153206      2.51891065      1.39673369      7.36425237      8.62638238      8.75900978    629.56047432      8.18301604      5.82871537      4.93407689      6.94900851      0.08016021      3.28675680      5.57219298      2.20114890      3.06805102      7.03219535      2.00197705      3.39272982
     1.26503249      8.40465025      1.27104293      9.74087252      2.38359327      3.40601168      5.80885645      2.34604480      5.29885426      6.84885148      4.89118665      1.34474337      7.18185808      5.71539832      1.59824447      3.05638007      7.72378256      0.71976537      2.14497845      0.66836922      4.60931243      3.35199137      4.54303977      3.17583474      1.41671584      0.37014589      3.69732110      1.41054105      3.60958961      8.37076554      3.08175513      0.19388776      1.81817313      5.61911549      9.76517422      9.67404017      0.01064126      2.22714244      2.75772794      0.47725281      3.31502867      4.98369274      0.70780010      8.42660470      9.37778052      8.15432894      7.97173608      1.75047033      5.76010575      9.85706769      4.83138504      7.79977493      6.18931852      9.58320975      3.04066433      5.34637851      1.93591684      4.77121692      9.90414253      3.22078452      0.61132201      3.41979346      9.90993952      9.86736385      8.86644261      1.95338714      0.25960330      1.97644504      9.78605601      9.03915731      1.02340737      6.34708927      7.53280412      7.36080007      3.43128750      6.84233465      6.68092451      2.00824333      2.24477032      0.25057683      6.79599005      5.69457549      5.43248653      0.82909703      0.26193987      1.14401068      0.54083947      3.64014969    593.39435398      3.52262331      0.14197694      3.82006754      6.87027092      8.02927319      9.14494745      0.53975800      2.51540566      2.16137698      7.36080327      2.14085619
     9.46575560      5.15110547      5.38861359      6.68580183      1.71745270      1.39046889      0.08882955      2.24474403      0.03037422      9.70423999      3.37322239      8.21121238      6.13793815      0.00893327      6.43688592      5.04474407      4.67765725      2.84149212      4.01867286      7.93334140      2.08318968      5.15033232      4.05151919      4.68026044      7.66181171      5.96315627      7.59477742      6.17999711      8.48018629      2.42985757      8.85833276      8.94721936      2.77756919      1.09026850      7.57057594      2.21786677      5.00807901      2.15436784      4.11170674      5.30878165      7.26748932      8.60426933      2.19463320      2.34916145      0.42856818      1.43123021      4.48223373      5.36064181      5.12383855      4.85063908      9.08588697      1.88755714      9.50393206      9.44263656      2.39584785      6.80915324      6.85660749      3.39849314      7.03089572      8.86743770      5.43970260      5.64007192      5.34534445      6.07363377      9.58389764      3.68894250      4.03709736      4.83479936      3.48942028      5.40344138      2.14629940      3.55236000      2.31523766      2.91855188      6.39620655      0.65552884      4.33726709      1.98224366      0.47913656      3.54036919      8.79859067      6.26110959      3.71892583      3.43427294      4.07355319      7.24529668      2.89018201      3.32966517      2.13510986    654.88198961      4.90102930      5.27955862      0.58471621      0.53480614      1.27696168      8.76011367      7.72480829      1.74848088      8.65368796      5.32005590
     8.63417521      1.97862450      1.65484184      8.20629123      8.39274145      4.77304915      0.57700171      1.30080103      3.25101166      2.91403647      3.99085720      4.41471053      9.69546174      5.16394203      4.16329086      3.94748896      8.07609601      9.51869744      2.35382563      9.80632499      6.19105143      3.87284225      7.39699975      9.96919737      4.82172564      6.91028617      6.58077744      9.41661734      8.89496774      8.18871597      6.63423565      4.20306132      0.38409574      1.23312356      4.05623746      0.93249581      4.69738294      2.99699170      8.85221079      8.27345845      1.00749081      4.48694454      2.10379150      3.16716313      5.87311389      5.19795973      5.09640583      4.49049443      2.84543949      5.41360900      9.03663948      7.10585085      0.65748125      5.65041029      2.62862115      1.84853065      2.73746274      4.27499276      0.15256012      6.67008703      7.80983427      0.21662960      5.35110274      3.27508619      4.37097846      1.03004139      6.96949620      8.45180570      3.39057598      9.48608897      0.33777567      0.62288873      7.54254636      3.80894566      3.19157975      8.19990186      8.88831375      5.67385035      8.56684349      6.01347939      3.08787493      3.77791582      8.49618356      2.09918188      9.35053080      6.60740160      3.10247810      7.93561317      5.51292988      0.56871781    661.92068982      2.66459923      9.26720214      1.37077420      1.04254995      9.91333699      1.08105155      0.59941140      8.13009639      3.29227327
     9.86200827      9.51121315      3.89242935      5.35142511      4.22529152      8.95160049      9.16288048      1.76841149      5.92546667      6.84331196      4.38015445      3.79482051      6.92574460      1.53408745      6.63152570      3.59339590      0.69975258      9.85315696      4.66421634      9.28686592      3.84229272      7.45320883      0.32113350      9.90983431      7.91196027      2.16364819      7.75848611      0.70564266      6.65907226      0.24236186      9.85257700      4.69470424      5.74919595      3.77011947      5.92932034      4.17034244      4.64526981      1.88267507      3.46951707      2.23881955      4.69227424      8.03349487      6.43709223      5.67848153      9.15059578      1.70854615      5.26368024      9.14342513      3.68177625      7.10988247      7.20794872      3.76207517      7.35836515      8.23488325      8.74723468      0.04877454      4.43580904      5.17491559      4.67262343      0.07736513      0.86349107      3.70086531      7.96881772      7.28431033      4.48350484      7.30767501      6.80631063      1.41823859      3.78805943      2.02570748      9.64574126      6.70045651      7.77775760      2.25450386      1.83522334      3.80837057      2.17539677      1.70648488      0.86688175      0.91363996      6.49970072      9.79912975      5.71989008      3.23588625      7.11237026      4.81924161      4.79191701      2.02945970      9.97452215      6.50472788      4.46737852    606.50139266      1.06944173      5.29012339      4.79776865      3.79587467      0.25208393      2.73215632      6.67804768      4.00037749
     4.54236077      9.71680277      0.13063182      8.69282391      2.12571383      2.83269619      6.54338771      4.96745078      0.64072797      1.87000593      2.29438537      4.82832837      6.06302733      4.57614969      5.18503234      1.00095671      4.15287516      3.78642816      0.37810599      9.08657929      3.39517393      7.69774318      9.54810855      5.23120770      6.94921545      6.87708615      7.93847398      6.63440022      7.21570674      2.45442814      0.62989871      0.01789898      4.77740117      2.32424492      6.91392643      3.05942919      5.78269286      3.95045268      6.56747093      0.77272009      7.21630570      4.97669494      8.80202107      4.40860811      4.02310127      2.57012807      4.54171821      3.89510836      2.62320684      9.39586398      9.43534353      2.66546239      3.82972750      4.37006670      1.76322810      2.41775336      9.62897580      2.65505857      2.07712771      0.19334404      4.18198168      2.91469855      9.45071999      1.80557625      7.84243797      1.66995043      6.73132990      4.97716532      1.42686040      9.12377336      7.18608913      3.37450660      1.80215032      8.84491980      3.38393630      6.27728857      0.17823112      5.94878232      7.15250810      4.40722808      5.02892939      6.01913004      7.06797016      0.85699805      5.12458389      2.24677117      8.18294240      4.50529158      7.34203649      1.89706609      9.39557473      5.63660351    624.58857590      5.44136985      9.38351656      3.38228264      4.46297192      6.98813972      1.22323495      5.73169344
     3.23877551      2.49407232      8.58117656      2.16979860      3.01325755      9.85011361      2.05547973      0.83281502      3.17450805      9.88549296      8.94705842      0.44974160      5.40164310      1.71997973      0.95506723      7.64993939      1.63627602      9.96301340      6.65028690      1.88356792      4.49580936      3.24211948      4.62139568      3.16906187      0.10243683      4.66090559      8.84070089      7.64331113      9.57210568      2.22371479      7.15257094      9.99049743      4.67015970      1.17778383      4.38276915      1.40447439      3.52141791      9.75126743      2.34410425      7.73259523      5.07397635      6.79839177      6.73381705      5.79385721      2.99662627      2.34591724      0.48608555      3.22024304      9.33762198      0.51234065      9.68977197      4.88241358      2.38528187      3.65970783      2.62497212      7.58134944      6.69893838      4.59827470      7.77235250      0.91573814      6.40100657      0.10678591      6.48389429      6.30108804      2.91427472      7.56298990      5.98039778      4.74053152      2.98636494      4.46406765      8.16881070      0.70568534      9.04119487      0.77220933      2.21092004      2.68007563      2.59119581      4.63640122      8.02170332      6.33812888      6.18308842      2.39897526      0.68045171      8.76417707      3.91120360      2.04774650      5.53550960      2.58406961      4.50503129      3.50268188      6.41117766      7.71372159      5.77737816    585.45832743      8.53028400      6.84707900      0.03329189      8.61943096      1.16663112      6.33388100
     1.20592190      4.15170686      3.18372631      6.04261978      9.35526668      7.92105664      3.80307848      5.93927464      8.22000524      5.68726173      8.69198407      6.17838264      9.60655934      4.44079319      8.54964640      0.18130925      5.63109896      7.45237720      2.21531191      7.33523967      6.32611904      6.61323760      2.58855326      2.97167942      2.11881495      8.59564423      2.59081544      7.13176622      5.72158624      2.82844230      3.81503891      1.83547792      3.52919757      9.41346706      9.45414981      2.28612026      6.13596136      1.51720264      3.91616035      9.32400143      8.26242883      3.80391500      3.14537768      1.54090168      9.65350598      5.46323166      6.49648534      8.54038460      3.74900278      5.79174146      3.34228526      1.91638480      2.31824952      1.14194580      9.36425032      9.57903033      8.35654399      9.10887859      8.96515438      4.23367166      9.48833430      1.72518515      7.51539055      9.80360469      1.53304945      4.19010749      6.87352405      1.86227870      4.44805852      9.12339970      1.44611098      2.36946954      0.66803430      2.16296379      7.58119594      1.00909609      2.24619567      6.73648238      1.89385541      4.88916176      7.92993611      6.20368267      6.35535366      0.27409278      1.19160092      9.77591187      6.55469554      6.02400925      1.00645651      8.48802625      2.66471036      6.54844147      8.04005965      0.38972583    659.01538818      5.03006284      1.18367087      5.69211807      4.84501548      0.25891869
     9.93313058      4.54101421      4.58483227      8.32744442      5.42641621      4.00173622      4.25792822      1.28688926      5.61305134      1.10550566      6.58391605      2.20292422      1.11904485      0.79350352      4.15503929      9.25416678      2.38353182      4.72308149      7.26860146      9.82806277      5.49770250      5.19675968      5.49126994      5.56183186      8.41051925      1.55811174      5.45671868      0.16979170      7.69529586      3.05403593      1.81162539      3.82234969      7.89364032      8.88645778      7.94064397      1.12302691      9.13482326      8.62848064      6.83664078      6.89992974      3.57982699      7.91602482      5.82814543      6.01841457      6.84152511      3.25167132      2.66132842      5.16027269      3.74744517      9.91629513      1.43676776      8.95324790      8.30223525      7.26910467      3.57135808      5.97584712      4.78036251      8.99756725      9.77972773      7.48021240      4.20884146      8.24437670      3.18198671      3.91184316      5.62043208      1.23480572      9.62589598      1.44265544      8.30586416      4.80945508      9.67669980      1.53965502      0.46782872      4.68617091      6.07277125      4.89186479      9.50600944      0.66548859      9.31160410      1.25811310      8.90776124      5.80209017      8.72033762      0.43730571      4.22090816      2.60503545      2.71941871      2.46086436      2.36369312      1.67755461      8.98294015      0.42261190      0.68283835      6.88392754      2.39711191    664.01561785      3.49474845      2.26862356      3.48148743      2.25883556
     1.13032737      1.41771828      4.61260292      4.93556607      7.09043060      8.52029015      0.01705378      7.81630748      3.75648728      4.55695177      3.01452733      7.16619738      9.37174910      9.98620127      3.87301626      9.50068087      4.60804273      4.39229788      5.32153252      9.08560536      6.96544862      8.39666496      9.47519328      6.77822009      3.65172538      7.81894976      2.83073329      6.28588333      9.08179991      4.09431477      4.09228805      2.67294704      8.75247421      5.78680511      5.55154896      8.37248182      1.74856241      1.42282372      8.08994127      5.83658406      3.94306719      3.43022899      8.41677910      7.41208190      7.27785276      9.73789253      8.85428621      5.23081491      0.96950052      4.66753025      3.84567288      0.51683284      0.84284310      5.90471199      8.97970761      9.23364831      3.77382925      7.69376986      5.86537431      2.06024587      5.27203759      3.15849213      5.91065342      7.79408974      1.23013757      4.85019445      9.94457699      8.78936529      0.28393980      5.09805427      6.31453240      6.45706475      5.42445172      5.72569470      7.52585901      6.88119967      1.45748568      7.08481287      2.31992194      0.59866532      9.17042335      1.43246008      8.54408141      0.53698726      3.87144794      0.19233998      0.53335658      5.85346725      1.23606317      7.86278125      8.97149246      9.76681374      0.00026999      4.58073480      9.26838718      2.68328670    718.10987751      3.61307335      6.26793204      7.84175441
     9.21121395      2.29594503      3.08431246      7.75637011      1.41515925      0.67188144      0.17770327      0.09875097      0.60287786      0.50477872      1.85992545      3.68860918      8.16863127      9.81117846      3.05994117      0.55528043      9.95965041      3.30985265      0.48410572      9.95447767      7.16483176      8.26861610      5.78365872      6.80612327      1.00090909      9.21354630      9.32448655      2.87999992      5.07474615      7.88474984      1.12447557      9.16062873      5.51230862      5.97077050      9.29595970      8.16257581      5.49259543      7.76115748      2.94009256      3.07189809      1.57686622      4.87418754      0.53996325      5.11404710      7.75999006      7.39745357      1.56936850      1.29015139      5.93941499      8.13640716      3.99294675      3.70211108      1.42248682      4.71789825      5.74433036      6.55124720      3.69594720      9.76239852      7.79886320      2.58708128      6.42632545      5.40191115      2.73201245      9.06302270      1.76501487      0.97423125      6.68345576      8.76162848      7.17432213      4.15698302      5.34671794      8.53579743      4.45955755      3.05221666      0.08314588      8.55735998      3.13561848      7.08089612      4.63696888      3.73192551      4.71492480      5.34046801      7.86564685      5.50473570      6.57433184      7.57037342      7.56303148      2.96012985      0.12676445      1.90510335      1.14809010      0.12721737      9.81581746      4.20577565      2.57108071      6.38711278      0.21868310    603.37355513      4.70889624      4.90882879
     3.48953083      2.52107713      0.77727208      6.64876240      5.65312487      5.80336251      2.88728133      0.36711354      9.53522923      0.42678131      4.38825779      4.41512421      1.49079098      9.36520853      1.75385348      0.20788135      3.79590863      5.23601274      9.35183376      2.93499184      7.02134678      0.73660927      7.36167448      7.44311393      8.76237739      7.35426809      9.03453005      3.98188573      2.51159176      6.89006646      3.61417738      9.64986355      6.56044480      5.74160502      5.79949975      5.16117233      6.77445420      5.75150748      3.71279823      3.20347899      9.38010562      5.73927266      4.59220510      2.23311882      1.07103614      5.59279807      7.44078243      0.42839033      0.72840869      7.91612589      5.56093576      6.21272258      1.92004065      2.54409408      9.62130787      2.39938083      2.20379871      9.76356978      2.42495554      9.03212490      6.89332525      2.82305222      2.81910531      3.89856283      6.35081451      4.95615661      4.87503085      0.51058510      6.07579377      1.84836026      6.42938728      7.93737711      5.29837743      3.26943776      1.27453185      7.95134681      6.94373268      7.32891011      1.64225156      5.48797954      9.83384714      1.97645258      1.78245546      7.23466392      9.16622677      2.42850250      6.08736229      8.16372316      8.39569948      2.67764674      3.30393602      4.92814251      2.38054173      0.92648154      4.27022232      9.47210165      4.32761330      2.75566069    680.21130604      4.25637153
     4.93788865      9.26843573      4.30233319      9.62537537      6.61841392      8.39946835      4.99320538      9.43832585      1.72917243      3.68602009      4.35708382      7.68187965      1.13951212      2.20162572      5.91657064      8.66033991      7.19427450      7.10936548      1.99111615      0.92242383      4.83426059      8.09638421      5.29648109      8.41892125      7.63588082      1.66714930      7.28619985      2.12322732      1.24378887      6.56013873      5.42539266      5.64709603      9.03909940      5.10707703      0.70316249      8.49154328      7.25557697      3.05923343      8.97441585      5.06842911      1.27156044      9.11717938      6.61177476      3.47366923      2.56757667      8.68918893      5.13366914      8.22016361      2.92571249      7.78717654      0.96023390      3.74636631      4.73298063      1.65548201      6.77750124      6.75945494      2.86554746      2.17886552      8.82035022      7.95383887      4.99143530      4.22094476      1.83348040      7.62350279      5.52435012      6.78973604      5.58333698      8.80575530      5.12848882      1.22348797      7.48370978      1.29687029      2.92250691      0.20140696      4.88360484      6.72120234      1.75158230      1.00802775      3.89014955      5.54910181      0.81591480      8.21983021      6.60260701      1.48771915      5.30669275      0.54259561      0.55074261      1.41789124      9.77189628      1.57243560      9.29474482      9.27948090      6.40555503      2.20131378      1.48588942      7.56609202      2.06329758      4.16876822      4.98742710    620.25445330
