     3.25105971      4.56433347      1.34014443      4.30070207      9.03654983      2.16853412      2.71656518      8.56811532      5.48797776      3.87471556      9.96119176      7.63331003      4.84113716      0.74996638      1.58039583      5.37395187      9.33204731      9.45586197      0.91537368      7.11778789      1.40814405      3.78693756      8.58953781      9.11255849      1.17238459      9.54529793      1.14130004      5.19356622      1.97687389      0.21759374      5.78646032      6.23550595      7.77067350      1.24229878      0.53112441      0.14816871      8.31918609      7.26784508      0.99302670      1.92674665      1.33133157      8.82998548      8.67992132      1.07788316      1.08411452      6.82705173      9.82962688      1.97360025      9.80626145      5.60738099      2.94759270      9.55381466      6.60975063      6.05919159      5.82408800      8.40329925      0.05165361      5.93798693      3.48709555      6.37952318      2.93596337      7.39703109      3.15765088      3.24424170      9.15229436      4.71375964      7.22426695      8.60024260      7.61737823      1.60247608      8.35417287      1.02801337      7.00208510      8.63009145      0.66156206      3.20055047      0.17460643      6.10114315      6.49164717      2.19521898      8.58036610      4.55497432      7.07390352      7.06582690      4.14757256      9.61748872      7.39385273      4.43821587      5.93256047      4.25090594      7.22997386      2.45813203      4.47954991      7.57780747      6.47395596      3.56499746      8.50659967      8.81575488      5.05941794      0.30551483
     1.47367249      9.48442614      7.83365553      5.96406369      7.59482568      6.28681879      1.92667950      3.40296158      0.98943239      1.58738015      5.67269910      8.96554383      1.03368191      9.99904636      4.05279726      1.64924430      0.86354516      8.23242445      9.33656070      1.33552235      1.77836666      6.24186746      3.41766592      8.36497907      2.19203713      7.67354756      4.94912390      5.58505678      6.89021572      2.57055757      6.16887280      3.26735317      1.23812621      3.33131444      9.91720768      1.53113705      2.64470585      1.88836697      3.26912836      7.36028645      8.44864914      9.92292314      9.75834027      8.39862346      0.01880459      1.87673938      1.96832520      8.90224780      3.82813459      3.95961560      5.21819312      9.04402448      2.64401799      3.86321364      8.24097476      6.63901909      1.28900457      1.33263054      4.31972190      6.85963702      4.41693139      6.85438607      0.43183347      7.48100395      5.02953014      0.99253281      3.74164494      8.39797321      0.81726356      7.19921466      5.50968762      9.77183420      6.94526677      6.58686790      4.98703497      5.58787447      6.79140341      1.45758877      8.68205254      3.70681580      2.57520605      0.33658608      6.21072929      2.67385059      6.50603313      3.14289720      3.39138399      7.74668583      8.09290627      3.02639473      7.13659061      5.28159091      6.96375788      1.87807503      7.96683908      1.22828672      2.60584337      5.86855027      0.25052995      2.54361223
     5.12099671      8.95514004      1.17580625      0.71194652      7.43202473      2.72740274      4.42155129      0.52816160      2.94623195      3.78075173      7.04651255      3.28560249      1.32822050      0.13029956      9.89393127      7.10493913      0.43876913      0.59176693      5.58078080      2.20828298      6.98512869      0.41839270      2.20304301      8.37358970      5.03034239      4.26689529      9.37411192      8.60504241      1.37741908      8.51692185      5.85313220      2.96540520      6.77041018      2.08792905      0.82062467      8.11815945      9.57904277      8.29386019      8.71460445      0.84387355      1.38014337      3.47200172      9.03997624      7.42693641      8.11964565      2.31665764      6.89223940      4.67725963      7.53990435      1.18734077      8.81578459      2.41620216      2.00690490      8.57799075      6.24455120      3.29568609      3.48250691      5.19756737      5.43846855      2.72348134      3.95987915      9.36496374      7.28643227      3.69527782      7.52013289      0.55414354      4.41694270      4.57692677      7.03957093      5.63677697      7.73249595      4.16886511      5.82262906      4.29731631      0.82523486      9.70433689      6.84460005      0.84914459      9.99943289      7.44538772      7.47605546      4.56628792      5.35771516      9.05477753      2.24222025      3.84363093      7.35104352      4.78650594      3.82824934      7.88246848      7.55641430      6.79580942      8.76984315      1.28779744      8.20698649      6.15933464      5.33828575      8.86461373      9.84765252      6.02566795
     9.02112950      9.36369490      9.31482604      2.45738325      1.97780420      7.79428350      7.86299012      4.77017214      8.95275674      4.62452315      9.05504125      6.97590985      2.75361663      0.22904166      9.66085192      1.73846699      4.99889248      5.49501608      7.38699848      4.48352871      5.84775727      0.10641693      8.21236505      6.12489819      4.49376136      0.83100903      1.71031016      3.50894023      5.49949697      0.82418776      8.21318750      8.02258716      0.20423846      8.99895690      0.76721392      7.39312087      6.01299120      9.02107343      6.81710612      6.43114878      8.58200641      7.63244205      9.76048000      9.39430137      2.35179407      0.49461214      3.18311554      2.85561897      3.07372685      8.49056632      5.33567231      1.51799983      9.75569173      2.77941353      4.67488870      4.42704953      4.64166307      9.19445682      9.99732088      9.99250068      6.97113296      4.90081452      1.57540782      7.27599298      8.20456744      5.58751275      8.08681441      5.10474464      8.11417347      1.82157839      7.36608382      7.03650473      1.28370378      6.28582245      6.04287981      9.65728312      5.29734429      2.14338027      6.66073783      7.45488603      3.02729259      2.58731954      0.70243242      5.14444553      4.65318714      3.88770261      5.00288177      3.24542205      2.87185953      7.76498590      9.34753072      5.12849149      3.36309062      0.03578533      2.21625908      7.18067508      5.74435266      7.44476001      8.58159670      7.10619194
     0.20467832      9.99772431      0.84747877      8.55580351      6.83949087      6.16486532      3.55967809      9.79034433      1.72514888      4.08614764      3.91110727      9.72899606      1.35524080      8.31916164      7.82456689      0.30393720      2.16330674      6.96202099      0.60254044      4.09592503      4.91071279      7.14698852      6.03318742      4.90570702      3.05063062      3.35336927      3.56306517      6.40227339      6.71312262      9.66405690      4.19435510      7.11519055      9.62948201      5.19886671      1.50913951      2.41907027      1.75628156      5.70536744      8.02873658      2.95558528      9.21069277      3.49553657      0.35372251      1.94053823      8.94615750      3.63354145      0.36030858      0.70065133      4.21801485      7.18779061      1.41633119      1.69957722      9.78785440      4.09653368      8.95140533      6.22418089      0.24903948      4.91215076      4.40220732      0.04701168      0.05202782      3.23817910      6.52208923      0.88532007      4.43890796      6.31648015      6.49866167      2.77634013      6.92829798      3.40221540      6.56560445      4.62234827      0.51268478      4.03739055      7.61861457      4.02183737      6.72821735      5.26817811      9.34882889      9.46606367      4.77763456      6.50116898      8.96670274      0.21640335      4.20983985      0.11702978      4.79040116      8.78084237      8.36010197      3.88557281      5.72112236      5.16035206      6.02176956      0.39680190      1.14603502      4.86692234      8.43671378      0.15763431      5.11907139      9.29805954
     1.10873722      7.75892490      3.82327029      4.58645758      9.29731869      8.02985385      0.28891511      8.80133064      6.83470815      4.34575875      4.54971521      4.66115335      4.08323708      1.42363506      0.97634119      3.96378202      1.29395700      0.16061063      3.95219642      6.27009656      8.98535032      3.99970554      3.00893202      1.69105887      6.26598394      8.73718731      7.28947819      7.98766720      0.12153139      3.86148498      7.80922974      2.94844691      6.88351304      6.96227556      1.43133856      5.41784187      8.36022050      5.18011848      7.18008550      4.98067798      6.64545611      2.79158893      4.49015340      0.30880758      4.97898707      8.04478909      2.74282317      5.91507691      6.37654511      7.15032582      0.84317964      8.46540194      1.33945495      5.99958975      0.35747135      4.26007103      1.94180897      5.03520512      4.71461074      4.05184844      6.98562963      4.54003903      5.60984549      6.55369908      8.13230538      7.45293927      8.49763179      4.11452683      7.12413795      4.16455398      2.52125302      4.28687857      1.70006862      4.92337125      2.35517148      9.66204923      3.18456801      8.70471167      5.33677146      2.15233808      3.11724771      4.09449361      4.57450219      3.50528219      5.13680368      1.44021790      9.18874822      5.87218153      6.90419079      8.51584645      2.33843069      6.56405500      8.35410176      3.69880158      8.82786597      1.49874878      7.14676953      7.33523867      8.58022930      5.46362825
     2.70404483      4.34612675      1.95851801      5.01819800      5.44330206      9.80437806      7.22370123      2.01527872      9.19400759      3.20991904      4.15724175      8.23551229      4.05309035      0.89889045      9.23664587      2.38364186      0.32314754      4.72712895      3.33120706      1.47183384      7.65655695      0.42357786      3.60471296      8.84921027      6.68689734      9.22885112      0.14543206      3.01071664      3.48694301      1.31767861      5.79841657      6.24322355      5.53326865      8.75235055      3.16232302      8.27815307      8.56810295      1.06201889      1.77321939      5.10935129      9.29944430      8.20749415      2.05813759      9.08863590      3.65668741      7.41904693      1.20340049      2.91805291      1.34776658      7.62259571      0.97476347      2.84686012      5.69275037      0.00156177      7.19236756      1.10200137      0.80281976      8.04308868      1.45674539      8.65610480      1.19450009      5.96447319      8.81472580      7.98957939      3.02948486      7.34044131      9.20414989      1.74952400      0.25828666      9.98318699      2.78263321      3.95925957      6.51833711      0.18261041      7.90062958      1.11398459      8.26638845      6.52016892      3.48219184      5.03968362      7.78507218      3.86284384      4.72218426      9.10078857      6.28535010      3.81790059      8.45763474      6.12146013      1.38632326      7.93388788      5.34633871      5.62552665      0.37856412      9.27835249      6.14931802      6.38793849      0.22427289      6.59941114      7.16715050      6.25985849
     5.56320653      5.42063240      2.66265433      2.53474893      8.17943875      3.25491675      3.90313754      2.59403913      4.64686008      0.46894391      4.68787968      4.29843348      4.43070843      3.65495543      2.05477121      9.15592306      9.48179322      4.21232692      2.87673892      7.67367453      1.57677791      2.42636248      9.50727989      7.12615566      2.53839320      9.95116029      3.88105608      6.53572611      8.03806055      4.19922188      5.85061406      8.88472047      1.85208038      6.78607111      9.95018365      4.30950901      1.55485833      9.36999195      3.78471512      5.48032532      6.18318125      2.38832130      0.58030552      4.80211945      8.13351901      6.20521538      2.25927893      2.27287284      9.09612326      1.78561637      9.44331802      3.23518181      2.10936842      5.17820026      7.41563416      1.04543826      6.94229337      5.50991813      3.67866404      6.17710821      3.93698277      6.67365442      1.22687475      2.79425642      5.53048744      7.17196365      4.57383313      9.23128966      0.78795725      9.08598253      5.85365513      5.78525324      5.47469626      2.27584462      3.62306503      1.08464545      8.63884750      4.74748415      7.95915474      2.15167413      2.68332684      9.97964993      4.70623856      1.66980718      6.87986171      5.74803361      2.12890795      5.39287249      7.13211298      4.30047116      9.31060628      5.64692194      4.21376541      5.52769514      3.79768499      4.23501019      5.78508313      8.39209687      8.79534553      5.66123089
     9.50233452      3.75301090      6.01242905      3.94584953      2.76420351      9.37003933      4.35285318      2.69112595      2.56042368      1.74070011      5.58889852      8.58274999      6.28361899      2.01051492      7.23700374      6.39818468      2.70683611      1.03839571      4.74654213      0.54286864      9.85683753      3.88176683      9.14209615      6.03141516      4.00955276      6.64261423      9.39148357      6.91650086      5.81794219      0.74677218      9.86398499      2.93281772      7.73773853      0.51647244      3.94331320      9.93377050      8.68973886      2.26029145      0.21073364      1.19093466      6.76576117      0.71863501      4.91660915      0.88897558      2.06958815      0.67235464      5.10385572      2.15436399      5.48063526      3.96691551      4.37443514      7.67281406      3.19725053      7.11902112      0.46739121      5.89554893      3.33055272      4.04544084      8.75096960      0.46351248      7.46045552      6.38605543      8.66492692      0.02818965      7.03819187      6.67855934      9.47054771      5.25911434      6.88194122      3.34603210      0.52121777      4.85150399      1.21728131      5.53622698      9.10275658      1.61700397      7.72594884      5.08527641      6.84096680      8.87523587      4.36375788      3.76647637      0.60503735      1.41023436      6.31400039      6.04039926      7.89878823      2.55934628      0.05028140      3.28985868      9.26168076      7.41654573      3.42264741      1.91781699      2.74152915      0.16050345      2.97979039      5.31405783      9.16481268      2.88494577
     4.52848487      0.07395889      5.21525187      4.39082956      6.30834591      8.92364587      2.68954632      1.43434568      9.86566299      3.90830990      3.72294658      1.78428291      3.85609794      1.39639891      2.78769590      0.04076106      0.79361220      4.82902249      8.31688416      8.78051224      6.51485830      7.08695487      6.08310763      4.26561802      7.37870462      3.90300027      9.27466083      9.04872164      0.05732870      1.84495315      0.74052307      2.67903386      7.52568454      1.25920218      0.30743249      9.34651939      2.41895629      0.64578110      5.95670692      0.18057045      4.15337118      2.47031702      0.55053183      9.13159963      7.11040814      3.61061249      8.02832068      4.30752138      4.78957985      7.74292325      0.77169095      6.73883002      6.71317429      2.63950578      4.92890074      6.84088116      3.07581589      2.37582989      8.26405386      3.10584615      7.55772153      2.85881317      8.20619605      5.91824550      4.74459533      7.71471755      8.73024199      8.14066565      2.92182963      4.70504401      4.01730378      0.10613951      1.21539668      5.56544650      5.19086750      9.88394971      3.81525625      1.37700123      9.61104631      8.55856697      5.14936718      0.87736189      9.30006998      7.57541704      2.35635371      9.65487057      7.97247496      9.74565293      0.09461765      5.81030508      9.94873527      9.35537052      0.59862945      6.24396922      0.49850804      4.55932848      4.61844255      6.27902678      8.48527122      6.45986414
     7.08049242      6.00057183      7.80458855      3.80852596      2.50958494      2.05344959      5.31295431      8.07892103      1.74047122      2.35784657      7.64179394      8.70660447      7.28495606      4.28249158      5.08566699      8.67775285      7.68071539      8.35410663      3.87666093      9.53168965      5.45790559      8.26144760      0.40921947      7.98347869      2.10057028      9.51903372      1.91419061      8.58546653      1.70623231      0.19322784      8.46815807      4.20952092      1.58225719      6.47113833      5.24349894      9.31666968      8.98904943      7.21513782      1.69352518      8.62274728      5.22200608      1.66175520      8.74626060      3.79161819      9.57385287      4.20447230      4.74443734      5.86573309      2.98358105      9.11336313      6.57056134      9.47130760      4.27611115      0.39741026      9.24056534      4.13978050      4.23974026      1.41756168      4.72769772      7.03349998      9.30573162      2.57125639      7.91234917      0.81340549      3.10028621      7.31203994      3.56449244      6.76021201      4.27491614      4.65467905      8.64168846      9.30053164      8.26329112      2.80057410      5.85707344      4.58601277      5.59660051      8.27599365      3.38476034      5.51981593      9.31039892      9.77766514      8.66540846      9.31603861      1.10932355      6.59714174      6.80920061      7.51906292      2.20960797      4.03661752      4.66598466      4.74250942      9.20336459      6.42702807      3.18188404      2.94341408      4.15277221      3.06982014      3.63333901      6.22928213
     7.67816234      5.16750404      7.83575157      7.40293915      6.15438332      6.48168914      8.33910662      2.33896926      1.76754188      0.97221111      2.81602405      4.94471075      2.96813959      0.79341687      8.48559330      8.50005915      5.64423147      6.50961853      8.85595419      6.51346383      1.05989172      5.08015948      6.34943744      9.66575367      3.59606669      2.44205285      1.66601567      1.27812872      2.66264669      5.20026506      6.88882322      2.70652142      0.19203110      3.41944663      0.89965719      6.76672437      9.23422935      9.79551486      9.88678436      1.73760118      3.49300964      8.80463559      4.48563406      1.85493988      5.50495844      3.03534238      5.94917741      9.93739278      8.37457494      6.01715431      4.26728140      4.53902625      5.40240401      7.76643535      8.03601108      9.27619612      3.47193174      8.89685830      3.87032136      7.05648565      4.41274565      2.39679004      6.59543547      4.89188181      0.74364254      2.11793462      9.98176244      4.86363875      6.34296809      5.29832016      6.36010421      8.57979730      1.96804343      6.56907875      5.23823069      0.22434162      6.56741717      5.84122431      7.23018473      5.90709720      8.06209900      5.09998344      1.22044482      4.09735791      2.69418016      5.14326097      1.68224146      4.95247192      9.71012829      3.17692987      8.72751337      7.96443366      2.03352045      2.02254675      1.43983166      2.05592681      5.81033756      8.59333230      8.71530542      9.64973867
     9.10487665      9.85822020      3.93135036      0.59455443      4.47238123      1.72563394      4.00536091      8.06234263      4.08120636      6.86266724      6.19547129      7.73853273      3.29613835      7.17078406      2.72386595      6.89055453      7.79207894      4.24403302      7.65881046      9.88473721      7.32939001      6.14902185      4.14186161      8.17719827      4.07031071      6.24177462      1.43332220      8.72539405      0.75958638      9.63676020      1.24958506      1.13653518      3.34335533      8.82871551      8.97526352      3.59264476      4.66415457      7.22836378      5.43319840      5.29457131      5.98930297      5.70280075      7.84067513      4.25764741      7.16256254      7.92190611      0.04844893      2.01500885      7.41946831      2.59488919      0.73091551      6.56629660      2.65994954      5.54193386      6.08555411      7.39314341      1.19046365      8.92506322      9.77649834      6.54264462      0.49311801      4.99288361      8.54695592      6.44653634      0.88492366      3.64500505      8.72311588      7.31394370      7.60753681      1.03643702      7.22296149      9.83361345      5.12159208      4.70648510      9.31907102      8.52609545      2.11215532      7.91556521      5.03809434      9.22744984      9.68560869      3.85840712      0.79281675      4.08840440      3.90163807      0.90972578      1.84912525      6.14239739      6.98915257      3.86737455      4.75013993      8.92663425      1.43363880      5.72058424      6.23312972      2.68404472      5.74431216      3.38972280      3.50447000      5.74804433
     3.74870179      5.86892485      6.67370874      2.81284727      8.59706689      5.24378345      1.41643037      7.85703551      2.70045502      0.83099907      8.66641575      4.11897418      5.64390437      4.78852479      2.38405173      9.13893777      6.63892796      0.59237719      1.36352020      5.35503538      9.66766518      0.83018755      2.60009826      2.52426386      3.21871664      6.21745478      3.24335156      2.57870411      5.53044486      1.80739223      0.28111145      8.33133016      0.30401165      6.35779672      3.07536220      1.59740661      2.03940454      5.99310594      1.01290471      5.32877188      3.08812834      4.78922272      3.31662310      8.54266236      4.79175705      7.37107654      9.81735270      3.14417922      4.60332029      6.64197751      4.60630932      2.29525549      6.97361794      0.60787385      3.51832469      9.93666629      8.22169014      5.69914911      0.96726312      4.67751475      8.22525654      8.85034957      6.11312895      4.66176635      1.22399476      3.35998360      4.98627265      4.13779322      1.37767703      4.67908355      2.94469400      8.42934794      9.21425006      8.07864331      0.94239438      0.49931926      8.29933104      5.60580595      5.30552415      2.01379474      8.27036821      9.02931592      0.44376546      5.08823572      1.27351409      8.34261099      4.27140566      4.82031313      8.93027819      3.11544575      2.74225829      6.24939714      7.73015812      9.91394555      4.54442800      8.79607762      8.72271402      1.35019313      6.54701717      4.17277047
     9.59535473      7.74808144      8.42495425      2.03377347      5.36688703      8.87654432      6.24436373      9.87670190      1.84035554      8.40124461      1.25855542      6.19616726      0.10680803      0.14473281      2.84735128      7.30625586      0.59597262      1.87708319      6.35296071      5.42267050      1.25663437      5.53046802      2.24989707      3.31108165      8.56143867      4.99486403      8.66218422      1.43616784      9.59897933      7.79222947      4.72988763      2.59575202      6.78520553      5.99108452      5.94759549      1.69476750      7.71167010      8.22626738      6.76535175      9.04908605      6.53081986      7.34199364      0.59016270      3.50023584      9.85754295      2.24965150      6.69449274      1.47656253      6.65411296      0.73819329      5.00231513      5.32162851      5.31467784      1.50909529      9.43062102      6.98092757      3.70750052      3.70615311      0.87762175      2.36065492      6.95180684      4.71983568      9.65515769      5.77585943      5.95804932      1.65103117      5.84017603      8.03336136      3.14759420      2.98315474      6.19742388      1.39107846      4.77452555      4.86324814      2.11837367      1.38765414      4.28795867      1.11528941      8.17420234      2.97449428      8.11062283      0.60427483      7.96075229      5.77077278      5.41903688      6.96212907      6.44963205      7.35554293      0.10695771      1.09206134      3.12445264      4.59853486      6.36656889      8.23980451      0.36162966      5.94008008      4.87346161      0.10817271      9.69395017      9.98771442
     5.17653639      5.44625639      3.13209872      4.57083668      2.60771279      4.43798600      6.01583072      3.90154742      7.76006104      3.34095768      8.11542775      1.43088914      1.37248882      0.16879235      6.87779713      6.95876875      4.56365267      9.12099759      1.34277590      5.11609960      9.10227932      2.94459033      6.43320724      5.98850507      8.55941188      6.20870827      5.45136728      1.14913837      2.54935735      7.13959751      6.66842375      2.04570383      0.50748673      7.89989454      8.79621440      3.15912958      6.88319260      4.73019028      1.81550273      5.81392975      5.60260137      3.11708594      6.97670109      4.59280914      6.66436403      7.06739326      4.30265439      8.29686967      7.04444290      8.25301976      2.35736637      9.21270608      5.31568593      2.62907773      7.25879548      2.08583650      9.61053797      9.41288352      2.05529796      5.00797880      7.45098050      0.56019256      3.49182825      4.14864465      7.97336288      4.77689608      2.39061376      2.49465916      9.65518310      4.48853819      2.64144279      2.02849141      3.28303271      6.51864740      5.25515263      9.34417058      1.09947007      9.73754948      7.87105571      6.98789604      5.18146109      9.32084791      1.81718315      8.82770230      8.68039920      9.04662606      3.15333816      2.40233652      2.82940960      0.44204951      7.84681136      6.24969646      9.15122161      3.95038176      5.83858269      5.63221494      6.65414602      1.32308204      1.32295992      6.85442447
     5.63289550      8.19047131      5.25290904      2.71865718      3.72153201      0.72441522      4.48865210      5.58014170      1.87864518      6.28004783      9.13118251      9.96641622      2.11781590      1.34073190      1.55481963      9.13290530      4.14644559      0.57841595      2.24124452      3.13391707      6.85905535      7.12740945      6.68990420      6.80516163      7.33438243      1.46322427      6.63290355      1.01807404      9.77047881      2.30942140      2.70412495      5.12747011      8.04596680      8.95103475      7.44527166      0.76942763      9.59557050      4.94771320      3.12460417      6.76427678      6.74906037      6.54865553      3.74493261      8.48313801      6.95531611      9.50889309      4.86702464      9.94191398      6.53260095      0.54409896      8.06539445      1.89170390      6.50518462      9.98685574      8.56095459      3.56429210      1.09628635      4.85159159      0.28384714      6.23148713      8.40258575      6.14063403      8.33377026      0.68560131      7.14584003      7.50552020      6.87891485      9.58163542      7.58677583      1.64237335      6.04368415      2.18403273      9.21619380      3.80062565      8.18800091      8.53699195      9.77998846      2.06530006      3.98910425      7.51472311      6.80831148      8.66451339      5.53127988      5.76275326      3.97935085      9.12131049      2.69896277      8.55138146      7.84698910      3.63551437      0.18668448      0.32631407      2.23001337      2.43073238      4.59047819      1.25759682      3.95169288      1.61761333      6.30085115      2.71601431
     3.81984178      2.86371349      5.36395281      8.79612836      7.92887444      4.43926968      6.17617463      9.31297666      9.28834802      9.58071559      3.50639997      0.50039547      8.90346885      8.09386728      0.00130956      8.75074266      7.91565175      3.67164804      1.31336298      5.84550651      9.27752240      6.29777712      5.96453955      6.80715983      2.70196393      1.08997278      9.11518627      3.92742281      4.50259863      8.29825207      1.86215010      3.77762133      5.36849788      3.30886686      8.46862325      7.06125534      9.39130021      5.44674630      6.14252468      3.88224183      1.53427038      6.87356865      2.18641965      3.09685285      0.80210169      7.38847116      5.78136968      5.23813669      1.03923797      5.50291944      6.52569181      4.22323750      2.70508565      4.92592428      7.30987633      3.57841125      8.35577613      1.52479815      6.93043838      5.63243822      3.99268562      4.55878536      2.71684128      9.76242192      0.94765187      4.39903733      3.18391972      9.71232636      1.84282746      6.49854891      1.13704696      9.17315702      6.51547612      5.27985034      0.65864679      5.62059869      7.30333402      0.74838421      0.95357551      5.18701274      1.21699429      4.84476525      7.22302717      7.40807036      4.15944184      3.59710595      0.55120706      5.32491546      3.12248609      0.41962507      0.48360751      5.88222246      3.03425360      0.91214956      9.18798999      1.40440695      4.47602584      4.53561843      8.84786481      6.39107526
     3.47903927      9.39777738      5.87917786      7.18046896      6.41033967      1.33302932      9.67555873      3.31136933      0.96967388      0.34616841      6.40630327      5.63263398      3.96944007      2.34066602      0.61399359      8.30094772      3.48791278      7.79969721      1.82651736      4.20153039      5.56950158      4.24449814      7.92991421      6.37113900      9.03495233      6.99742083      1.31050885      7.38215124      2.67448353      1.81033834      7.22409570      6.07286856      5.22392011      1.82059860      6.11316758      9.68061853      9.48164693      0.93703270      4.54772800      3.97346679      0.39961931      7.02226915      6.37845144      4.20398715      6.52218816      1.39715626      5.65221642      3.38175681      6.82280510      8.99027975      1.42640592      6.12057236      0.15845219      2.91618464      0.38999334      2.23888047      3.41684677      7.55564103      3.12667203      5.92065037      6.28756026      5.34965862      4.84599794      7.06215124      5.64766301      1.26076601      9.90634339      1.03002841      2.86390902      5.43797686      0.29946892      0.73240968      5.56611322      0.61802343      2.70200286      5.48398337      2.95927408      6.27447014      6.61353438      7.92779212      2.13428074      0.07471210      8.28601394      1.45647319      9.27910837      7.18498317      8.00586635      4.76090492      9.94471045      1.20834264      6.82859940      9.14460256      9.64000251      8.09909706      6.38954605      9.95122292      7.25549455      9.72349526      5.64949404      6.68719144
     3.89707031      3.66774993      1.68368182      2.40388883      9.54701289      9.68024309      9.94667310      0.38843326      6.87067780      2.44868415      9.95479159      7.35182439      4.83189342      8.83917619      6.38204674      7.89821665      6.54885862      8.36540441      7.25414071      0.34090152      7.05591006      1.65902009      1.79334262      0.34634132      5.21762395      0.95715567      4.82367133      0.14852240      9.17021479      0.45462773      5.14837984      9.87182706      0.14677206      0.67391981      3.98982862      6.60361505      1.08064185      2.15825454      7.86109758      4.54445235      4.17745519      8.46387684      7.22056554      0.36112131      3.23958879      4.81682987      9.54728051      4.73720558      4.39220440      6.50497622      0.19450595      0.70386120      7.73657098      8.52315417      6.42150006      7.56558302      0.18502611      2.68378714      4.79418766      7.40504835      5.60142642      5.28211968      4.65503158      3.49947386      2.46449104      7.90902132      6.26634085      6.08445333      0.26851337      4.85620516      3.15208237      7.50287050      8.71558302      7.24630719      4.81405184      8.56644976      3.50485267      9.78835745      3.10192876      4.50350275      6.81637342      4.79109068      9.81023978      1.98827713      9.02156032      9.06594530      3.94693339      3.50792999      3.50715926      9.90801550      9.15479615      7.11643380      8.68896993      4.21268459      0.31255970      5.78857265      8.27499321      0.56111956      8.25363036      2.52551697
     8.19920362      1.74382815      4.85151821      5.78831458      4.69810257      7.06313667      5.38953450      4.99982935      9.90350225      2.51162178      4.22210446      1.10353390      4.75969723      8.41918361      9.98472146      2.40830317      4.58252243      2.43145015      4.59059086      7.97019629      1.86507062      1.13397974      2.10668056      1.79593963      3.93963937      8.01185540      9.56758505      9.22303398      3.48102173      0.85162647      3.22866466      6.26158321      5.62710186      7.45433790      8.54882364      8.38109432      8.38545334      7.63330430      5.24059326      6.11374238      1.63443212      1.29703242      9.38065521      1.34383594      3.54292888      5.69824379      8.40796865      1.11689489      6.04333827      5.90792628      8.80461058      0.06262606      5.38482969      2.27186698      9.34407775      3.71017729      9.81915459      1.56168621      1.20307901      4.18958173      0.60445420      7.87754411      0.34950732      8.66122434      0.22566981      8.12666091      5.57170540      3.60380470      6.40562940      2.78743190      2.84190056      2.55373614      9.57083904      5.62856649      5.90112766      9.21004397      7.57746982      5.89215204      5.12265351      4.16980107      1.15823768      2.36208049      3.84057844      2.31223515      2.10718582      6.10547136      2.04091785      7.65108096      6.86597399      1.78752301      0.04969396      1.40997292      7.23101929      5.55639348      7.25222154      3.31542840      6.04503299      7.93065596      7.88514714      0.17960978
     8.61644280      0.17173945      2.93152396      4.32222293      2.77453928      2.71319143      2.91326768      8.71010287      4.02308148      9.94933217      6.14849412      0.88311202      2.67330653      7.71117911      1.13737423      6.80707065      8.50112929      8.27980442      3.01050009      6.74515185      7.97653825      3.76654294      3.02058238      2.72046223      2.18553721      5.73878258      4.62299721      4.27614637      0.63671493      8.28125862      0.42449421      2.99651645      5.56764664      5.87163318      3.44737197      6.25539103      2.98944484      7.75320315      7.43386420      4.94347981      8.69697320      1.67176903      2.28948078      3.57045279      8.99103952      8.05202528      9.69090094      7.40714324      5.89461436      3.59074682      1.32933048      4.95186391      5.28391615      3.51221899      3.89471148      7.75681849      3.55176877      7.23729042      1.27667679      1.64681949      3.85580323      4.80074319      7.48232810      2.78623396      5.17287148      3.33380034      1.04455483      0.01814340      2.16874496      3.10629899      9.57683686      3.55651492      4.03242576      1.23053799      7.15384084      9.30234608      9.20241690      3.21349313      1.26303048      3.65844614      3.53636095      9.74789603      2.36247813      6.00354451      7.66374436      9.71611872      3.05735959      6.27266363      9.58993188      9.35063891      3.50681309      9.54478053      0.34689507      4.89518640      4.34358003      1.20766253      3.44888636      8.01892845      8.66064229      8.90661349
     7.30318730      7.12979465      0.88387395      8.00287108      8.40114224      4.69593466      8.87597017      8.45038923      3.95237923      2.05375378      6.81241842      0.40213350      7.99718664      9.67931304      3.08129417      0.24913975      3.50998940      5.02103852      1.26528833      5.81888425      6.33785117      7.67716409      4.41297324      1.30172496      5.11412150      5.72978374      3.94234177      7.42650117      0.63238866      5.47405132      6.87699692      5.04599934      8.40467360      9.19991244      4.58421182      1.42703673      6.98160816      6.82715183      4.27663436      7.52293222      3.39442676      8.83064465      0.55394690      0.78360984      9.28358675      3.63011730      7.03754319      6.51659781      3.89316200      7.48205556      9.09171002      4.56221297      0.33337971      2.06270920      8.88799074      5.03158687      7.02147503      1.13386194      7.42440205      9.95210890      1.52765228      6.56987910      1.12978114      4.79624717      6.81248157      6.10285168      0.93188115      6.61164655      2.14477129      7.77739189      8.25115485      1.83619125      7.21541771      4.24824640      7.58774843      5.52255448      5.87125441      2.46408150      8.07631105      6.55786940      6.63029140      6.08273607      0.53469876      4.13901312      9.08757475      5.61742276      0.05810497      6.57952346      2.85238488      6.98186021      7.94479028      8.42455318      5.97846535      7.88678444      3.50570164      1.13210358      2.71592411      2.22661234      3.03061049      9.40238465
     2.67680105      8.79899969      6.00187907      8.67981265      5.51283674      3.19843990      2.28996354      9.88705516      5.68329924      3.04832415      9.63616074      5.78560635      2.44680397      1.67977632      3.76809787      7.96256828      0.97105066      3.90070803      9.40058704      1.06578443      6.21690991      2.36286733      4.49559203      6.23894867      5.09607904      8.35031202      3.29240775      5.79732271      2.48047423      0.62950624      6.84048441      6.64201619      8.14957357      8.67023293      0.56616123      7.57903864      8.72463704      1.12392620      1.55307700      1.97269448      2.22158462      6.58917248      7.34406711      5.06028992      9.30500643      0.55618691      9.02093746      2.98783349      3.58221564      1.71065918      0.37810670      6.50498738      8.36493198      2.96714078      0.44593425      8.45620063      3.47066521      6.83351520      3.30018946      7.73088358      0.14477097      1.39587423      3.57159676      9.08061444      3.02023369      8.19045115      8.81104872      9.92234731      7.15934652      1.73774649      2.57678324      0.35575278      2.33102221      9.85953340      0.08572317      2.98714559      9.11015398      0.82389504      1.85104640      2.49821631      4.57242742      1.49416708      6.02587266      3.35565558      5.55461884      3.57689315      6.72843348      1.35053298      6.01507395      4.24346947      1.46102834      9.90817485      6.12066845      8.82492271      1.79958050      2.26660473      7.66038316      1.16120106      8.80231221      8.14611413
     1.53103227      5.96610037      2.21886593      3.49089591      3.65845193      6.67926352      2.48490780      1.61479793      2.15245318      7.20650110      0.90002341      3.49793147      7.72583089      3.64500387      1.13891726      0.57594055      4.91390727      0.08866169      6.09638334      2.45429902      1.75922068      5.50867237      0.37551867      2.79289591      7.59811831      0.94702439      8.59910068      6.24672830      6.56281156      5.34817391      0.72009633      5.72114799      7.92287335      8.07018356      4.70528367      3.33798533      8.83453330      8.00319545      9.40186783      6.05317381      1.89181243      4.05443005      3.78754955      1.09261304      4.14682983      7.43603035      2.50051979      3.63190174      1.19299640      0.46686934      8.45073400      1.29552494      1.77842770      9.28833796      0.38996392      9.32622901      4.39073481      2.58945284      8.98891556      7.62592077      2.26570649      9.05896960      7.55625770      5.92647884      4.92646825      3.37848545      9.82309231      5.41594441      4.33359292      7.33496024      3.74397948      8.13972487      8.71091532      4.87542307      3.06657941      3.73908449      2.36426884      7.71675662      6.31693417      9.74820343      8.99573297      8.00177218      3.08885547      3.86410810      0.93197309      6.69550801      4.62435644      3.70666415      1.10985800      7.45560128      4.13577890      0.08626132      3.57831831      5.01222814      2.44637143      8.62718174      9.51987526      6.81364626      5.58241436      8.08899710
     1.93597775      7.94762339      3.62374958      0.21425635      0.51741803      1.24577712      2.51918841      0.61752704      2.00615603      2.58040803      8.97289448      5.43314411      9.59349892      1.72744560      3.36515983      1.31063163      0.34208961      9.72551302      5.41655035      5.73925053      3.93635172      5.27910527      7.33432543      4.08446720      5.99175805      9.69743241      5.06014704      3.65477398      2.99479155      8.54939269      8.69990123      1.18586148      9.88454441      1.17872925      3.45818345      1.74166686      3.55315601      2.62668027      7.92219764      8.22899940      6.91655196      4.80418540      0.27565369      5.47522238      7.63212672      5.20936214      0.53402075      6.33089107      9.46038626      3.01697308      3.94740032      2.13466478      8.87341661      9.94440774      9.75723289      0.51367797      1.70165003      2.78272418      8.63098924      8.29628022      3.97911475      4.39540737      4.47082121      0.18001173      6.36963656      5.66312930      4.63557779      2.17316570      1.08200166      0.46805955      8.47380295      9.06435313      3.52733830      8.30248297      7.72016326      5.37037313      6.67076280      2.79882417      8.26838308      8.97125434      9.80851581      8.19077543      7.65043349      6.27464355      7.50489333      4.98990232      3.25338524      5.58363881      5.05634912      5.44402308      9.47795714      6.99259566      6.19342886      5.42229900      8.68169908      7.21571066      7.12704324      3.46948721      8.65231002      2.89570608
     8.76087621      6.48918275      7.12198951      8.42189243      3.44159719      4.50257399      3.20768071      6.73061625      1.90854500      2.16001654      7.81636125      4.69543512      7.20239863      5.39578098      1.46130804      5.44372456      6.36908854      7.20154739      0.49383480      4.92003317      8.30150648      0.92016040      0.05313489      7.26197104      5.92092577      0.56035922      8.54413095      5.57115579      7.60056932      9.37955601      0.52972676      2.95207245      9.65494297      2.32638697      9.96845995      5.20628448      6.71324189      7.32496982      9.68340098      5.57175986      2.79352157      3.93306408      0.51245792      9.75430719      5.06368510      2.13812436      6.11831057      0.69474229      9.96749592      5.25761551      3.82390085      3.64080767      8.35069088      4.57511745      1.25664226      5.93832488      7.88874048      6.52357550      3.66267870      2.24071983      0.91031962      7.38758332      0.84939831      0.88792523      8.22977977      6.86460132      9.53890087      2.11044536      6.99926451      9.02788435      2.26320333      9.66758374      2.25444688      4.38920221      7.50075770      5.47501211      2.25715700      6.75437769      5.99543218      6.16471420      1.23981685      7.17285257      9.84698408      6.00997106      3.88281280      9.51160322      1.51227673      5.93090519      0.79305356      2.14628896      3.94333228      4.70865858      0.71533705      7.36762688      4.48528752      0.74057880      1.06625005      6.26588217      5.36830186      9.52757297
     8.43957373      8.23671447      8.16815065      5.68777928      0.02833025      2.65632593      4.34337418      4.77652808      4.12986006      6.57362585      9.89166244      5.19089195      1.23496745      9.71678410      4.80409860      4.93123682      0.35956842      2.66234993      0.43697267      5.24498111      9.10731139      1.90800605      1.67253683      7.02133518      0.60163565      3.79189859      5.39746386      8.49425565      5.13828315      3.30449921      4.88827611      8.09275971      7.07233766      0.21749832      5.45906824      0.82824412      2.59285377      9.34725739      5.82345793      0.88363829      6.99404993      5.90398996      2.75189007      4.94246394      2.97961599      1.97620076      6.58648567      6.49881774      1.75265941      5.68980854      3.49978781      1.25855033      3.84230628      4.36800456      8.85245678      7.82392359      8.32577393      7.90871942      7.68814828      5.03286751      8.48385703      8.74425611      9.90748607      0.14833852      3.03980365      0.65660457      9.71150495      4.57109352      6.96783850      2.79255622      6.03312864      9.36929453      4.51033101      1.15068697      1.49150089      1.77190275      0.64052520      6.24169234      6.91979757      8.78542070      0.12956365      4.21384716      0.37033110      9.65966424      3.95107399      6.81763801      5.64963617      5.71567802      0.36112468      7.73241360      9.01286659      9.86729638      4.70902911      5.65771630      2.55114586      5.39673693      2.55060919      6.00474580      4.22362037      4.51304925
     4.75905367      6.06984218      7.96676094      0.07103801      5.05844768      6.17409850      1.21964308      4.28489407      1.97175231      9.44168535      3.92468364      4.41223913      1.50223849      0.30383034      6.51162061      3.17759556      6.97120622      6.58792857      1.11816252      0.21358907      9.81101888      8.45747098      4.65210495      1.02996394      0.93511152      3.69457779      0.23317429      8.87874372      3.30116123      7.74098363      1.11958981      0.69112355      4.24034762      5.18620066      8.33913259      7.84316114      6.11833357      2.98675610      5.51133503      7.70862549      8.84112928      0.13061972      4.46387065      5.48564983      0.48312250      1.58978576      0.64401446      9.34409366      2.75576591      7.64365788      7.41055493      0.44087013      1.59102625      0.88179387      1.82895908      8.78779558      7.50182075      3.78960204      3.50600102      2.75266711      5.79190236      4.70888651      7.54637066      1.41153347      0.71409646      6.19388286      3.35425124      9.23474849      3.52415458      4.39223525      1.17884789      7.79606375      4.18719780      1.69410924      0.18431231      0.08674559      2.42587229      7.53339886      2.58482314      5.90106129      2.33506069      2.76327147      2.62330010      7.71264043      5.65234749      2.85364162      1.59182923      2.75209256      2.79858853      6.35011844      7.03670378      3.94388715      1.91472255      9.22909893      3.00525187      7.46586662      6.33024998      5.52055948      9.39774822      6.55394136
     9.04858092      6.21533312      2.28825311      2.93747562      0.26270307      0.07053564      4.81954795      7.06965043      0.75866352      1.30035157      7.75666288      0.37574341      4.04801381      7.57153175      5.08283607      4.65413076      1.27907677      8.93529771      3.44912502      5.59810142      8.33480433      9.45174085      3.76516552      2.18730488      3.27056380      3.05777239      0.41428384      3.32863468      6.50251995      2.56928728      1.89151513      6.71964244      8.72537272      7.49651373      0.56207025      8.40687444      5.60306981      6.80725670      5.90055435      1.30558077      0.28312374      3.54184562      2.91414988      0.37981097      9.27312603      8.91342861      2.84092585      2.34534537      7.92084568      8.80398161      4.63369891      1.33501496      5.31831328      3.14087493      8.94033433      8.58760877      0.08230080      0.07263823      0.65315163      1.48163176      1.88378650      9.33425953      2.33343960      3.78891035      9.36284720      4.33447612      4.99028083      0.34260887      5.09321600      8.03708492      1.45796645      8.03425541      8.52842816      3.01261631      5.03451345      3.18937942      8.20017935      2.75011941      7.82284071      2.02895439      6.51318539      9.76313139      3.05345631      9.14874513      0.10996893      9.62259829      2.00693602      8.92544121      9.86121533      4.95060193      7.72786968      1.90721662      3.38836969      8.78986939      4.57238827      4.14209860      1.24799327      6.11680789      9.82835906      4.39192549
     6.38329869      6.83334647      4.55521113      9.10872512      8.48442112      4.99793776      6.92128533      7.96433647      5.21054045      4.16233268      0.44590805      9.09571347      0.68033416      8.44808128      4.99777910      2.91815126      5.46149032      0.49764687      0.31173040      4.79577811      4.33152803      3.27435949      7.18025285      5.05334950      2.59876331      1.43452411      5.56482539      2.18448321      9.18938215      1.31704157      9.77406166      3.64580410      2.76872069      3.14129506      9.98500910      1.21769772      5.87331962      0.86800134      3.75775167      1.45685480      7.52937995      5.71674357      5.26509133      8.81578858      7.25789042      8.51911955      1.91354943      5.12488682      2.15718653      0.25330598      5.30801886      3.16951779      4.89509166      4.39334014      6.55810785      4.08957182      4.77022166      4.04337759      1.91779121      1.55928095      1.73626889      4.29102392      0.99614322      7.05295985      0.94380353      7.13262284      4.82467640      7.74426506      5.09420161      8.44532777      2.01052147      8.96562449      0.06385038      5.69169790      9.71351022      9.80686686      6.26284459      2.63679985      0.93376220      8.29896233      5.81860284      5.07130213      2.80533048      5.04822843      6.02697123      3.54226501      8.73145279      1.92718473      6.45333810      5.54380304      5.29428491      1.31752501      8.07737860      8.91906350      0.18326707      0.73380303      6.27948032      2.16230498      1.72396163      4.64133144
     9.93591369      2.74154703      5.92029076      8.07813274      2.35394211      3.36015746      7.13109022      9.05645205      1.48564187      2.38308614      7.05333534      0.50883738      9.18214198      4.11130987      6.78400547      4.90549359      6.33269234      4.86497943      4.68737819      8.22042666      6.40712663      9.36606210      8.85571801      4.26340845      8.83833601      5.93047125      9.34469491      2.13925731      6.76697976      0.98605419      4.11977377      6.72171835      2.86459479      0.30854534      3.89609526      7.24174085      6.45812807      3.18334479      8.85606349      4.05855653      5.58046248      2.04515208      3.94587000      1.83022302      7.09728832      6.34861725      4.00134644      3.27567403      3.90728738      0.91822838      3.92533540      5.64833700      8.83678890      7.61917218      2.51436562      3.17121013      3.03609992      3.03482817      3.78517054      5.14800388      8.54636744      8.63374035      6.94300575      5.77393754      1.82987415      5.06483872      0.19577756      2.26728125      9.44098508      5.11892469      4.72280991      2.00829175      9.68426060      8.60475100      8.89276679      7.62782526      4.85452445      0.44337242      1.14505079      0.02522468      8.06150338      8.43657852      3.28775137      9.23633786      5.07465535      2.08501387      2.09674470      8.53342521      8.78558337      7.18719395      5.65161165      1.81403190      8.60825182      3.67327083      6.00978758      6.12637802      7.88018309      5.87366947      7.02072198      2.58650341
     9.29554157      4.32868889      6.50677532      5.49388270      9.57624267      6.13283838      8.10964698      9.42806552      0.60450145      5.77499948      3.31180437      2.11184151      8.40645675      8.01390493      1.48591614      8.50363810      7.58420295      2.41317277      3.71902707      7.37668797      6.19429894      4.05997596      5.23727921      2.67384004      0.00450562      2.14144108      5.89484151      2.29356370      1.82936112      8.12801749      8.30613203      6.68196366      5.75153277      2.69251672      8.95581469      7.89247937      9.45264613      2.06060439      7.75123720      0.23256829      7.47903795      0.52573091      5.71257406      6.49151005      9.51692346      9.20911182      6.67266145      0.68143176      8.05407022      2.67846287      4.64783251      7.23135813      9.28955558      7.76527514      3.25814000      3.77206429      3.35519530      5.50439681      1.59107778      7.77593506      8.36864666      6.82839044      5.77102015      1.90891230      0.35632364      1.99036736      7.73195658      4.65395853      2.68680052      1.74801909      1.33954866      3.95708079      0.23060480      6.22372866      5.20435218      7.06358625      7.80306683      8.84564901      8.19396765      7.49864585      7.13526128      0.10749394      4.71357301      4.23669949      3.92076652      6.24076425      5.29794674      0.21522081      7.67477553      5.36598098      9.84379611      3.03066940      3.86438818      0.04499801      7.00936372      7.08346099      8.56686832      9.91343523      7.87884902      3.38159498
     0.98001813      0.18401158      3.27567448      1.84125182      7.66112288      9.91293811      5.97227728      7.67663537      2.50224489      0.20246848      7.95161839      9.26334725      6.71867742      0.43896577      2.03697526      5.24780848      9.23119299      8.55023337      4.90788449      0.80977394      7.63277634      7.39800590      0.95294267      9.23211931      1.59907849      8.90082429      6.23150869      3.85907756      5.73485667      0.65901949      8.31749249      2.72011550      1.48263378      9.62362938      4.65239748      4.46798179      0.35628498      8.70479436      7.45603475      8.43445218      0.02633677      4.47547164      9.92160244      1.12235785      8.67085439      5.02487823      2.74602501      7.81548159      6.25204080      9.92693132      7.51418449      2.16389025      9.91344264      8.30456139      9.30917255      2.14229439      7.65248822      9.73892435      3.93084455      0.00679353      9.35279633      5.43524771      0.12601202      2.16408899      0.08096193      6.05093377      0.76043177      1.26132947      9.42591683      0.87794016      5.93094684      8.88344252      7.96164183      1.18590729      9.52328727      4.38377375      3.23077009      3.81028636      8.60421453      1.20313496      0.31548741      3.96358002      9.88170275      5.78346097      0.34565423      6.20756208      1.08688482      2.86825549      5.25692584      7.32687209      6.43243030      8.01862979      4.81206813      2.92773508      9.41075707      9.85260169      8.74926066      9.64457652      6.20181012      9.89642878
     9.57381493      8.46760621      0.25219135      2.21207077      0.77129462      2.07710194      0.72188337      2.02065414      9.74009042      9.49347089      1.90546096      4.71119724      9.81299187      6.42958728      3.63823512      1.73940169      1.40934616      0.00008341      2.28281730      7.09522035      1.10956047      1.68605422      8.04262811      6.79209953      7.46741715      0.66388585      0.89146765      5.82164945      0.03601734      2.36460157      1.26613945      4.44144623      6.54024781      8.28465115      6.26526064      2.84332205      1.23050410      3.32336444      1.64093995      8.26191873      4.00614246      5.97097388      3.81937094      9.35058643      1.71964584      0.85343474      9.83741548      9.16304124      2.41586366      4.34779618      6.62527049      4.22436004      0.59169067      9.43414738      8.54903932      2.82421206      4.32350032      9.29497953      7.39349735      3.34920600      7.75045287      8.00263223      5.58283024      2.82489605      6.88966094      6.21704782      2.48100592      8.41515255      7.73775441      6.26877214      8.69206231      4.63488234      2.52799644      9.13201723      6.00283651      0.90060496      7.16065738      2.56017351      2.90613660      1.47087910      1.22757507      9.18294346      8.59914596      7.44576434      6.86963691      2.78864887      0.84206485      9.25784825      9.08730256      6.92838730      0.92778091      6.01953838      1.76035726      1.55192393      9.92483022      6.93187752      8.26095775      0.27057271      4.02519333      3.34256341
     0.26585657      1.85123237      2.86827387      6.30156355      6.36158128      5.26023505      3.07081670      6.68448605      2.68674624      9.33974663      9.99509575      4.09798328      9.96527671      3.42633514      2.90233977      3.86806533      8.27397453      3.51767539      9.91247672      9.73701461      9.21634228      2.98262077      6.43114064      6.53414631      8.99266759      0.20864996      3.31376363      1.80173476      7.16236272      0.40499372      6.75614544      5.40639283      1.67410915      2.10357969      2.19581150      0.39225115      6.30435926      6.58700812      4.57625243      6.78409575      4.64242783      9.27149483      4.02206598      7.80490107      2.92447259      7.09581555      6.35443501      7.68628275      7.98435513      7.03041763      3.96172292      1.16024592      5.97278155      5.95619911      8.66909659      5.13805577      6.80017269      4.72959420      7.38535095      6.27379778      0.39815177      4.54349596      5.11149583      2.71708048      1.95922567      0.38927777      2.98175811      7.30655184      3.99081812      5.80595077      9.56880056      0.10447779      6.29694436      0.94788163      2.75657078      4.08461554      0.01714126      5.72955396      5.58949357      4.16050760      9.87859420      4.54833029      9.38142323      9.68580720      2.00572100      3.35437393      6.91774392      1.98345816      6.96395580      3.69468844      9.61116388      8.28095050      9.10885777      2.13504183      9.54713530      9.20388036      2.78167517      0.31942789      3.77583471      5.87644556
     2.13518649      1.71864463      1.75087131      5.13911502      8.22641186      4.21030768      2.67816374      3.96193368      8.39984728      2.78250791      3.58454302      0.44925782      0.32638800      8.60636341      1.97413058      5.53788427      1.07617847      6.88963713      4.15370698      3.68597116      7.21634481      8.30444368      8.51268111      7.24248658      4.33758478      8.78950874      1.25758541      2.19771445      2.46516738      3.20351616      6.68058897      1.29682605      1.34089931      3.40091379      2.10092971      7.05773447      8.37069777      7.08770885      0.00183984      5.83536678      9.47188095      6.11054531      8.78586349      1.26114226      9.29950806      6.84641894      1.60510521      2.47727369      3.82360500      2.05946699      3.26359326      5.53085532      1.22991323      9.91033678      7.64862842      9.71038339      6.14417777      0.45519147      3.43661218      3.57701526      0.71697355      7.46626516      2.68257935      8.27448281      4.13608677      1.04729013      7.12189809      1.61204750      7.38273268      7.97511042      5.56259349      1.05417157      6.91748812      1.96452611      1.69768235      0.50961270      7.48470570      5.78987977      9.62595634      9.86635134      3.43146017      5.88751100      3.76620476      7.84945672      0.40768644      0.08154341      6.77656479      9.00471265      5.03838851      4.81402492      3.33013230      9.55224682      4.73234286      3.69899808      6.59695181      0.29088199      5.18799658      0.34662954      2.56250422      0.07448466
     6.80274430      3.88549427      1.10156940      8.18152760      7.91320393      1.21619023      3.94166836      8.80209502      2.79335991      4.53421190      8.98783693      1.60687731      3.82847917      4.64853338      3.83372916      0.29720769      7.98722871      2.72121605      8.51862851      8.77847424      5.85676483      8.48270725      5.68074873      1.81433833      0.13910555      2.88852775      8.12229981      8.85102223      8.32890989      7.99670877      1.65440468      8.50341861      3.45947112      7.68836662      2.21552104      5.50949006      6.58841564      2.01522842      1.78481380      7.31118811      0.30422226      4.65844608      5.18694805      1.95874495      4.11547548      8.93296957      4.72083962      4.52471462      3.47961774      6.18725809      6.08505980      1.48157790      6.05118596      0.45387609      5.77960552      5.94261267      8.55340584      2.49037629      6.54365900      1.02093148      4.55879708      0.56846476      5.45841685      8.78541983      6.38324873      1.54069497      7.38712426      2.90373196      1.14865256      8.79989591      5.83663932      7.00093801      9.41072392      3.98766054      5.85029383      9.48965821      4.12269458      7.40180667      4.97454915      6.76486100      3.90772884      8.89832073      9.64380745      6.13163229      8.01036123      9.80702631      8.35878860      7.12798362      8.59010180      5.89225205      8.72625527      9.33666768      0.37360800      4.17978858      8.51361902      8.93977236      1.58077918      1.58955087      9.67848947      2.48870499
     6.13862614      6.05149254      3.75640837      6.83327727      9.36437088      7.96352361      6.57115256      0.34407057      8.27123635      8.71171191      0.61569013      0.17618732      2.40502947      8.01875485      2.35429311      3.97538479      5.87065920      5.00012815      7.63586730      0.90817791      5.81603796      1.83226026      9.66997183      2.56869566      1.50512359      6.90407568      6.39281978      1.42087600      5.71520741      9.45837864      3.35277533      2.78591808      7.17670752      8.56872340      5.38212365      2.13584897      9.79071011      0.50605062      1.29350092      6.93493908      9.19179557      3.58882309      0.85023237      6.99081902      8.85367229      6.69209755      8.56231800      5.20651443      9.72539353      9.30868528      1.55516267      0.03488931      6.85941420      3.53145115      8.64016936      7.26434681      8.34553846      8.64223539      4.30369217      1.39272256      2.13882008      4.81408010      9.07205324      2.61717241      2.14804462      1.58071747      3.83634768      0.73730629      4.94400708      8.02851611      3.22482455      7.61418932      2.61009118      8.75394211      1.86886054      8.10707588      3.00882220      0.78753032      5.60594780      6.87009291      1.60025391      6.55732931      1.78128586      6.62647538      5.82064664      1.63616460      7.36471469      2.95417964      3.69602439      3.20546618      6.29924380      8.74251395      3.39564990      1.79089448      3.32697526      8.50515861      8.39706603      1.13498313      2.63598262      2.80571347
     1.54255155      7.54397547      3.79430293      9.46601223      7.12288708      2.41942137      8.22581129      1.36828331      0.26341983      9.93117673      3.54782487      4.62220586      0.54824066      4.13717266      1.30409459      1.24879101      8.14505364      2.76354480      1.01797330      0.02850092      0.96198125      5.52915712      4.80628508      4.48117074      8.96646577      7.68502161      3.82696031      4.68157030      9.30150679      6.05933654      8.44398763      1.84923814      4.89988048      7.41567481      2.12093508      6.93658107      8.37259760      8.93701330      9.74661196      0.45158190      2.90447627      8.81654149      2.56819660      1.47577530      0.29547155      2.26491470      0.88895423      6.28372832      3.98952228      4.86706846      5.79553663      4.36939857      6.97776815      1.71619623      5.55731802      9.16498719      0.64331985      1.42344792      6.14875813      1.48709422      1.54154611      2.99064754      1.83335780      9.45146865      5.05969416      6.85712454      7.66469395      2.20578978      5.64966813      8.08948189      0.49196269      8.66350168      9.62810739      1.66894640      1.20528874      5.36634368      7.77785755      7.67717708      4.70432531      2.13171284      1.54647944      3.47165247      8.15879094      8.29895987      1.67677955      1.75774292      4.92664040      3.42559788      6.55629198      8.05591346      8.99749369      3.66765167      4.39292889      6.35323872      3.36849930      8.66213845      2.56910870      9.99539027      4.17422823      8.38070018
     7.98709217      3.98939684      8.62763555      6.40415102      5.74985573      8.73728222      4.65223210      7.45401040      9.73032260      7.20698283      6.16562418      1.76063084      0.73278494      5.97943271      1.59721170      9.76335202      4.48221143      1.07224506      9.19697135      6.03962871      8.61579178      4.27675465      2.43103617      4.50194722      6.03782034      0.09421057      9.11332445      6.71591120      7.96674662      4.04012598      1.16592774      0.59620977      1.81355574      1.35092267      0.66454817      4.89714462      1.64837603      8.59004525      3.00459145      1.13999741      2.46810675      3.87857930      2.83435951      7.52506470      0.43506753      3.05694760      9.81781420      3.22209899      8.60930433      1.13633024      0.57477235      9.33518609      7.72204760      4.59445034      6.80434927      2.53296652      3.14956881      8.96488226      1.81215538      7.99465902      6.51484189      5.40940560      4.70687820      3.46946105      3.01527081      8.77934175      4.09242935      7.87055968      5.76893728      8.88114318      7.76552232      9.77242319      9.66709126      1.98625916      1.45991912      7.12035383      8.78976161      0.57480444      3.20374001      5.02804281      0.13730249      9.33153671      4.76850751      9.44080586      3.39583905      6.88444161      9.31482495      7.43843814      3.09350926      5.55299975      2.63988997      7.68491166      3.17853945      6.82241008      1.40110145      4.69666044      0.31625972      6.24013266      2.71201720      0.19689664
     7.68418273      9.27610253      5.61296619      9.53521684      1.61836990      5.07612292      1.49788197      0.82799888      9.61366716      6.12171334      6.43178219      9.25973333      5.82692002      6.09451056      8.08637310      4.04554619      1.32265407      6.26769641      6.04253156      4.38681045      6.85878249      7.60143149      5.77744536      3.87096065      0.68063739      1.40518455      0.19126678      0.25579061      1.90578526      8.10937351      5.07544145      2.45843882      6.07341659      6.45557750      4.79492855      3.77445452      4.42398006      5.28847437      8.91259281      6.89728134      8.34903469      8.24660364      9.15564547      5.44928819      0.44594140      5.63584956      6.38296846      0.73802037      6.43034345      9.51065808      7.76993731      8.39339689      2.00450340      7.91266719      9.44691178      3.46252319      8.23679635      4.14508397      1.82408304      7.70125001      8.32025874      0.53394137      0.27422046      1.99462065      9.94193141      9.60574624      2.03494930      7.17858065      1.16098920      5.09513887      1.07381691      5.99813389      8.06825085      2.19923032      5.47472536      4.16358208      0.10306442      1.96677088      4.51358115      1.17200697      7.57877952      5.65071344      1.04537432      4.97613387      3.41001949      9.28267798      0.80423808      8.66057995      9.28365821      4.77215948      0.66949299      4.75129778      0.60289026      7.19170888      5.09960821      4.23087718      6.69421028      4.26157729      7.19675126      3.47811110
     3.04100522      9.75857557      7.50729468      5.96114640      2.01914840      0.16758680      1.32523951      4.48820874      1.19412114      3.57296512      0.79316170      6.16980070      9.12584204      7.56681541      8.00423921      6.00528462      0.31761958      7.00311981      1.23823398      7.22819927      9.20338709      1.68422972      2.46188729      2.47778506      7.12097838      8.36253565      0.17635667      8.58207766      5.93833594      0.73860982      6.84056897      6.91682625      3.23689049      4.32635813      1.48593482      7.89798696      4.91111350      7.51914321      6.54431220      1.18100880      8.68273543      3.49518451      0.52126038      5.53031843      2.71164445      1.55288913      7.58732408      1.59239635      4.65192654      1.01806343      6.84054051      3.41696914      0.41836269      8.94198470      6.08673537      0.88299327      8.78428309      4.70797311      9.53663731      4.41682058      5.44702337      9.02860491      7.36814900      9.55068033      4.88851516      3.78462127      7.53970852      4.00904481      4.95801789      7.36811654      2.36865175      9.74044141      8.33223199      2.68293887      9.04726309      1.70982878      9.82947204      7.68602534      9.57434690      5.24462292      9.90815611      0.99933699      8.14252860      6.33530537      2.18846034      5.00952191      2.18060297      1.17269418      6.14646115      9.84569950      5.14636498      7.98390153      6.11219645      8.11712035      7.00310837      5.52399054      9.70543563      5.18350389      8.85993374      6.13083976
     2.95536346      4.56215954      6.16874537      1.02331948      1.05828369      9.47080914      8.88435826      0.62464818      9.30213741      4.19579152      3.00936851      2.99778621      0.98947228      6.92580417      1.01902876      7.76642578      7.92064994      4.47016847      5.18472448      0.26279430      1.43879191      2.22178649      4.62563489      4.57355435      3.39139103      9.02062061      0.13216991      6.60345361      9.93097030      3.95844892      5.84075781      2.27136131      2.72983703      0.43420866      8.45604729      2.79435985      8.67861923      6.05970549      3.07751652      9.04904141      2.90651979      5.86409209      2.56479065      1.86246468      7.79643988      6.21945478      8.55550688      0.10829381      8.67907931      0.23981550      3.10873567      0.91025888      8.62883436      0.74970185      5.87423822      3.00742188      5.26868468      7.05483288      2.21773809      4.80079154      1.60319369      6.88213881      1.79442103      5.07422491      3.50822975      8.97122028      1.96472596      3.95042544      6.62451766      7.19118641      5.55041765      6.40448787      2.33765860      3.05493028      8.00410852      2.20289212      7.22261970      2.66748920      9.03763157      1.06652242      5.66751134      5.18569014      5.58326330      6.11684796      7.42180555      8.33189465      2.16122132      2.23972688      0.26949099      9.86546613      2.09568257      7.30562150      7.68513773      6.06627908      0.94808990      4.40412558      1.92803434      8.39002619      1.01500640      8.86269210
     0.18081271      0.35546996      9.94327932      9.41710650      0.32640685      4.98154171      4.31275980      2.87031012      2.52711883      3.58099792      2.08033165      7.65636979      3.50311410      1.26822087      6.07930422      7.19450978      7.52019016      2.29815506      3.08008963      6.89533891      7.75746646      0.98279141      3.86323132      1.30859561      7.38273872      1.23678589      1.70289424      9.06320792      6.90956059      7.03535857      8.94158030      3.51608270      4.97505481      8.96057985      9.65876036      6.30311369      3.74847398      6.00599485      8.77353425      6.92005148      2.63468374      4.87032131      4.38991089      5.98699524      5.20977585      4.05696484      7.94073236      3.82798688      8.38672920      7.42030696      5.13831899      3.93721614      3.99980006      1.60505778      7.67809441      8.18422698      1.98336969      8.72463748      9.48318779      8.41517510      2.41434399      0.87690775      7.18690655      0.02703298      3.31798195      1.31948938      8.91867907      5.80175801      2.36062443      4.11059624      8.21376313      6.99091020      5.89766756      1.21532872      0.50000478      5.70877085      8.57081273      7.22564363      5.43826123      1.23783914      6.14510270      7.39886791      3.32181588      3.20125423      8.46023138      7.48289323      5.41035775      0.72134882      2.46672699      5.43027384      7.88593514      4.75358568      3.33066675      1.94913293      9.95392416      3.61908894      7.05009792      7.25078209      8.38524353      1.55906759
     8.63538605      8.31992191      5.99423681      4.70581270      3.68813232      3.35605017      9.43312913      6.07610528      5.76130953      3.42846991      3.31254423      1.50872594      0.20417543      7.82093072      3.64433198      1.62993417      4.66344391      5.75455108      4.26798358      1.25011931      1.08137668      0.49299777      0.66284726      2.64586883      9.00704026      8.48430420      5.36827741      0.99559523      0.51920146      7.87170570      2.68485940      3.59249185      8.74447174      2.36495705      5.88298824      0.54778475      4.36840957      7.27808125      9.57686910      1.17047600      3.50861074      6.60921206      5.73698458      6.85292648      2.34205039      7.14017031      0.24464019      8.44135738      7.14243210      8.01371706      4.64453239      7.51131268      6.98441165      6.26681689      8.90349482      7.21239163      9.76516135      7.90169596      1.63360589      5.60044246      3.09772668      1.33586678      9.19246498      6.58852465      9.38487155      5.60551617      9.46607773      8.24161692      5.29533099      4.26234916      0.85542623      5.58942732      5.56278208      8.84127011      6.43841128      4.98877975      7.00147047      3.64108721      4.30413782      4.44676525      3.55873852      6.52854942      1.92822738      3.87966624      2.89075239      5.42928353      2.83014630      2.62506617      7.47797936      2.36404119      4.84099302      7.64507323      6.98914108      8.27685313      9.91689726      3.07192739      2.97507317      5.47787117      4.41713383      9.85215066
     5.30875981      6.03960217      4.27524917      8.88229243      0.96635254      0.56350246      0.42191397      7.95241490      7.28664979      2.27413572      5.67110756      3.57165773      1.38200241      8.28724757      1.49094184      4.67608466      7.52550669      7.90463668      7.82899501      0.87354180      4.38971627      3.83907097      2.56340569      1.61675258      0.77018126      9.11030081      9.34793083      3.93157285      1.60944038      2.14104305      0.34475443      7.54671867      8.83469369      1.66520739      4.21562655      2.56666415      3.57151926      5.66167058      4.62165421      4.02854256      4.64190353      9.46812849      3.65288820      2.01216766      5.97341145      0.98307908      8.02428755      0.29665667      1.57354244      6.05555147      5.82918736      7.47358892      6.27552813      1.13106704      6.31297229      8.23179949      4.75884450      9.48738623      7.72048111      0.84392279      4.12881533      6.20548976      4.12184999      1.10474818      5.44781107      7.62580743      5.73966784      9.24839982      8.16365912      7.33544066      2.66409662      8.49760463      0.61063958      4.55889558      0.53555148      7.64443988      9.16655059      6.43819115      8.64537679      0.02445585      5.28732994      4.97704381      9.28094451      7.76736321      9.28097027      1.35205348      3.46630365      7.28705740      9.87564911      7.54056387      3.72690434      0.20880519      7.79774430      0.15453607      2.36922576      9.30658444      8.08209209      6.73374557      4.21794419      3.40391902
     5.84143722      7.87786621      1.67907802      3.61033807      7.03425167      2.92693887      4.34289361      9.44865235      1.53044992      6.56243725      9.81918161      9.32502807      9.04201161      8.33391673      3.06672563      1.66589629      5.02961180      3.26270502      1.58695849      1.35451882      9.12055896      9.38011613      6.83147278      9.06979286      1.64072540      7.85428754      9.22889842      8.96965853      5.83410158      1.32787135      4.50925349      9.65056111      7.39083076      1.44531542      0.37365510      1.31281895      6.93914377      6.38314277      1.06787819      9.89695389      0.11213211      9.01761657      1.69939372      8.76241147      8.11628742      5.85378362      0.97713094      9.89295305      7.16118273      7.80215158      6.19667940      7.13530464      0.07520751      0.89643962      8.52675897      5.31122844      7.31697770      6.21876658      0.39783519      2.84386530      3.92572223      1.47973228      2.00698669      8.72951017      4.80822418      3.34886003      6.82464084      7.85438554      5.87405092      4.82270223      7.65567364      5.05731287      1.57951022      8.11805480      9.35976208      8.96168068      6.79235598      4.67176471      9.42624728      7.10181195      6.14935582      0.18864397      3.60907383      9.31008285      4.96267487      2.15460182      1.21277579      0.92938491      8.34088727      0.57651773      1.58134799      2.13598572      9.11151143      5.39091754      0.71615233      6.94017718      7.26684040      1.92096926      4.07866709      7.58116838
     6.66872149      3.41474843      1.42735432      3.29406726      8.53460609      2.21251559      7.55051832      2.55479875      5.98207924      8.95985047      1.35055304      3.38509245      9.01328966      2.10176313      6.23302537      5.92704134      9.18765036      0.21829541      5.17151411      5.57691506      5.43640998      0.39191254      9.72897874      1.19160988      2.99534966      1.85125153      8.85008377      5.34234230      5.04026542      7.08964608      2.12263967      7.87465133      5.97831570      9.96306357      7.28298132      3.42013952      4.58541563      4.54291287      6.56364643      2.52592999      2.35967106      1.37373556      5.91411134      2.09252212      6.74548025      1.65938145      7.91800913      8.45246400      1.65788278      8.97786324      3.73740274      2.93043251      5.66637098      5.06951396      7.80606014      7.31812604      5.46954611      1.84748279      9.51507057      1.70484932      5.26770830      1.11143999      2.05067662      0.44644030      7.56698745      1.76340752      6.71284889      2.53882022      7.23816835      8.92027789      8.41760915      7.17002539      8.24103984      5.43357732      9.25884849      2.31655067      1.51413300      1.81207207      6.74698338      9.81939902      6.99591395      5.74850984      9.01861710      8.90789211      0.49924438      9.35173490      4.79410372      2.81960390      5.14945008      1.45965445      9.47937658      9.02599018      3.80098640      8.89075981      9.95444446      8.51663411      2.55680410      5.16331451      7.49296129      8.31094502
     0.06762378      6.84221940      9.72797573      4.09508663      2.69915054      2.15821793      3.23159666      1.51083338      5.88313165      6.44294244      2.78198873      7.25450515      7.92337105      8.52869153      0.44499081      1.81558538      9.23100664      9.00556569      7.51439647      9.30437581      2.96622257      2.82000906      3.98461153      0.67240498      3.16526068      5.56621711      2.04192704      4.89611539      7.88331540      1.36054633      3.31960362      3.57785703      6.19422490      9.94276943      4.22653206      5.65955212      4.04900117      1.32023683      5.29454741      2.27110378      0.97155281      6.40458012      2.36996578      1.15759850      7.73222308      2.02873095      0.16360946      7.00245126      1.12915723      0.63263578      1.70874307      8.34631611      3.58988180      2.44740381      1.69727432      1.45267315      1.61647591      6.92121386      5.71806459      9.84360178      9.65835599      9.61635697      5.04614343      7.00710791      4.57203679      7.73977530      1.18716822      9.19537778      0.31773239      5.15571651      4.51420426      4.61362652      6.41509942      9.67674894      3.82790961      1.08494521      6.03114634      9.55479246      7.73649782      8.14112424      6.83021085      4.01014178      0.40035596      8.03809734      3.05795287      5.43247988      1.50700336      4.50134079      2.88291397      3.32453899      2.37941541      6.55705737      8.14623699      1.92394372      5.57720509      8.13910264      7.06703647      4.21127201      5.41281616      9.36333262
     9.22612301      1.37486064      0.42442760      0.18049732      1.68511929      0.98554694      5.86970142      6.12095079      6.22635548      6.92999389      4.43804605      0.51299581      3.09638376      5.69544951      2.40395943      6.42719666      0.50444132      8.31778420      2.44851456      5.31995449      5.82489801      8.69693215      0.40056719      3.81278236      5.99579805      4.94437444      1.41120662      6.40711145      9.79111080      1.84086663      4.53030747      3.16557781      5.65704900      2.03968514      2.26028582      7.53860139      1.25642781      4.85396813      5.36152477      0.34702846      3.40120202      3.36576278      6.05330713      1.27126533      1.75959861      0.02696187      2.24441485      6.20599792      1.19662947      6.75609918      4.27592052      6.72843878      5.80806930      6.10562646      4.80988955      0.81328889      8.15986157      7.65185118      9.08280859      4.83115221      2.43825932      2.85172985      5.98297242      4.14467830      1.23163345      4.24110635      2.43968390      5.10243917      6.66701784      7.46569330      7.88549840      7.71414176      9.16640910      8.93179343      9.44009799      6.85663386      2.60388244      1.53757693      5.84424874      7.99426738      7.21496121      0.97021410      5.01040535      4.36292933      9.90316855      7.79539183      2.28193644      5.83282662      8.30452337      6.02308910      3.98809006      0.79105627      4.44067877      3.21809224      8.80881653      7.94666127      0.13453224      7.48161670      6.41279328      2.82954870
     4.32723122      3.79202639      6.51196167      8.26386689      9.15342514      0.13210930      3.10198011      9.44272854      7.61651761      8.64181057      2.77949473      2.32287124      5.52978254      5.35043386      3.12393247      1.36702800      2.47342681      4.10685308      0.86793219      2.55272475      4.68431639      1.72186270      3.27873509      8.43053156      1.57130820      9.54208263      1.14333392      0.24174400      5.41208926      9.49949876      4.04011345      4.47642668      4.61580375      2.68421465      8.30042200      1.16330549      8.33285592      4.52088039      1.60255642      4.19466237      0.46322982      5.24151356      5.47882784      4.66954001      5.97516267      0.54712866      5.22995989      7.03319330      5.71482638      1.87380075      8.10184064      5.25394854      4.98476361      7.89953198      1.40172518      7.74904868      9.97341099      5.42512382      5.59944524      6.14953603      6.09849524      1.89829187      4.97378547      9.34073217      8.08639054      5.70338906      8.25383084      4.05747346      6.15988352      4.25480375      1.67029267      4.61550421      7.49823652      8.87367899      1.63466303      2.32792234      4.55189511      0.61272183      3.75954317      9.44468196      1.20227613      2.87638225      2.70891968      2.19379065      5.59169674      8.30860877      9.54867804      2.08261384      1.29137884      0.01914905      0.15170354      2.12968765      3.18338658      0.98185724      0.60074767      2.41933124      1.32564066      4.74532326      7.55918897      1.96020423
     2.73367095      6.24890025      1.51008995      5.76131797      3.10884019      5.08568043      3.62441216      7.38236196      6.63513076      1.28520478      8.47665646      4.20889170      0.29130764      0.83209918      9.06970778      9.75876510      5.04201528      1.24511228      6.82145439      6.08360176      2.39638905      2.78956813      3.96676388      5.11258364      1.40421651      6.78348377      1.19263134      0.69529556      5.16038861      2.74612613      7.75736102      9.21811902      9.99704805      7.92390872      7.70100302      6.38302018      7.91403109      6.86322058      9.92558390      4.80998904      3.23855669      7.74413618      1.01991634      2.49884609      7.80258972      9.02672918      7.17063413      4.22488712      9.70530294      7.54599245      1.20987158      2.81422800      0.11041158      4.81874624      9.81734736      3.05071247      9.70953442      2.03291300      0.01072919      0.32351774      8.57429211      3.50102301      6.59099103      7.77619197      8.49965947      9.79193464      5.98496447      6.12986579      9.56550613      6.59172551      4.83693716      4.33565826      5.29093893      1.58167629      5.68668836      6.77677168      2.02210671      4.94168547      0.57996767      7.69328403      8.27169668      1.14500538      4.79138279      6.43377112      5.30490697      5.18271254      1.51629418      6.90382871      4.53541426      8.92422221      9.73746202      8.72112595      1.63653187      8.83385203      5.25186647      7.45315807      7.62557414      7.62355886      2.19901914      9.97890896
     0.96833275      2.12571910      4.79061389      5.32527446      3.97165066      9.45814356      0.80005795      7.92103614      5.80920986      5.24502386      7.29672067      4.55158778      0.83196696      5.83879589      5.96325775      1.81223270      1.84003920      9.65463065      7.75670630      2.01341344      6.46922198      4.01686798      9.26807654      4.47645414      3.60098488      4.62400141      1.56902618      2.64802344      8.55070241      4.55307480      4.68842780      6.33156621      5.44628727      2.83975457      7.43571563      6.54852925      0.91393442      2.45544039      5.99264610      8.06871951      7.99142058      2.78759453      8.01756239      9.74810381      6.91108201      5.95120530      0.20155528      9.92327194      5.80698647      6.04676063      9.77523687      0.36928337      1.33095145      4.61140355      2.56522863      5.95127700      3.51094074      9.48850455      4.16435825      5.07577405      6.66337847      1.68625887      2.37769732      0.74099550      8.60233337      7.60984975      4.43979642      2.49416206      0.08478182      3.46204614      2.51378194      6.22270678      4.45093652      5.76747676      2.86734752      5.84596197      4.88553512      9.17550060      2.21554319      2.31510404      8.45193303      3.58220732      3.82906546      5.01228436      4.13408113      2.54262732      4.34178074      6.66172744      0.83486582      8.91902447      3.17991409      4.99532042      4.09882880      6.07407723      6.57757350      8.92986152      1.44024564      1.66800214      5.10021816      6.40127880
     0.74535788      4.96800671      2.06840675      4.96408237      2.67029872      7.44350027      2.23662850      2.09093571      6.51582534      1.46941678      3.60089245      2.79650585      4.22541021      0.97449219      2.66343670      5.84370855      2.17630077      2.32359813      5.03736810      5.36608251      3.01703806      5.55146865      4.17578867      5.46101213      5.12908899      6.00700066      0.61950942      3.99172353      7.43384012      8.48417690      8.95935294      9.21659790      5.89508911      3.56854777      3.48397410      1.97033469      0.42537146      0.83951248      1.65343134      9.87551744      5.82576193      2.74377042      3.67104662      4.59795140      4.56587513      4.02497497      9.07035260      7.60934294      0.81793693      2.75642333      3.88249008      9.26306005      0.55632306      7.89975932      0.27868380      6.96689847      8.88985295      1.65899439      0.82176193      1.00405250      2.66087090      8.29455057      9.01114856      2.02007365      0.09195105      1.31047465      6.12078099      7.68456610      7.54032994      1.27179406      4.15830736      5.50176023      5.23144394      8.84257282      2.31182797      1.68293947      7.22036097      3.97066295      0.04143553      0.34680511      4.49102174      4.86400572      6.42005883      1.19583630      4.39648538      9.65282088      5.71157525      2.81060995      9.95533729      5.33205944      5.59246834      0.85279979      8.54290484      7.78070496      5.25114825      4.80417759      3.58271434      7.49633966      7.69915990      9.50332066
     7.81157698      1.31895234      8.28428076      5.88285566      7.63136622      1.02240251      8.40402356      5.95973993      7.43628939      4.83163973      6.38488353      3.00729693      0.01735590      8.34522814      3.35104130      7.88546148      7.67812559      4.94091607      3.98235389      9.75618000      9.27978845      8.22915275      0.85304773      4.26907929      7.49619591      2.16380749      2.50253438      9.34779671      4.87022669      3.98764495      4.15252868      3.05941237      2.83885972      0.36641102      4.54826103      3.40205221      4.78821936      9.53518412      8.09140619      1.07055124      9.59603174      5.49318108      0.41262856      8.31186050      2.60370783      3.82436375      4.81326088      2.66931557      9.40675816      5.29440710      6.27496044      5.25308342      5.63131704      1.17303448      4.81760712      6.30194106      9.91430118      6.83985943      0.77475488      4.86587771      8.96930479      7.67717488      0.77547732      3.76088102      8.91033556      3.13532925      4.08353724      2.46568332      3.59746198      8.29206519      9.28526540      3.09369306      4.64846359      4.99101809      5.08131820      9.85253407      8.49019380      0.63423339      0.27717109      4.76375443      5.88250636      5.83022908      4.82138168      1.91007198      6.29236373      7.97180011      4.00527979      8.31044771      0.11967985      7.86964735      9.78784873      1.18955779      5.91503282      7.93554165      7.52417744      0.22858423      0.93288144      3.79042987      9.23911347      1.36025909
     6.64218570      9.79675073      4.94499814      0.57827682      5.17244978      0.24581632      2.41421575      1.56990443      2.53952623      5.03717181      6.70332469      6.79111052      2.67824241      0.83171557      3.25358951      0.88274508      2.11462283      2.87881050      8.58641052      7.47358304      1.28675376      8.87157814      6.87591925      6.82433880      3.89410477      4.47102989      5.80021196      5.65620492      7.73404112      8.87097871      1.84940993      4.71742298      1.44540413      8.13610937      2.82062833      2.39526971      7.33492740      9.42891505      2.40488333      6.76271612      7.31405032      4.34706939      5.87755457      1.90400194      7.86522438      1.53591407      9.66776728      7.39022874      7.26245976      5.44270456      2.00897455      7.27663538      5.71005844      4.75630482      1.13972138      1.68598873      0.22713904      2.93315837      5.64655966      8.55996372      6.38924054      4.43432745      0.28224996      0.17909323      2.67481988      8.20040789      7.03425369      9.68164161      4.23053081      9.74245054      9.68100803      5.82054633      7.03896074      2.25699364      3.18274716      1.66703115      1.49812043      5.52378198      4.65167533      7.76101276      3.18041464      2.01613009      1.64484799      8.65009660      7.06123751      2.01883781      5.98253850      7.44320191      9.80744049      4.31647887      7.85319832      3.45954751      7.61211360      2.25566976      3.15215362      3.51608420      1.70537302      8.01332677      4.51432258      3.94643605
     6.60408829      7.85370946      4.63513741      6.86645359      6.59073552      9.86693174      8.56373616      8.04957135      0.21764051      1.03972131      0.61856379      2.98305204      0.15006311      2.59400127      4.94767839      1.27272303      9.34572242      6.24950611      9.52023160      1.92497975      9.28857511      5.31354128      0.28042997      1.20770123      0.89082949      8.79635427      7.41109950      1.41157840      7.79440246      4.90447462      3.07092777      6.67561834      7.10337139      1.87599561      7.30091872      4.54817308      0.72811948      2.57199466      1.16721797      8.09946863      7.30604619      1.51984917      5.47249404      6.65047098      8.84653937      2.40767603      2.58578696      3.26428565      9.03212906      0.05689979      4.89945335      6.31820036      5.77114099      5.60518819      2.73115245      6.27593972      4.75706364      1.30358471      6.35901208      9.70836310      3.48565259      2.14336879      0.62442561      9.48751323      0.66181722      3.21234696      4.37503159      7.99651897      9.83897398      7.08584132      2.35878381      0.81249880      0.59636970      3.27391184      1.18228465      9.01908707      3.34592317      2.91514789      8.47248404      9.88899562      8.46819257      8.82334832      3.80221767      9.85493313      5.78530631      9.40647625      7.40752786      3.52125255      2.81710082      2.37478796      3.41701888      9.86512241      5.30575842      0.50061347      0.63786099      5.22925115      8.99899819      7.63093268      2.37351549      8.85013712
     2.01642851      7.71588990      2.57789681      9.61529824      8.06707087      2.22293264      1.81192792      5.29075234      7.40100829      3.20315205      4.66070957      2.83124169      9.43942700      9.67447883      3.48574153      9.64760463      9.43469251      1.54022518      5.08622919      0.66808240      7.71700866      3.84546441      6.99225390      3.78101015      8.84405198      0.66962326      3.61934752      2.83757193      1.09946548      0.08333382      8.05044744      8.96435133      9.77088115      2.62022044      8.91588874      9.72529838      8.10562815      1.12443868      8.75846643      9.92383057      2.34749578      2.44871150      7.91054270      4.53981340      1.85850882      6.13652849      7.78899926      5.68036337      2.61436397      8.29819232      7.73544943      3.78901542      3.45456586      7.66390021      8.50248905      9.80772283      9.54522573      3.58670456      4.28211182      1.43109774      9.19001919      1.03149615      8.37805488      0.92587239      0.96455229      3.36523915      6.20935772      9.42567542      6.80593617      8.22009368      7.68714111      1.75782528      3.97744102      8.16378681      3.78970190      8.45766750      9.80007544      6.50807454      5.37238935      8.44400455      6.91926993      2.19795317      7.85269222      2.72279494      4.56767855      7.63647805      0.18358995      9.87340774      2.16294410      5.08700834      4.80199168      1.23531711      8.99884853      6.42812927      5.89596650      8.45247886      0.75254010      9.88360356      9.77109733      0.53653468
     6.42283389      6.23629488      6.95782182      3.88116036      7.36348360      6.30569022      5.07680791      1.41176750      1.03529456      1.11506163      9.80154417      6.28820058      6.47277605      3.07427470      8.61945763      0.07083704      2.93415515      8.41264533      8.23110035      9.50150317      3.69536090      3.06125143      4.26242660      5.11206425      6.13577471      6.01967458      1.19066760      5.16437427      5.85081756      1.31867161      0.15106548      1.13753622      2.34324581      5.72088721      7.64459912      6.68001677      4.74497923      8.21431284      9.94772325      7.72665524      8.00309013      2.81234867      5.06028990      8.91174599      3.18833410      1.94956267      2.67416009      3.29566915      1.12263687      1.63317333      5.07806931      5.03420562      2.71926688      4.17233293      4.04778494      6.95484960      3.32395541      4.14681204      7.21535727      9.46759789      3.84698984      0.34204972      2.80929325      6.44672692      4.14595933      4.33202631      8.72279741      6.96901807      0.12291690      6.71301836      5.61969997      5.20412460      9.71207102      6.53972444      0.34349092      4.67365076      4.44517951      3.26622645      4.30333347      6.97520683      5.26719172      7.11684632      7.18377443      8.08064159      5.68585111      8.85707691      0.42561221      4.89731103      0.91780913      0.90607405      4.68667095      0.77059707      6.54284837      3.08104216      8.51523695      3.24815834      3.62176615      8.05236578      0.27497531      4.17246686
     6.80400199      3.58379499      5.52863103      1.83482600      5.66362365      0.61514998      0.19962766      2.02214309      4.99940837      2.11005593      1.64926960      8.18314609      7.71902749      4.03167661      0.33000825      7.81929530      8.09724292      3.11290037      5.62650936      2.46064851      5.88866802      8.91086698      6.52487402      5.75983971      1.25659922      7.36726666      4.66415853      6.27349454      1.36571862      3.31233363      1.03206158      6.65402252      5.97159626      5.88313109      1.49689410      1.05180856      4.87734813      0.15402858      3.33230740      4.19992628      4.04067027      1.38302341      4.07409357      5.53111551      8.20982869      7.48407344      2.35954732      8.72841652      9.34223219      3.02013776      7.05933839      5.15558576      5.28334898      8.66023723      7.46014202      1.13975493      2.28986510      7.59022452      4.34468206      5.62822175      9.66071089      1.98844144      2.48730747      4.90437829      9.17221144      9.23509372      6.32504104      5.86304956      0.68567624      6.61450208      2.07370547      2.46389739      5.60342779      2.10247090      8.65757349      9.79472167      3.30270050      6.10757072      7.08679686      4.57630068      9.95506038      1.84739938      1.35411897      1.47230163      6.10111074      5.69279702      4.51617002      4.84515456      1.24386669      5.72539912      5.13963200      0.52021635      4.77673666      0.86702376      2.46832087      7.13112127      9.13240293      9.60725360      6.88186268      6.64056828
     7.30829834      2.66243063      7.01076907      9.32922730      5.14774198      7.90983211      3.07190481      8.03810728      1.89009967      1.99482536      3.20673275      7.81743345      6.48200505      6.52633654      7.06518316      3.25568575      5.88834085      4.48539654      6.71098606      9.36137439      9.84988314      8.66596491      6.85490748      8.71521724      0.43825487      3.51779993      0.37865018      4.97515451      8.64391147      3.21122084      9.86551026      8.05444143      6.89816587      9.35793489      9.05383017      9.95204152      3.28937366      4.85539274      0.94382293      6.25316543      3.30062171      4.58144390      2.56991468      2.09793104      1.45420374      1.04576590      9.08118756      4.26783183      4.57923999      4.52706897      9.88637181      1.42508819      0.11133649      2.04990196      1.08136800      7.64661066      4.61457709      3.68592489      2.40056686      5.85221673      2.82026399      2.95119335      5.68330513      4.12715961      4.03972459      8.51703318      2.89996463      5.99833280      8.78455415      7.87609277      7.67173204      0.96596387      4.07645939      5.04527823      8.34796681      8.45042260      4.48979993      5.79136407      1.91892323      4.03453238      9.68342626      5.13144003      8.13362435      6.65964202      0.21900554      2.45033024      6.77143879      2.78354825      9.04116883      1.88839786      9.54396540      5.75177838      7.70329302      0.48278132      0.87611330      4.99662213      1.51814428      1.18980723      2.11643859      2.41355251
     2.29922119      0.55345404      7.70792827      5.35471520      9.17988869      8.10438687      2.80933208      8.29634087      4.51579394      2.59685002      8.69123188      5.44349730      7.52759319      8.28312860      2.93800238      2.98505278      3.31390680      6.46899018      7.89155419      3.62979125      9.71224867      0.12615885      9.04115965      7.26772258      3.29809951      0.24668327      2.54895516      5.07643743      6.81081321      6.10291954      3.78281241      8.76890060      8.50905013      0.50696811      2.68383360      4.04510689      5.68365410      4.99809435      3.91012402      5.56128396      1.46798793      9.95409825      4.75959847      5.19575698      0.76592448      9.74326102      8.98751906      5.88435365      0.44737922      9.18712087      9.37939724      0.76794495      5.92162111      7.76235719      1.01512935      1.99327888      9.88170201      3.96246215      0.53768346      9.05726503      8.64161445      5.36397874      6.77728100      9.86363651      0.10850894      8.88258646      3.90867502      5.14957033      0.73217590      5.85124364      2.32919776      7.78182983      3.00116956      4.55162908      5.56229491      3.83566626      8.19634038      1.76302827      7.73489665      0.24146796      2.56911662      3.78115735      8.40647010      5.59647885      3.27446085      9.11023868      9.35130100      2.61562333      9.58027672      2.30734324      1.38262786      6.28007533      9.85254156      8.77838578      7.88310835      9.96779690      5.93692920      5.33436084      7.00608403      3.59931263
     2.44292800      1.21393453      6.46203723      5.47125966      8.04285551      5.34338759      3.54437194      8.50331623      8.42892232      0.16652177      6.23301939      3.58987330      6.30528190      7.90068650      7.66025574      3.63544310      6.11118618      7.06384679      4.13074633      7.20522761      6.07609484      5.65693864      9.61338420      5.54667323      2.58643989      7.09831842      5.62749297      0.73975134      5.03326877      6.02135720      6.67391528      5.02657992      4.15449848      2.58727826      9.88944447      9.75449331      8.69632134      1.75708305      8.07380028      7.03761626      3.47399554      8.47989247      8.84395135      8.95522637      0.50870794      5.76438789      6.37964009      8.57124170      1.59772772      4.83897679      3.16845026      5.98996797      0.04557956      7.24491550      7.92690800      8.38871257      3.34116182      2.84464048      0.00458651      9.79234953      9.96025776      6.29415722      6.29212810      4.67022280      9.61534748      7.15681386      6.74791042      2.71137416      9.33649577      5.51179862      4.06162141      3.41856501      5.18441196      3.98731513      8.01134263      4.73837936      7.15403125      7.29250611      9.17307262      3.07084943      2.84427616      8.79924397      4.87806265      3.68021336      7.51863475      8.47087243      7.31434935      4.90545793      0.32722287      2.50730975      6.05095052      1.59687972      2.92331600      5.16886151      1.76477948      4.10622914      5.63234897      4.45961839      3.34408812      0.84988897
     7.85420541      3.08823077      6.04645582      9.82458750      5.07182457      9.35915456      1.45452509      5.01104615      3.60725561      2.34368040      7.03800426      1.35567491      0.90606536      4.93134852      8.09707448      4.64694510      3.00426265      0.61739180      7.32029785      2.61769570      8.03182347      8.35258758      6.53509152      5.94178469      6.70174810      9.89042163      2.90340884      9.19812620      6.10114011      4.91210874      1.81904763      6.92578120      5.15162255      8.47240922      9.51378381      9.65832554      6.11231945      5.50667709      5.50925164      8.87295735      7.78776009      9.26225287      6.95108924      4.94317628      8.49487866      0.18224826      0.25111700      7.03726645      5.86874524      1.38979851      3.82146695      3.16486169      8.89043460      6.93361545      5.46239315      1.13979182      4.66419933      7.28986967      1.45100905      9.50885201      5.51244598      5.19098823      3.98696252      6.00778357      0.34740218      3.70191234      3.15239182      6.80031641      0.63016786      3.02709848      8.84008054      6.19242417      4.34193849      5.94968612      6.91842295      7.65367915      1.44569545      8.74095417      3.22142647      9.54702188      5.43542600      7.05501314      4.67122752      0.79432285      0.91661541      3.25109057      4.71308085      4.25706117      6.32004854      1.23364761      1.48657311      4.50142384      6.30038188      8.07377834      9.22733183      7.58322107      5.66123628      7.94369681      4.40305139      5.38222247
     4.02329332      3.57997634      5.73221258      9.17885493      6.37240834      9.93570581      0.35629117      0.91766667      8.04550385      1.11919712      0.90967437      9.63506917      5.18070997      3.09532174      7.70387886      9.03224132      0.12012079      2.87858925      0.18564240      2.53151295      4.76877619      9.92615345      2.59076438      3.48947452      6.87852768      7.24097384      0.15748338      5.20260811      7.25280118      6.07674810      5.29288076      9.02122727      6.74520069      2.06404688      3.21482720      9.48665174      8.84407442      7.83083501      2.01920478      7.01287738      3.70663674      1.37117552      6.28856767      3.88222291      4.28922542      6.84134318      9.85713640      8.00846282      1.75977140      9.17718022      7.31374990      0.66250707      0.26568033      2.52368428      5.12452199      3.38436629      2.80608830      4.94963573      6.11564319      8.11709088      8.04344734      6.69280437      0.04409709      2.07372402      7.50069718      0.28962306      4.17184311      3.27433902      9.52414029      5.51731081      0.04914129      0.70591084      2.66202513      7.45329583      8.69827146      7.58695395      6.87263231      0.32011033      4.49599095      2.04594113      2.69329763      0.83099827      0.36366524      7.58082090      0.11470981      5.08062028      0.46174684      4.98594203      8.71177177      6.70084826      6.19293080      1.94513362      6.77234551      3.04556037      3.48570581      6.68886401      4.65286909      3.50158000      8.33313896      4.22260806
     9.55498202      5.73001779      9.60521291      8.59339332      0.42211930      5.40741680      7.83946453      3.89381480      0.27128403      2.34448477      3.54609988      4.70849748      2.22919592      1.04009099      9.67899430      3.23897341      9.64906776      6.08429509      2.53383639      5.21518397      2.19370658      4.42733401      4.67043597      7.41673038      6.88508913      8.13415038      3.66267371      5.46338357      7.39806231      5.57850800      5.75323571      7.13415925      8.91398406      9.96378454      8.03541737      6.29629538      4.82993462      1.70358457      4.68059148      3.94042102      2.97720432      7.57156583      5.58351147      0.62188783      7.46511445      8.15582896      3.92263726      7.20284572      4.71178270      0.93639880      9.76187699      1.62271974      9.26543250      7.78009184      6.34563429      2.57336517      9.01922568      8.37362748      3.79039636      1.57383074      2.53905359      3.35011292      0.84846638      3.91390249      0.84789496      6.17069672      2.90372814      5.12010706      7.42697593      0.79123893      7.20250168      9.52598989      4.87286652      9.47088085      0.60003357      0.02826210      6.60802954      0.91471668      2.14454298      2.73668051      6.11624893      8.59539152      9.31321023      9.06255743      8.21537015      0.97284340      3.59609053      8.42590678      3.62477863      3.82371661      7.07924693      1.68152560      1.18113668      7.94310119      7.78107427      7.97319230      7.87181407      5.61364275      8.34706185      5.75967235
     8.93809198      9.77047304      7.40341072      3.91595591      1.32846880      2.96293266      8.19179208      5.55402542      8.15707356      3.22834525      0.22696934      1.10443397      9.82060029      6.32664712      6.65003291      0.55878342      9.95875446      5.97690967      1.09824492      6.04612995      5.64316601      0.74165079      6.70575988      6.13407315      2.94216731      4.84756207      3.28831616      6.87224868      2.67498450      9.74218685      0.02546190      1.53589741      3.79784133      2.96285155      0.77572887      4.61870326      0.28391812      3.35275896      3.78975221      4.47789555      0.93071175      6.44281441      7.67190484      5.58876977      2.21006388      0.24794648      1.98327605      5.59495048      9.47353897      4.82599268      1.93116364      7.65615538      9.44380473      4.28713479      8.60270385      2.94867407      6.03131739      2.34231788      4.73932203      1.08642519      5.27985609      5.68899119      8.71517249      0.08476814      2.15755046      0.56156837      3.63410343      0.81761549      6.44975771      1.01394484      8.36792306      9.20205747      2.59901821      6.99972516      6.69340033      9.67141206      5.40016869      7.04102743      9.00293320      7.56795312      0.95812065      8.97069184      4.91543669      9.80192863      5.74903651      0.62031968      7.74075566      6.46707572      3.66062696      0.88426875      8.79827050      5.01908461      9.74373378      0.61731332      8.43165319      9.78939044      6.15098757      9.47313973      0.77528183      1.80218392
     4.21394675      2.97217236      0.01633249      9.75324950      1.60036893      8.98393981      8.88119220      8.86176217      2.82765186      0.36980311      4.11319838      4.13578168      8.00059837      1.23615886      7.11297807      4.11274379      7.95510525      6.32168452      3.20706450      7.97477436      3.83859483      5.20768060      8.50263746      5.19106950      1.19257154      0.76604516      4.51846778      6.29497985      7.07478874      2.03214383      7.36718233      3.40023874      8.48803869      4.09117161      2.22552389      9.68630806      8.74694492      8.84572303      8.72716662      6.63412853      0.95082639      2.45528092      9.71981888      4.27301279      4.17088116      3.63080445      0.95835597      0.28669905      0.58594673      4.58889950      7.55980398      9.09398440      4.04155866      1.41291059      9.17548778      4.55550170      1.96569891      9.49417434      6.76890917      0.00245991      6.18752870      1.42869585      9.36518289      4.36284764      8.08341599      5.37058687      5.98173438      6.34794269      7.42004722      4.33117361      6.01197123      0.39055057      1.21117917      6.19272321      0.32719534      6.28153829      6.62329720      9.41261760      8.60608244      1.23262640      8.71163560      3.40643321      3.81273917      4.03911303      5.86672350      1.59848699      4.06997959      0.93722197      6.99593309      7.55543419      3.45739502      5.19889105      3.64033336      9.73323973      4.99658653      5.59766830      1.00632301      2.08769672      7.50718420      0.77663312
     9.94897469      9.52260203      5.10992008      1.87774427      2.25664291      5.33576177      3.73962617      3.37116059      1.87302230      8.03016304      6.16733591      9.05486492      4.92984290      8.65625585      4.71648512      1.54466790      6.21333325      5.04317176      2.76099565      8.49500397      8.82883900      1.26588873      9.02406169      8.12688338      2.38220271      0.02267124      0.42017313      9.18992047      2.84179426      6.44922548      1.74463137      5.37015532      2.36301227      7.26240061      8.92496557      0.35480868      4.20328213      5.80766383      8.23073089      3.01336906      2.99287608      2.36885131      0.51040931      6.16549016      2.18885738      2.31475519      3.38251205      4.20981591      2.13944261      1.43893878      2.61500715      0.34558512      5.35495535      6.68638706      2.75667062      0.58534864      1.47264764      2.80168432      9.14349886      4.96681967      8.11636819      0.16472886      5.90044434      5.10434594      3.44944274      7.00452626      5.39117534      3.10252006      3.69442941      9.87380458      5.88021574      8.59074599      7.45017580      6.44559108      1.22975565      6.42639025      6.91616312      3.11202273      0.31265394      8.97676015      1.52107362      0.91003698      5.46898098      8.08394278      0.81478827      8.45274869      3.86746215      0.94450259      0.12078417      7.26220729      2.34708649      3.37944522      0.10589863      7.31289292      6.13758933      1.70431785      0.88747531      1.30827463      2.88619046      9.20595580
     4.68499567      2.99946739      1.85091479      4.76896595      2.81956475      2.06246909      6.72491170      3.57913657      8.75048172      4.77775935      6.69360760      2.07150303      0.73676283      5.17168538      6.89237826      2.41199686      5.70064375      3.50407228      6.49615082      5.27547148      9.44073225      3.45854156      9.07142748      4.66807084      0.70439911      7.77226573      6.05380974      7.62150209      1.28836861      0.01760283      5.63956551      7.73546458      5.27416728      7.25475574      5.62554136      3.41124799      0.64744451      8.39195503      0.52148676      1.13180693      5.18034310      1.31414647      9.69397626      0.96777950      5.28724058      3.07480220      6.24197831      7.30629340      1.34022468      7.31453107      8.51265412      2.39893723      5.34634205      2.81122565      2.74708382      5.64864969      2.00752137      7.69960497      8.53562512      3.05811001      5.18618878      0.60328365      4.51709010      7.60045255      6.73314677      0.40467851      8.42084029      5.62627904      1.52575224      6.00902147      1.79071363      6.40044993      2.40269751      2.38718138      8.75767505      1.72329306      9.09113904      2.60277085      7.48755304      5.32542790      1.50280009      1.49036697      9.08001554      3.54236172      6.30037641      1.83904745      5.69761003      2.05399670      5.08102480      6.05462953      1.77840008      2.55305983      3.39581197      8.97498770      1.40716187      7.36354967      9.89773223      7.27041839      1.25039520      9.09439502
     5.21821954      6.50659335      0.86773585      8.32490314      1.98372424      3.74747922      0.15111503      8.87189597      2.51349134      8.66472640      6.50818919      1.08673484      6.26255786      2.70356495      2.92454798      9.83383618      8.50522505      0.47198650      2.52735868      1.28578310      7.67577264      0.03972349      9.47666401      7.62431658      4.52023440      9.74414157      0.04327505      5.70236866      3.15235635      7.81077619      4.27776278      4.75195257      7.05227064      2.50185108      3.80854836      9.77504699      4.41462521      9.02295767      4.20957616      6.22876560      6.72626464      1.31466559      3.87314690      2.14976690      8.97002715      3.28338849      9.00474117      5.38183289      6.19168579      7.79834797      4.39613386      7.59595003      6.71586815      9.69929241      3.88825118      3.20139684      0.77243155      7.36565697      1.18324737      9.87936204      2.03498417      2.74647640      2.93612305      3.72009971      1.40997892      2.14401119      3.31700537      3.17298865      6.08205891      6.68678513      7.90296613      4.47891444      4.17465923      7.18349963      3.72661601      3.10440107      6.17852972      4.69748919      2.65707743      6.00373565      6.00495846      9.10753271      7.91467535      2.44149527      9.80797194      1.63548327      8.45060893      7.18200783      5.10248311      9.04149366      5.17641447      2.08069295      9.96132563      9.08872006      5.12082814      0.18615434      0.48693999      3.57372371      8.45839078      7.08952159
     4.41072315      0.50909657      9.48557670      7.37605881      0.65215166      9.22954320      5.99085594      2.99417789      6.10212451      0.58291521      8.57930476      4.86466377      6.15529069      5.04601970      4.40171498      8.26739888      2.29994490      8.52967209      4.36719822      7.12615657      2.02179927      7.58836239      4.21172486      8.70870738      1.62150876      2.41654291      2.40928183      9.24181615      4.09400997      2.86328043      1.22600604      8.05226714      3.04415054      3.68834949      0.11743101      9.47619626      8.29448270      2.04518216      2.80288414      2.57848977      1.39840225      8.17361464      3.17398319      6.50776128      2.79723599      8.72103922      2.92076104      6.09983249      0.12647219      4.55715239      3.69602587      8.45386926      2.06900986      6.11629212      0.70487626      6.33883251      3.85344407      8.80674254      3.49733285      2.65597805      8.12228257      0.61203177      1.43689370      2.13234704      2.33596570      0.67437103      7.38749657      3.35960546      3.27383317      5.89086696      3.22457557      3.41946972      3.30103461      2.66346709      0.70462298      9.98249978      0.26273674      7.43571856      7.56315555      8.26546005      5.08709773      7.11136184      8.28829479      0.30803928      0.39597530      9.29399934      6.77682285      5.57981267      7.13604009      4.00078267      9.48662962      9.87378299      7.27938367      7.42176855      6.53195887      1.03520361      5.49449168      5.31569435      8.27505188      5.83568338
     9.94624134      6.60118182      8.80919807      6.47666355      9.56223848      5.52653774      0.51322998      4.62345340      0.77322876      9.01466553      6.12442392      0.65095359      6.58891197      0.41806007      3.08907976      7.37524775      2.65763035      7.25586463      9.51637955      4.78423004      8.93563716      3.25365925      3.65306970      7.20481799      8.46788161      3.95412419      1.70571728      8.37086626      8.20579390      7.17679485      8.91897850      8.84020806      6.45837713      9.99689197      1.68659159      3.06086308      1.11477338      1.71841353      8.82971685      8.45522634      8.87161082      6.89533044      8.05018826      5.58999121      6.52530903      3.82934189      9.85313142      4.85106014      6.31608910      7.61608278      6.10973562      7.81185154      2.45827271      3.48712566      1.06778748      9.98348570      6.10503679      5.00925499      8.75527899      9.45830789      0.58353695      0.14657577      8.53198828      4.07052719      8.68922013      9.51465092      8.18004217      1.54104619      2.98827753      1.45895930      1.17575185      3.46880958      0.11522298      8.38844226      3.78234982      7.54133322      3.88136573      8.92663485      9.49005263      0.47528465      2.71518820      7.09263972      4.85390658      0.11348492      3.86568841      8.37330990      1.69534850      1.49953034      8.52313358      6.70491868      9.01564682      8.60139518      2.05663203      9.54752087      0.89890680      1.71812681      5.38070679      4.50670799      6.39008535      9.14487387
     7.57603415      8.16140394      4.10496323      8.18626726      3.28357542      8.97429535      6.59822665      8.27708175      7.84784810      7.32863948      5.64980700      9.87552952      1.76191283      8.51222979      9.16733510      1.82517842      7.01949197      3.29127977      2.64075752      9.38362818      3.48991295      5.42712206      5.85237721      7.40309808      9.73125089      3.58143210      2.46035846      2.76746062      5.08462388      6.20496596      0.59593292      8.50685322      1.35240961      6.58271329      3.35559560      1.10193422      4.92258578      1.90457977      4.79320555      6.43302484      9.59772646      8.19488755      4.82785687      9.92041892      1.07801551      3.06208907      8.06963190      1.40330543      7.06567609      7.26098870      2.32070578      6.71243500      5.88745427      9.08453138      0.54643986      0.39151773      7.76489310      8.25769770      4.55638493      8.35207408      2.01398949      8.46133558      0.68573717      1.45962859      7.96838604      0.88718948      9.07416524      6.15332356      7.86288135      8.97080807      2.03458732      1.97241121      9.37000619      9.93877276      6.08228482      4.86322926      4.39711582      8.30385928      4.38545691      6.55778068      3.59482118      8.75941864      4.41463761      9.07119472      4.27989455      7.67709496      0.46233581      0.07710634      2.06447224      8.92644793      5.19668832      9.53724870      3.43840068      2.66319845      0.84014692      5.31603755      8.14659624      2.93370617      9.63375314      6.09508581
     4.55518851      4.42961024      0.86249443      3.38683447      7.57819468      8.87302011      7.34328076      4.35222211      9.35198322      9.81985616      7.80882879      9.05850736      1.46882206      3.30653905      4.95981394      5.40357293      8.58512915      0.71511421      1.92216679      2.20543410      7.40932152      2.80119425      8.68698662      8.08071428      1.83713177      6.65084281      4.54020965      8.77708121      5.40833562      8.54429924      5.70976046      3.53076133      8.94258957      7.94459073      6.24432794      2.09235815      4.25091914      7.85086642      9.86984123      9.27813947      8.83450547      7.00415734      5.88829635      0.12602333      6.87572699      7.77001721      0.52223042      5.91694166      7.90323416      3.46423987      7.64132065      4.44119088      4.91475363      3.36509289      4.29551219      9.43934255      9.53193212      1.84553531      6.34409968      8.69875035      1.82210594      2.60063454      9.10488274      6.02736615      8.78350861      8.57303198      2.90803598      4.65971913      6.50861541      8.86243766      6.70933605      6.06145269      5.87837691      8.00095224      4.25926426      0.20491633      3.22423541      7.57768317      4.72312181      6.49916347      7.64558632      5.12166930      5.04764377      1.90850016      3.23523817      9.43588607      1.81581823      2.58519546      2.98979534      8.13321172      2.98205072      1.95314737      2.51631298      7.70070268      7.44183534      3.73107711      8.99089196      2.81679536      1.38688050      5.21060307
     6.20721477      5.12508040      3.09652094      1.55384939      5.94517070      9.49968734      1.51266213      2.22156131      4.55960944      6.93581722      8.08050385      2.37030458      7.10552096      8.58774747      4.40127321      1.23421877      2.48819179      6.59125749      8.84663397      6.57641660      0.46424680      1.78541443      8.91019621      6.44290046      6.54278090      5.21164493      6.17716030      6.08040635      5.92131293      4.30692319      3.38183723      6.58783394      9.39946947      2.29271858      1.90264437      4.61335794      0.11834605      1.19835103      8.96359009      4.60692304      1.31249424      7.69246200      9.49379840      0.56966844      2.50604074      4.52874482      5.04047118      8.20913115      8.90391827      4.31363376      0.70252152      0.52426239      8.64927980      6.16082414      2.05426867      6.86930082      8.41559811      3.69651601      1.94787403      3.37683343      2.90617854      1.23035464      2.23914167      1.81297476      5.42722898      7.10899089      5.71898487      2.48627443      9.11881129      2.48527710      5.45049334      3.34872130      3.85755140      1.78690716      9.61753550      6.07362912      8.66817410      3.70811036      4.36032183      6.55305268      3.36098324      8.19989128      2.17185495      7.39018914      6.77578350      1.76444959      9.19500927      0.17839701      2.42657161      8.87398463      6.11849685      5.79934101      0.82873852      6.82534253      0.08035811      3.95077172      3.12217777      5.24951416      3.44513078      8.23130841
     4.37770348      1.56358774      5.55507605      1.31875678      3.38402834      1.92671400      7.53452491      6.41185312      1.78696639      0.83503146      2.90532105      7.17434976      6.62592551      5.55349524      8.00325226      7.54752356      3.89436851      5.58310480      4.17657265      3.54976860      1.53214924      8.85046547      7.72761371      3.11950311      6.33725432      5.38642350      0.28803813      6.59564336      5.44835792      0.87336249      0.87498677      8.30172466      2.87433627      7.68484447      5.49012635      8.56810662      2.02988431      0.86427100      6.72971704      7.96959550      1.11734774      9.74991785      5.58706468      4.90326099      7.31353166      6.81639170      2.76079275      2.77068354      5.21226330      3.84125554      2.31222453      9.27794763      9.41364447      4.29963726      1.05846433      3.79873147      5.87146106      9.07429813      9.36891823      4.65616642      6.76651541      7.96901447      6.11075186      6.23060619      9.08691922      6.74655230      0.86092680      1.83300561      0.85553211      6.82518809      4.66738803      1.54039127      3.41025209      3.43896207      2.28269183      6.20177744      3.11811709      0.57941779      0.28640475      2.21608384      1.89824452      4.66994160      9.09865015      5.12178492      2.76583796      1.62079275      3.09429294      7.96301431      5.15259373      4.08038348      4.15676168      2.47770934      0.79370638      1.13108608      0.39569189      4.07184553      3.53676525      6.49256517      5.77393236      8.18252196
     6.85555159      5.74076631      6.14270809      8.16095474      9.95568386      1.36638792      7.67498855      0.12433679      9.33396306      6.55087937      6.32995581      4.73680292      3.10106917      5.59983562      4.42322511      0.46703830      5.38012739      5.65635173      5.17801402      7.44606850      0.43319707      1.01686352      1.41609730      8.75856403      6.08738909      8.35813043      7.70875585      5.66749476      4.22742960      2.83400652      2.85579428      6.10312389      1.01738279      8.69293921      7.18735184      5.44073829      9.98514318      3.86475757      4.51648764      4.21443110      2.51531096      6.62206925      4.78044880      9.91766340      5.38848259      1.51527768      6.12658956      5.16131003      1.97207410      5.44873878      6.70707423      7.25395037      8.51854965      9.18054262      8.46397731      5.94966654      2.56217005      9.89878645      3.69001437      1.33534539      2.87347467      8.73735801      2.17106655      3.41720355      4.98775468      0.15517811      8.06720912      3.56535603      9.99336633      7.86426761      2.30367507      3.28810294      4.60333598      4.89739606      2.26512500      8.27213081      5.45639743      8.87529674      9.92461989      7.86923533      6.17774024      7.66851927      0.55962656      0.33802130      2.24231524      6.34293640      2.84928299      1.09295476      9.55258351      4.85391601      8.81706273      1.37154511      4.73336895      9.53336515      2.81958398      0.25002126      1.23376751      2.62546829      8.26244909      8.38600957
     1.53759253      9.56315039      7.97626602      3.59065819      8.68607567      4.77303744      5.77234833      9.72053336      2.15300247      5.90556357      0.72461580      1.91741999      9.47824642      5.03949757      9.58716342      9.84576878      4.26329068      7.50535214      2.50926823      9.06463121      8.15096968      4.38582642      1.62509048      5.50218182      6.63189002      9.00635467      2.99294827      3.74385478      5.96899681      2.62927567      4.28368611      1.69904148      5.70892016      2.92299978      4.76002253      3.08750556      2.42142666      2.91064566      8.32853005      8.18015209      5.45291748      1.16581568      5.92007549      8.23480957      1.40882488      5.81453215      4.23005485      9.37853531      6.23322626      4.36523247      0.19546175      4.95223803      1.33444027      8.36509878      6.93255612      2.46182720      0.01995751      9.81997579      0.01002677      9.19807580      7.34692326      0.82155615      5.01181575      2.26942650      6.54292845      4.72332961      3.26115892      9.39895914      8.92993202      8.40334297      3.47553008      6.88467197      3.31695337      6.38788958      5.18259387      4.16573835      4.02180795      3.34675082      4.35457506      7.71357378      4.64873449      8.55630427      5.62412307      9.98808343      2.79191190      0.52236441      5.64642436      4.85276853      2.49399089      0.18976693      2.68654500      9.65173754      3.43948802      7.03198393      6.97748795      2.60483641      1.12764944      9.29612176      2.27884927      5.73977845
     8.13541738      7.03787669      5.51979425      5.94040456      2.81968186      0.38446425      1.40234777      4.23783992      1.16690492      7.57409986      6.18632417      4.34457981      3.39231422      9.48671305      6.66778220      8.01011775      2.28188889      1.12420003      6.79533161      1.07931598      8.41171971      9.85151274      0.93583570      2.07310995      2.76842462      6.41668124      8.26592697      1.17217328      8.36564774      3.69604810      2.97725349      4.78817106      9.56094252      1.88850824      6.52163842      7.99524585      5.21766490      1.26363013      8.20468817      7.20122985      2.79473684      6.54765723      8.85540976      5.55578621      0.17640928      8.20513677      1.09940641      3.56634861      4.61887801      0.16995241      2.79113390      6.99324496      6.71496893      9.92331298      8.95810745      5.92629828      2.00349888      9.94881700      8.10516780      0.93399046      6.72362783      2.22547389      4.60033968      9.75690690      1.61365672      6.43132220      6.93561575      5.57385067      9.06414591      2.45333243      2.16945099      9.25407460      0.11546592      3.87073003      2.20263162      0.78073663      8.05723176      7.51158032      8.78636053      8.60270125      8.23004454      8.70863111      2.98459764      0.94053212      6.99488701      9.31126533      5.05326631      3.22555126      2.64595353      6.80114247      0.38744118      4.72739735      6.41343546      3.12259817      9.04965549      4.77151975      6.91298544      3.69510398      8.42196037      7.89411675
     6.66904001      2.28741256      0.04849476      2.19782038      9.42112074      1.22263464      4.39446912      6.88621926      8.96858841      2.23624229      0.03746230      9.45917331      7.88597525      4.74072602      9.68241833      6.55493089      3.30031490      4.73752726      2.88200518      0.34838383      7.02836261      8.37000730      3.28223994      4.20432271      7.06688502      5.80303465      5.70868616      0.87308553      4.02418426      8.27497532      4.30100711      5.57786367      6.63161710      8.56843054      6.29334549      7.62878865      2.91926283      8.40298278      0.65897770      5.76364144      2.36599990      2.98451122      2.17407161      1.07839413      5.65607989      9.06464535      3.57177012      2.92686195      3.86039740      4.55925054      7.92161484      1.14923535      9.35180471      6.29991738      7.44912877      1.88984175      7.03329090      8.77228728      6.04117538      4.98774680      1.53888390      0.82430698      3.47909688      4.37784464      4.70950803      6.60371808      2.92918614      9.40705765      6.28529817      8.77494888      6.76662186      3.39335632      4.09677893      5.44985918      4.68391233      5.61275871      2.11966611      5.74623777      1.91036623      6.80298498      9.48729674      2.74927508      7.14129122      2.61631781      4.67592424      4.24809211      7.37203640      3.20279516      8.37415441      2.20479689      4.68609215      8.84836070      4.20255878      7.99196726      3.91394643      6.46362696      9.54181007      7.50300208      2.32665865      7.97211692
     7.71629295      6.72060107      4.37594723      8.62822943      1.91483463      7.44033910      0.16680400      1.56000740      1.89481884      0.30241627      7.59280902      6.05530519      7.21452545      8.14551608      2.53217689      6.05248629      9.33628497      0.57146258      3.35799267      2.89454917      8.52993818      6.74299295      9.32539132      8.34673022      4.22248886      1.51407724      2.14089252      2.49903744      5.84327052      9.67952762      2.36002800      5.52688937      6.42552862      5.82597447      9.61330246      5.61529321      7.69540892      4.74232387      3.84427898      8.41416968      1.02411921      0.23763207      6.79105573      6.47338267      5.06070257      8.95813421      7.89044315      2.95194164      0.58538885      9.62823568      8.14430739      0.56832000      8.71123497      7.20415056      7.10027156      2.99479119      1.80390822      4.30372411      0.25356928      0.83023577      0.20938761      7.42031992      6.61556258      9.07558985      9.78068509      4.98575367      9.81890191      6.81504171      6.71685799      2.84838202      1.26087333      4.98685857      7.42230453      6.06615557      6.86079795      9.33612971      5.90272031      3.07431893      9.38366953      6.17243868      9.13252491      8.48070595      3.30064792      9.03068428      5.26375062      3.28947550      3.16353645      6.44703570      3.83680201      1.43595870      1.42145596      3.17124403      6.26807223      9.53618606      0.94545476      3.93617279      5.81073629      4.92221396      2.30035852      9.97188555
     1.00733385      3.63724216      0.17610797      1.95669052      2.95824986      2.28174261      1.37955056      5.88543127      7.05397076      2.90333718      5.92356960      6.65436052      3.20561760      6.14911854      2.42817297      2.39407509      0.51817235      8.90132723      1.85528563      0.54116511      8.19022105      3.43467443      1.50264867      2.40718297      5.27828785      1.88333652      7.65008815      4.27619744      4.18727111      4.87370128      4.31553196      1.10967976      8.46268704      7.70384029      3.88572794      7.85406132      5.81132492      0.43473416      1.81580590      6.94047640      2.79939001      3.24828492      0.08928471      8.93208833      8.13635976      0.09127147      8.29543911      1.42338921      3.84010447      6.94003728      2.03734260      3.03645336      6.38265785      6.54436710      4.14230439      3.67163807      2.77798161      8.33510838      8.02911769      6.47010379      4.70950202      8.52313183      2.23882054      5.16298471      1.53068183      3.71638237      2.57639979      0.75935049      0.08922408      4.50320725      1.34505402      6.45045710      7.74518579      9.35048871      6.67787933      7.84602464      9.34039349      6.60827556      3.68993963      4.15641872      5.45149923      1.49744396      5.65197772      3.50136933      8.12219986      8.94500562      5.37818689      0.07240229      3.06525291      8.31259921      2.52488036      1.57476013      7.87568320      3.60567314      9.43543189      6.49522628      1.81488674      3.88477134      1.14819296      2.82410175
     1.62788737      7.45054569      2.94298279      3.35441355      2.07741378      9.99519559      3.07178446      8.44463316      7.08828908      3.10220758      5.90689502      3.76800237      4.93092152      1.47369324      2.27846911      1.38276777      7.58346580      4.17499683      5.67326008      2.51679774      8.88145608      7.37046827      5.37245491      7.03865178      3.93328359      6.89359771      4.14406339      3.20112887      6.71811161      4.59546974      5.37148465      2.26159795      8.29092484      5.91750453      8.63324469      6.46030711      3.99715396      6.55584829      5.20498993      4.35434467      9.84713750      3.01399091      7.83872628      3.46240868      3.51164517      9.99427194      1.92725018      5.46270345      8.55436209      4.98989190      7.82972756      2.11782898      4.67850854      0.83631613      5.15225316      3.76898236      5.42375350      1.52431100      5.84028102      1.46116138      4.58361472      4.70131431      8.10921549      3.56866487      1.84040849      2.65565162      6.41465226      5.78302912      8.77453656      1.11605918      9.93190080      9.81477589      2.19876112      1.63194875      7.60519782      3.93748253      9.87551706      3.82751840      5.69317460      1.35675130      5.73404983      7.13880973      8.32103855      2.06473085      9.31695036      2.09962268      4.86137225      7.71185435      2.64851935      3.58749095      9.01598708      1.30580869      8.94803344      6.59204976      3.07076657      9.85085555      8.25811475      9.38886381      1.73082406      0.14930376
     1.14693634      5.79143931      2.21257746      6.97746305      7.46013557      9.64273592      3.16719621      3.63153334      6.07493232      5.07283296      1.22484869      5.31825403      6.28097269      1.49925228      3.80792086      6.15478529      5.59695542      2.46446963      4.56298542      5.95390473      1.48660665      1.65460498      0.08985641      7.67533119      5.58000532      5.94373440      5.02694214      7.93068097      0.26138095      5.67386255      7.73165221      8.80771564      3.12016979      0.93538638      3.05835408      3.25694032      3.83951320      4.87443403      6.56766795      1.17545119      3.83253365      2.69980525      4.38712662      4.20023522      9.94922780      8.61487409      3.08092021      4.71426491      2.80219876      1.20662172      9.85251305      0.85268436      6.99487671      6.28607041      1.50345699      1.25125951      1.47877866      1.51138526      1.06474885      1.03419725      3.70774724      4.72715796      7.02844803      4.88128447      9.04626868      2.33717876      2.35325330      3.29031312      5.23502576      3.97783312      4.14297770      3.63045166      9.31105619      8.19221732      3.85911961      2.98555360      2.72097213      5.95246625      7.76159665      2.87584674      2.87151967      2.96961317      6.84199607      2.83122117      4.92588110      9.04593297      9.08863587      0.33726136      5.35679744      3.67020667      5.09139332      1.05119794      9.50664651      9.40823827      6.86795443      5.44215970      0.34287554      8.29671929      9.69361590      1.55073617
     6.41125567      7.07305556      3.66998852      8.52075428      3.43805782      1.61887351      0.20532609      1.45450743      5.03735925      8.72220668      8.84032358      2.82096380      5.21412110      8.03288076      8.55807139      4.66986993      5.38639376      8.86619943      6.21568931      7.25961657      3.26368693      4.95820020      5.66151886      3.47481247      7.61745857      6.72876199      4.03213933      2.08844625      8.07514667      7.61486115      4.10639397      8.58877557      9.31265801      8.37320771      7.63791691      6.41372067      3.31785955      5.75757579      8.76825289      1.32150872      4.28424905      1.14473031      1.20519290      1.35394601      5.66410554      7.10901089      1.68045090      1.59282533      2.44070685      4.49619116      6.26734527      9.54076684      2.07825148      4.80335008      6.20101493      5.34767101      0.36326795      2.27487813      4.28840466      1.13774259      0.93293582      7.01149028      3.45791674      5.41164319      3.00551865      2.86578204      5.00993599      1.22956806      8.92418981      8.51145520      8.18292108      3.34998239      0.27839071      7.50957389      8.98227218      0.03222760      7.03886466      3.91485377      9.94635569      6.68616215      1.42347251      6.58182018      9.25048389      0.07103211      8.80217092      6.09058226      2.21796933      2.56904532      2.91592888      4.64339884      6.19480618      9.32259975      6.31575012      2.19658107      0.22715509      4.79768648      7.33449321      9.37353996      1.80367839      9.63837125
     3.39165141      6.70233265      2.88877149      8.46996066      6.61773861      5.75067610      2.79288708      8.18708413      6.98560827      8.82478225      2.57291492      0.01320734      9.61899154      2.25893674      7.16303678      8.07729914      3.16961429      4.70916730      9.79053363      6.83847949      9.08804921      0.07870756      4.32206498      4.69872977      0.27497562      7.03059198      8.62781357      3.46431900      7.66753648      7.78467125      2.92851739      3.11221741      2.24966020      5.84904546      4.07374322      1.64209523      6.26570752      6.70012694      2.95314911      3.85305999      6.37584306      3.74071377      8.38001458      3.29759317      5.62495520      7.34802825      1.86320231      5.70124171      9.63895017      4.35873921      4.74147867      1.60734039      6.14326043      6.99422118      8.02838674      7.06556776      5.88869558      5.73654075      7.45139277      2.99474753      8.05884895      9.38352985      3.87230723      7.09822473      8.95918976      5.59477322      7.11174722      2.57730073      9.38061226      9.44075558      4.35630716      8.90964216      9.01498555      5.76769657      0.04761387      8.35482299      3.07883757      4.46566357      8.16602530      4.15033529      7.01461245      9.73235104      3.07833315      0.41989885      5.73004887      8.64943894      3.85033342      1.33794368      9.61075096      5.61851748      0.23795180      2.52458158      4.13803217      2.16292707      3.87962343      6.49828514      4.82160759      9.92654166      3.13067604      3.33741456
     1.20156812      7.91194490      9.11558837      1.61133565      3.03387505      2.29878425      3.82814410      3.04963891      6.51859624      3.19359751      1.48110179      0.54125913      8.20468320      0.15354492      4.80743206      8.78577297      5.47662884      7.11931971      1.42645314      8.79559247      7.45618829      9.91289375      3.65628187      6.75486614      2.00672361      9.37719146      3.95353175      2.60204073      5.57375624      0.48231446      2.61735093      4.14432804      5.75296663      6.75240719      6.70424195      1.74658323      5.04707891      5.22580678      3.79124300      4.36286779      1.74467835      6.51590251      6.12268962      5.42144163      5.74865929      9.93771724      5.67506059      9.74687933      7.21454688      9.59926001      1.65099819      1.84065241      3.40970060      7.23619106      5.45015701      1.55039571      7.81010999      9.17528704      1.84505732      7.77604638      0.59433690      6.61712436      8.57077894      3.92113834      0.51748974      2.62720003      9.71995747      2.18700374      6.84856162      9.59023500      7.30364666      9.12892176      7.21479584      3.71302038      8.68326226      2.90867330      3.74820158      8.03633221      9.14115290      2.72523162      9.80700879      5.78194800      3.33813310      6.73940436      2.56295110      4.88094447      9.11466086      0.56827385      9.72431016      5.95609797      6.05425419      7.23760851      9.86310733      3.81178735      1.36526463      2.91416427      3.73120260      7.07556300      8.24478871      6.56689171
     0.13106360      6.30594181      5.91666494      6.13221512      4.21890090      0.60093613      8.06520890      9.37825687      9.95600574      6.33087890      7.11611045      7.51556754      4.70703011      4.11984557      9.69982826      1.57592932      5.46791377      1.52564364      9.82270384      5.82168073      1.78949082      0.04082298      8.47302768      8.23641518      1.59592622      2.10934451      0.32710406      6.55116494      6.16315279      6.32292719      2.96653031      6.16973050      4.98181592      7.99899923      0.14166622      5.41041561      4.00094041      2.13456010      8.37463947      4.59787236      5.68740162      4.29576667      5.31781787      8.64735498      5.24704803      3.09985136      4.77766654      3.68762743      7.74372480      3.65946863      0.62644976      3.24473080      6.14744967      7.27613766      9.99686464      2.95856903      1.01811491      5.99209087      9.99729323      7.31365129      8.25624004      1.38911681      9.69220546      0.76237291      2.54741480      7.61263608      2.73824763      5.74057062      7.35493936      9.91695145      8.15263876      1.16305967      9.93694840      3.72227305      3.68209792      4.23895503      1.90718978      8.21833497      2.09796960      4.83115589      3.79970647      2.05516983      1.89290155      4.32186837      9.57987839      9.70115273      8.05336858      7.39054530      1.35199049      3.91738834      2.45312421      2.49683356      6.60349593      8.34312193      7.26335256      3.34512033      5.65749580      0.89034622      9.21966624      8.95294988
     8.68843424      6.64774443      8.08247091      6.47547499      2.80469821      1.14095328      8.31099308      6.68992643      6.91003414      2.25252293      0.96532554      0.26261115      2.90059056      1.51130968      0.92187540      2.90472224      8.60157322      8.25810642      6.58434701      1.55296642      3.78481611      4.28359177      5.45142407      3.38924716      8.77337818      4.71598869      5.61645233      6.68862132      1.53383329      9.72960707      3.93393210      4.49865367      8.58223800      6.96927153      8.98236052      1.45423727      5.30748129      2.49028136      8.35229399      1.82870673      1.57792764      0.61941887      1.44216104      4.18006347      1.22631439      8.81953379      0.59230856      9.10602097      2.84957076      3.34440743      4.73151041      9.49879992      1.83823578      6.45752635      6.10140332      3.34034530      3.80562219      3.55386754      9.66085517      9.15604045      7.40300299      2.36362753      0.70283034      7.78942921      2.33352125      9.64078436      9.21834705      1.31645596      9.74236447      4.21426224      3.47870368      4.00580734      9.37364641      1.97003858      9.78975735      9.49018412      8.96279086      7.05893218      3.23668027      5.25019725      0.48568940      9.69426252      7.37570939      5.85076128      9.88187633      8.94166250      3.45364301      9.44594605      1.82649532      4.47297837      3.01734642      3.36724669      3.34485638      0.30062876      9.20883900      4.66101256      2.45314790      0.95062944      0.93919630      4.06960854
     4.04010494      8.94818729      4.83931937      1.68297882      9.93894324      1.22683835      8.97837884      4.39052537      4.14214851      2.31847730      8.24150309      3.82211141      9.01096910      3.11140894      9.18287920      5.85328135      8.94470749      2.39203299      0.49186201      8.61287687      1.41221179      8.59627382      4.71020612      4.39352653      5.60967082      8.57304563      1.64788926      6.77691535      6.70524217      3.53198000      5.77859924      1.77261414      7.47149450      0.66540639      8.70143374      1.50778713      3.50046313      2.43800267      7.55967580      1.30443140      7.72940782      0.71285714      4.95596343      9.21019818      9.62371763      3.29781911      0.48596564      2.22344037      1.81093627      3.31487139      8.08617980      4.22736059      7.57205401      8.37936939      3.50888313      5.80327229      8.69276086      2.30280919      1.61959186      7.85909326      7.08079634      3.66405898      2.95959563      1.44329053      4.45485349      5.71767341      9.61659668      6.28993752      9.84352754      9.03187631      8.41065478      5.52319833      3.20374589      9.60617565      4.73860074      8.40925238      9.66924446      1.87917642      5.82540353      3.01799791      7.67191090      7.86186441      7.91356192      0.69927828      1.50086873      0.09350162      6.41869893      8.35552070      2.70908526      3.47369596      1.20546082      4.83947556      2.62959516      1.46490547      4.53467225      0.05974819      8.38402237      7.64700317      0.60228776      3.20769298
     3.91907692      9.79225892      9.63730601      3.11181934      6.18095737      7.43581546      3.69187158      5.60683953      8.03491894      0.74334994      5.56166548      7.55270675      1.87687443      6.82673391      6.21978095      4.23676627      9.99185615      0.48274015      6.11448741      0.41698741      2.15725008      6.65177343      2.43190164      7.73526437      6.33075158      2.03504086      5.37809908      0.19958771      6.24368759      0.29560798      7.11898528      5.70961075      2.65262070      1.47330778      0.96395563      2.85586005      5.91145779      4.55193007      8.09019335      5.17042459      2.60818416      9.60345582      2.17122266      2.67170392      5.44472642      1.87047914      8.99990768      6.25648489      3.53985913      1.50483345      2.33489795      2.70280581      8.82381048      2.49910497      9.55165872      2.25157842      6.20931114      8.63952399      3.94024521      2.70713845      9.52228328      4.09470168      8.75097828      6.59664237      0.33752700      4.29793710      0.16519063      2.02145683      6.76352630      1.85735456      7.79520354      7.08604962      8.45832518      5.80116511      4.37935537      8.90386228      3.65997013      0.54359791      7.24392896      0.82350511      0.45807358      1.32317285      8.41868982      5.72360218      9.45746237      3.44774700      1.73482024      0.71130132      1.21678589      8.82098868      3.52336286      1.74329285      2.00420461      0.54939565      5.16055574      4.81642086      7.16294221      7.96679875      9.60461101      1.87235605
     7.10708593      7.10813616      3.46674227      5.55549456      9.76452799      1.15013746      6.98833943      6.82571876      8.70195317      4.53569659      1.68917529      0.60810737      7.78770243      9.57342332      0.17653511      6.13549197      6.58867122      5.00021834      5.16119853      6.57824989      7.48036028      2.15600242      7.24385694      0.46498289      9.61711274      3.98428581      0.73142921      2.95069663      2.24637338      9.31702050      7.46392864      7.97640149      1.11162687      2.86832882      9.44491514      5.55482654      8.48650176      6.27561909      4.86458838      5.91851437      2.84596829      5.81946845      3.85461381      2.91395666      5.55444877      1.15274736      8.91103889      1.68277854      0.37224676      6.83024399      5.61121206      9.36938978      6.21092612      0.29271797      7.88534974      8.13532133      6.07105778      2.41832713      9.11057872      3.65485452      3.35822920      6.35658537      8.68153422      4.07903488      8.39684062      5.38385151      4.84789640      0.98299185      1.95930739      4.72837092      2.49552725      3.22303282      5.92673689      0.20899356      6.47988154      9.76463663      9.63408275      9.44610264      0.21851049      3.49636730      6.90517358      0.03190793      2.94675867      2.96627190      0.12672836      2.37378349      5.20266510      8.66890626      4.09812672      0.35602045      3.07851715      9.91214775      2.16846854      2.01941866      1.08028944      4.40422784      3.19667247      8.61939172      0.04877712      9.02925923
     4.39852450      5.53312455      2.63151776      1.52290936      6.55812595      8.64117997      9.58886721      9.24754174      1.18778589      1.23166012      6.97150787      2.65000889      7.81555745      5.32399522      6.02908811      0.05883795      2.80316811      6.93139332      1.88071706      4.01602337      6.30259402      1.78846881      2.40025090      5.53130072      9.53744108      2.15076721      7.41555604      5.00390121      1.46005889      4.89508580      3.38769583      9.33830498      2.28927798      6.65379757      9.85586632      0.56947457      4.95404616      7.36725696      9.42385972      4.04845357      4.47788433      7.73768970      5.44499924      3.67946081      7.78099274      8.00458815      5.61840943      9.77397372      5.22172130      4.03360321      1.07403230      4.83529759      0.93687405      1.88869715      9.87696605      7.08066899      7.58862275      6.99241927      8.95901312      1.05771899      4.31256799      7.68617355      6.26881174      8.97986532      5.38197805      4.27087829      4.78117850      9.65055181      6.33989093      6.12483717      2.81457354      7.38671127      4.04459052      0.37613757      6.42507521      7.95671459      2.04846351      1.27742315      9.07540628      5.89572686      6.06048714      3.45784889      8.82650055      6.18088644      5.69413171      3.52155058      3.17264362      1.19092703      9.27163144      7.74392518      2.37848254      7.21940439      8.44543251      4.84295337      6.70794711      5.54497838      2.23261475      2.77034147      3.52912984      9.83591984
     6.85366662      5.17779444      0.95373682      7.04914880      5.14554843      9.91988685      1.18609101      8.85346743      8.49056307      8.90481374      2.98683709      4.87298664      1.30143356      4.27461158      0.45773875      3.13140230      5.13826309      2.41355258      4.99749647      0.90410777      3.75343427      7.66425892      6.40181732      1.24256886      8.25986669      6.71270280      8.82650167      9.79283681      9.95349502      5.91829188      7.89699120      2.02577069      2.69302566      7.63466826      5.54536163      5.07490602      6.59643221      1.29709219      5.95232233      4.06874669      0.62588005      2.23147359      1.44761559      9.60086518      2.14942435      5.23625373      5.89694954      3.25461416      8.00134439      5.30942936      4.41115273      2.72746893      7.71494383      4.38780428      4.49681219      3.76043672      0.54305901      7.63885949      9.50371599      4.98647646      3.10477727      4.22254224      1.48910531      6.98182031      0.49957067      4.68188705      2.57342766      9.69702187      7.14331101      9.62872780      5.47802489      3.67630356      3.90465810      2.89611622      6.57563066      5.68836284      8.70259143      6.76581982      4.46907742      9.91645257      4.87377051      7.48725271      4.67550647      9.63829930      5.76250947      1.30853571      1.93876560      6.42893151      5.06286864      8.57723496      3.18715346      0.47137872      6.65155854      1.18109265      6.63690003      8.54684224      7.34495730      8.51241080      5.50411687      6.26001301
     3.75324971      7.61693853      9.08875284      9.37097469      0.12919796      8.56806170      9.05274536      7.26254209      5.21094728      6.79865109      3.23869983      6.57522983      8.82988607      2.92296248      0.85687768      9.58182085      8.64126088      6.66887928      4.16542559      6.68389892      4.61381446      7.67184299      3.33133981      3.80126996      4.34372298      7.11757761      1.57775403      0.97877636      6.47329623      4.01818516      8.01527314      3.96791228      8.66730796      3.59550438      8.64218834      6.53575036      2.33886002      6.99204510      6.11955991      4.73085435      9.96593871      6.65613339      1.57816477      2.45171012      1.20109843      9.25088487      4.07986711      5.40954392      8.13700178      9.99371870      1.11482648      7.62956241      0.96766193      0.55273511      7.89940837      1.48519391      4.41754490      3.05434609      2.65795954      7.62935617      5.38216316      0.53825168      2.44193148      9.22984574      8.87257951      2.63440832      2.39970948      3.07932585      4.67788033      3.36815481      2.62636826      5.16561804      6.33665110      3.72615066      9.46730998      7.04449399      8.57562059      0.66494949      2.68387691      5.22177845      9.79153593      7.22198371      2.24157693      0.38657728      8.35255420      6.15284433      3.02992043      0.05988263      1.57364066      3.06631543      1.16323605      8.58835944      1.18366588      9.07429966      1.77909443      6.69942800      2.42446080      2.41593352      8.35933437      9.47252613
     8.29641590      8.42176875      8.77043031      2.99356456      6.12699077      6.45371508      5.24097974      7.96843394      5.93295023      0.03396637      8.17332071      0.49318398      7.51001756      7.46800146      7.71172233      9.31453224      0.95709786      1.33331418      0.08594450      4.66712030      3.16613905      9.30956530      1.00246639      0.16749323      6.98531901      7.15577562      5.38938157      4.63152621      5.28856519      6.05883749      2.47811399      0.05483464      7.30132297      6.87010081      8.62058655      4.85896424      9.36052589      1.43878876      5.05592206      2.44083479      2.65671919      3.26856561      1.09324499      1.01615871      6.56856433      1.64512023      3.96388161      2.73280837      5.92123051      6.30765425      1.23307337      9.71107539      2.85456214      5.33251106      7.35416765      0.09343194      3.06518560      1.10964662      8.71894483      6.10410300      6.87457377      9.73915164      6.09445033      2.18350883      5.09521755      1.76159957      7.01388274      4.91439560      2.44149878      0.28040218      3.15841547      3.51294582      6.77518225      2.31150266      1.17674335      6.70343394      0.59945499      7.75882709      4.62767478      1.09713559      8.19991480      5.77822131      3.48932883      6.42324994      1.02917720      0.49631910      8.29171720      1.35202686      3.19496491      4.95934465      9.37334491      7.36692750      5.92403732      8.22847118      0.11354868      6.75921385      2.35824418      3.88039957      3.32663006      5.47168676
     0.76239171      7.15989705      2.04014418      3.33492698      3.93583924      3.89241518      8.31734502      0.25995824      0.73679726      5.51165855      7.78235932      4.20368904      6.51294009      9.29539570      0.93016755      7.67525859      2.04035838      2.58321048      8.57248550      4.10258198      1.45625906      4.30899518      7.98911078      6.30401183      0.45169257      8.92605236      1.55277510      8.35781690      8.52941476      6.29296076      4.63760512      1.58589126      1.53812323      3.51978528      4.46738561      7.54240932      7.58027505      0.92843648      5.86902052      3.98419705      7.66806329      8.77058202      6.58078811      5.41213557      4.70765113      1.36397983      5.35105091      2.37679775      3.18247628      1.01934893      1.46768469      3.88297896      7.31075585      6.01829281      0.43142523      0.45967704      6.58011969      8.09564858      6.87052551      3.16230518      6.40673041      0.19663513      1.37019630      1.00533823      4.20362998      1.92959626      5.06936179      8.63803725      3.15659242      0.52133437      1.70674655      0.30291589      3.31389142      6.68964837      5.66965166      1.94658603      1.97581093      3.29766163      3.33595502      1.99088298      1.49368824      4.48079914      7.16404204      1.39699145      1.48436009      2.82241507      6.57368669      1.45278253      0.11232188      2.44718263      1.57623140      0.26744234      3.47912445      8.57562456      8.02421856      5.94089917      2.78257730      2.79336658      4.20739916      6.67629475
     6.51713967      6.15997630      1.63601159      2.26586631      7.09801471      9.53579144      7.01293366      1.20387006      7.46706997      5.02968528      8.10725458      2.17058304      0.63086696      4.00987128      6.31723476      7.50092713      4.37398422      6.99612560      7.69395245      5.38859433      0.34296845      2.63302525      2.04803996      4.39866042      6.74881743      7.42917710      1.29318854      9.90387492      3.80770159      7.85775489      9.16373482      9.72076720      9.56701184      2.73300070      0.80221013      0.95165713      7.52570285      1.75421631      5.24883191      0.70212838      1.08992161      1.69714743      4.42220058      7.66681905      2.65135430      4.47963571      4.75778605      6.31657261      7.81179968      4.20949546      9.57720488      6.62079788      3.25824164      9.11730691      1.12352541      8.59225981      9.82217550      4.94331458      3.61812941      8.16726091      3.55131663      4.97332787      1.87192465      4.90871758      0.51001353      7.38503121      0.23543413      8.53456167      5.81066513      3.09806702      6.33794508      9.56360269      5.68660257      2.61659159      5.16617903      9.32221283      5.31174355      9.53345442      4.35791884      6.00384918      8.48389266      4.63118611      5.54523391      8.42478811      1.98262128      3.62068764      7.41506099      8.96985290      8.27192870      6.69686941      0.96970497      9.26607736      0.30138678      4.41664567      6.61629648      8.10217372      6.12113052      5.65073429      6.94422114      8.74682598
