     1.00000000      1.40395252      0.41221772      1.32286161      2.77957055      0.66702377      0.83559375      2.63548384      1.68805813      1.19183156      3.06398302      2.34794520      1.48909512      0.23068367      0.48611713      1.65298467      2.87046322      2.90854762      0.28156163      2.18937470      0.43313386      1.16483175      2.64207322      2.80295021      0.36061614      2.93605740      0.35105478      1.59749949      0.60807062      0.06693010      1.77986898      1.91799183      2.39019710      0.38212118      0.16336963      0.04557551      2.55891519      2.23553110      0.30544708      0.59265188      0.40950696      2.71603301      2.66987447      0.33154825      0.33346497      2.09994658      3.02351472      0.60706367      3.01632770      1.72478561      0.90665597      2.93867708      2.03310650      1.86375894      1.79144295      2.58478773      0.01588824      1.82647735      1.07260274      1.96229038      0.90307888      2.27526768      0.97126819      0.99790283      2.81517264      1.44991482      2.22212681      2.64536593      2.34304470      0.49290884      2.56967685      0.31620870      2.15378545      2.65454720      0.20349121      0.98446376      0.05370754      1.87666290      1.99677882      0.67523182      2.63925208      1.40107372      2.17587622      2.17339192      1.27576019      2.95826271      2.27429004      1.36515975      1.82480822      1.30754471      2.22388221      0.75610178      1.37787377      2.33087305      1.99133714      1.09656474      2.61656211      2.71165579      1.55623655      0.09397392
     0.00000000      1.00000000      0.97447517      0.54138232      0.47180472      0.71524143      0.09376195     -0.06484809     -0.20203904     -0.02278877      0.15607820      0.74242753     -0.15653198      1.30256171      0.44992756     -0.10609102     -0.45399443      0.53215551      1.20311230     -0.25499415      0.15374221      0.61025034     -0.06417467      0.57101629      0.22393851      0.45132204      0.59764117      0.43569324      0.80832731      0.33334743      0.47818057      0.05945166     -0.30803774      0.37330024      1.30490279      0.19742183     -0.15188499     -0.18961382      0.38015166      0.87478211      1.05794786      0.79838339      0.78536190      1.06669445     -0.06373355     -0.16423717     -0.33542697      1.07985679     -0.08319707      0.19120142      0.52351158      0.63561491     -0.04748392      0.15058316      0.75531048      0.38162009      0.17066919     -0.18326562      0.36937112      0.53507992      0.41616959      0.47217391     -0.13478567      0.81052585      0.11879070     -0.15429478      0.06297085      0.60678235     -0.35542191      0.87288294      0.23232889      1.25492501      0.50857161      0.36072405      0.63207888      0.55790165      0.90517057     -0.17638794      0.77398497      0.36568807     -0.17722261     -0.23304525      0.40512664     -0.07133978      0.62382920     -0.16406443      0.00537058      0.77336908      0.72871226      0.14827159      0.52044197      0.56198059      0.66526193     -0.20994901      0.67861742     -0.05228139     -0.16858189      0.25250730     -0.27548568      0.32433935
     0.00000000      0.00000000      1.00000000      2.64280715      2.87510276      0.73474395      0.00868303      4.84020855      2.01145109      0.85945962      3.35882456      3.78407125      2.26731256      1.26175241     -2.48914774      0.44158995      5.06828582      5.73972897     -0.75870087      3.22085698     -1.69288329      2.49439248      4.22266491      2.63158729     -1.04995674      4.35512134     -2.45565082      0.12990112      1.19129941     -2.85647303      1.54609209      2.62147516      1.85492597      0.19881588      0.87355113     -2.83786011      1.22646529      1.06172780     -2.43984570      1.40666040      0.97332143      4.46089314      2.26653256     -1.44819524     -2.45688242      3.06793330      3.01211590      0.12727928      2.92205833      3.00604404     -1.22327982      5.17959758      3.13330206      0.46398864      1.60525961      3.99712275     -1.16727948      1.44308723      0.26602385      3.11420772      0.52701249      1.17498893     -0.96043706      1.07168507      2.67588685      2.48473413      2.66370665      3.78116579      1.63114031     -0.59177393      2.19799311     -0.12576692      2.29883514      3.74057639      0.50187570     -1.38496955     -1.87207551      3.18189095      0.59969080     -1.25843703      2.15644704      0.82737029      2.44773118      0.73399813      2.03054616      4.14820400      1.62112959      1.34427628      2.56180690     -0.34823113      1.78902067     -0.72738235     -0.20305536      3.87028692      1.20076342     -0.23954415      2.92344150      2.05888361     -0.89039848     -1.87219738
     0.00000000      0.00000000      0.00000000      1.00000000      1.51314398      0.07544070     -0.01801170      1.99727462      0.79629971      0.44469564      1.53877625      1.45587689      1.00639680      0.27990878     -0.92633543      0.56213298      2.16466642      2.24566223     -0.50049444      1.43622227     -0.56060253      0.98030884      1.71233818      1.30624568     -0.36259691      2.01894063     -0.71524985      0.34242549      0.25230502     -0.85523977      0.64203235      1.03894790      1.24989994     -0.16242183      0.13225322     -1.05370802      0.91611072      0.68200970     -0.86569249      0.27192727      0.00637960      1.72844344      1.02345632     -0.73233847     -0.67094744      1.48576064      1.67027214      0.00572460      1.61921168      1.06294559     -0.31200605      2.21243440      1.17352542      0.56892628      0.74690983      1.70617073     -0.49544821      0.66511601      0.02594661      1.07774784      0.14352109      0.78826882     -0.02689425      0.27421385      1.30347186      0.96512961      1.13707217      1.61650595      0.92224290     -0.17663666      1.11100303     -0.30455879      1.18547765      1.59573161     -0.06038354     -0.47850353     -0.78437146      1.40123931      0.45454947     -0.44097866      1.30313384      0.58465696      1.26405350      0.68320894      0.73244890      1.93345943      0.96135210      0.59275566      1.08977345      0.01523216      0.79931085     -0.21218520      0.16399935      1.80093489      0.77757718      0.02495009      1.42609821      1.10808135     -0.04778783     -0.76916977
     0.00000000      0.00000000      0.00000000      0.00000000      1.00000000     -0.27720541     -0.23855585     -0.00163540     -0.00956006      0.00238354      0.71424211      0.23062791      0.30708549      0.05389514     -0.45812662      0.77262347      0.49306601      0.57603903      0.37221034      0.25458502     -0.25165559      0.22289708      0.13440715      0.97135859     -0.08703301      1.28448257      0.39976584      0.46844243     -0.20035721     -0.30121237      0.32109788     -0.15141507      0.33567492     -0.58813855      0.55543801     -0.25425779      0.82555056      0.11205702     -0.43995187      0.03933127     -0.56475600      0.86649490      1.16268677      0.16015963     -0.44048219      0.56593588      1.12525905      0.70651121      0.97094905     -0.27406724      0.50329709      1.38755870     -0.51753394      0.67197522      0.33297077      0.60228301     -0.10457398     -0.12362973     -0.17641569      0.51308334      0.26232685      0.95510630      0.00184395      0.39474085      0.62568212     -0.31746459      0.07737526      1.01211715     -0.00743804      0.45202315      0.47375136      0.06298431      1.24021737      0.70934850     -0.58221825      0.09435138     -0.16182285      0.17216627      0.40928855     -0.49749702      0.72520434     -0.03653437      0.55314370      0.86244434      0.27640066      1.03515739      0.52391274      0.21600819      0.40711662      0.09846936      0.39634676      0.09932695      0.53307227      0.88643989      1.23422402     -0.19078088      0.16852458      1.08681097     -0.07680371     -0.77787964
     0.00000000      0.00000000      0.00000000      0.00000000      0.00000000      1.00000000     -0.20520471      1.24569370      1.37466906      0.54078635     -0.40190713     -0.56166159      0.53430575     -1.22259773     -0.53319295     -0.08192406     -0.13837219     -1.49925742     -0.59537861      0.90650745      1.56437738     -0.27750784     -0.00253725     -1.66542944      0.93708948     -0.06347210      0.27957554      0.27222111     -0.88628723      0.02506070      0.53842919      0.10364800      0.52383160      1.39252430     -1.28570869      0.87271558      0.65932062      0.44272288      0.92616509      0.17394190      0.56966405     -1.24943318     -1.11868323     -1.25959286      0.73519509      0.98756296     -0.58131431     -0.35826301     -0.07182971      1.11702821     -1.08698845     -0.19713017      0.01691714     -0.01766464     -1.63635148     -0.51814678      0.26658344      0.78998554      0.41985075     -0.17895538      0.81749651     -0.84025218      0.66468291      0.25917989      0.47400901      1.57452460      1.10423178     -0.92782515      1.06986275     -0.54913055     -0.84409990     -0.47766457     -1.46939520     -0.35858763      0.07555326      1.02910372     -0.45379233      1.46001354     -0.76783735     -0.20076488     -0.51556015      0.49676290     -0.62341157     -0.38384045      0.02331357     -0.80283880      0.90674724     -0.22984076     -0.10976498      1.12573478     -0.95571752      0.37471665      0.15474763     -0.02300949     -0.10735235     -0.01845752      0.72694306      0.00050958      1.46217109      0.91287229
     0.00000000      0.00000000      0.00000000      0.00000000      0.00000000      0.00000000      1.00000000     -2.83635335     -0.91472578     -0.71772887     -0.10481800      0.79649723     -0.59243521      1.31630086      1.95535299      0.19531588     -1.26805657      1.06748791      1.39961874     -1.98250737     -0.69913340     -0.29452106     -0.91101921      2.60167064     -0.04130419      0.79020125     -0.07946774     -0.31582536      1.09062766      0.15714649     -0.40881274     -0.25225363     -0.71514346     -0.65486732      2.23143429      0.52591766     -0.00945431     -1.46683431     -1.07346470      0.29069678      0.30145068      1.80287281      0.89520938      3.16401183     -0.47299981     -0.70346208     -0.07634385      1.03868400     -0.77587861     -1.22147404      1.40058132     -0.25709469     -0.59327982     -0.53349891      2.39915071     -0.44567811     -0.16635608     -0.54726673     -0.94767776      0.89727102     -1.10418896      1.46329348      0.44471231      0.79819335     -1.23419692     -1.63659317     -0.88825239      0.41224919     -2.53096999      2.54611209      0.33107687      1.09038940      2.48155740     -0.74462427      0.79333585     -1.39465981      2.01366471     -1.59463941      0.69474575      0.55691195      1.05280740     -0.66134160      0.64660611      1.58518713      0.47030283      0.54807028     -0.43177904      0.68553332     -0.54235859     -0.43859215      1.07952877      0.29368043     -0.50725119      0.89071486      0.94438952      0.54901442     -2.27139975      0.40628820     -1.15151083     -0.37693999
     0.00000000      0.00000000      0.00000000      0.00000000      0.00000000      0.00000000      0.00000000      1.00000000      0.62653400      0.83863262      1.18368143      0.34761902      0.14002478     -1.16772065      0.24266734     -0.56911378     -0.14894659      0.47979110     -0.11409081     -0.03677540      0.48537416     -0.15968863     -0.23088511      0.22069782      0.08386111     -0.34107703     -0.25267125     -0.14748079     -1.42914177     -0.76994309      0.26750466     -0.51832500      0.99644611     -0.71244904     -2.18920404     -0.18821873      1.76351782     -0.04686935     -0.12193455     -0.63388160     -0.94498599      1.06589154      1.85790007     -0.46290912     -1.20052619      0.05776605      1.54674989      0.01148611      0.13112272      0.86941398     -1.06343006      0.98202416      0.82675806      0.30417517     -0.68277683      1.19738943     -1.02673904      0.43698965      0.35928121      0.26407159      0.23916375      0.21154578      0.52219371      0.35583774      0.98710443     -0.36414127      0.73425646     -0.28202273      1.69999861     -1.52783570      0.48074297     -0.87036315      0.08530015      1.20936372     -0.65496214      1.08021216     -1.58934070      0.24944645     -0.31725387      0.15061028      1.09938051     -1.05808769      0.06206754      1.35784433     -0.59729709      0.67309109      1.28228496     -0.41014089     -0.50980177      0.50516284     -0.34358981     -0.40233049      0.17654616      0.21369072      0.63804321      0.12039772      0.57301874      0.44043886     -0.09093282     -0.76226956
     0.00000000      0.00000000      0.00000000      0.00000000      0.00000000      0.00000000      0.00000000      0.00000000      1.00000000     -2.57442034     -4.92068459     -2.74539311      0.32807030      2.78214059     -3.90287170      1.90436828      4.59390821     -2.09506431     -2.12894105      4.75341250     -2.54786879      0.06028630      3.46459714     -4.27050458     -0.18995510      0.69300102     -2.02553571     -0.22806533      5.75501172      2.54645451     -1.14240868      5.32406762     -5.25739528      7.28487471      7.09481409     -0.42529731     -9.17118252      3.83588076      2.32394943      4.07614552      5.08773599     -5.91679120    -10.92950829     -0.63559986      6.70813816      2.19503927     -7.98132556     -2.46522570      0.15581000     -0.82610184      2.85343087     -5.92516534     -1.03285513     -2.55233013      1.24908789     -6.06079019      5.60901649      0.76907532     -0.91870046      0.51553644     -0.32856556     -3.59953468     -4.44045457     -1.26563965     -3.10711886      5.49260728     -1.76097076      0.88882487     -5.22602314      4.28182595     -1.52437994      2.44895736     -3.46732723     -5.36466182      2.00914301     -3.51035859      4.50317160      1.71716994     -0.32817047     -2.48757087     -6.55646998      6.97699228     -1.05411488     -7.75436373      2.52950001     -3.58985764     -6.08989616      1.17532861      3.60160404     -0.79964240      0.35402418      0.74436633     -1.66183710     -0.64419888     -5.11294926      0.64837093      0.97799929     -1.95480971      2.43725038      5.21691632
     0.00000000      0.00000000      0.00000000      0.00000000      0.00000000      0.00000000      0.00000000      0.00000000      0.00000000      1.00000000      1.36714372      0.35790772     -0.30794027     -0.87744470      1.27396634     -0.95645636     -1.54471975      0.61187066      0.84685029     -0.90303523      0.82357304      0.23944833     -1.04431367      0.95870764      0.31066762     -0.92031885      0.98447626      0.40977467     -1.95687302     -0.26677908     -0.16455008     -1.56204300      1.77134802     -2.20865160     -2.64957816      0.37868970      2.27309126     -0.93777405      0.09706958     -1.50367008     -1.65510703      1.40448708      2.90667026      0.56865657     -1.26763836     -0.85288686      2.56588990      0.64438811     -0.05122844      0.48026287     -0.91043576      1.35103463      0.78549075      0.72848689     -0.18693253      1.94485843     -1.51375443     -0.27988705      0.67906721     -0.43712638      0.23792607      0.76432075      1.49260813      0.37248612      0.90209410     -1.52759042      0.52589405     -0.21735532      1.80514258     -1.51633538      0.76337496     -1.01524125      0.56096315      1.67123126     -0.67071587      1.86967959     -1.45059540     -0.89811150      0.56691472      1.27826645      1.90631050     -2.11076746      0.77724264      2.44124582     -1.14671173      1.12997678      1.79585279      0.06010270     -1.13729035      0.40989342      0.13381814      0.06416376      0.48049906     -0.09250294      0.99154854      0.19161553      0.08825761      0.41638003     -0.42083562     -0.97293677
     0.00000000      0.00000000      0.00000000      0.00000000      0.00000000      0.00000000      0.00000000      0.00000000      0.00000000      0.00000000      1.00000000      0.84911039     -0.35000989     -0.32210684     -0.10761139     -0.72175489      0.49042454      0.89297367     -0.14452624     -1.46381122     -1.07779974     -1.03836726      1.40485493      0.73813901     -0.87042633     -0.16610106     -1.14266247     -1.51264644      0.61466970     -1.33540900      0.32750533      0.24294423     -0.10665978     -0.98449643     -0.33155142     -1.87957879      0.28063793     -0.35018661     -1.38104967     -0.47129798     -0.31354164      2.21596525      1.59012990     -0.33701211     -3.21868786     -0.50525842      0.64173169     -0.47117111      0.37384998     -0.52954626     -0.49158931      0.43887409      0.54226300      0.49124597     -0.69641836      0.96934893     -0.97575207      0.69892029     -0.05046366      0.68543639     -0.91396596      0.89515179     -1.57145107      0.44594398      0.97389700     -1.08883069      0.38461796      0.25351362      0.53067100     -1.03190814     -0.10552494     -0.49465113      0.18462113      1.34639770     -0.40011088     -0.99653590     -1.01686650     -0.60278782     -0.20387376     -0.73924487     -0.24238810     -1.58064806     -1.31477663     -0.56687005      0.71818529      0.47703138     -0.29426442     -1.34395699      0.20313990     -0.56888490      0.43178423     -1.06506619     -1.00228031     -0.24334505      0.56266997     -0.33882984     -0.04438260      0.73182250     -0.88555345     -1.93838220
     0.00000000      0.00000000      0.00000000      0.00000000      0.00000000      0.00000000      0.00000000      0.00000000      0.00000000      0.00000000      0.00000000      1.00000000      1.45912637      2.28609468      0.46691828      1.05177257     -0.48687658      0.54508082     -0.00722145      1.47937629      2.11272467      2.30115584     -2.19114625      0.77053764      0.96463103      3.04736707      1.79041600      3.50611108      0.29371444      0.55541658     -0.01675154      0.35212937      1.09277538      1.26424653      2.98003426      3.13177364     -0.26799056     -1.25068342     -0.99411315      2.01264659      1.52122666     -2.60529878     -0.84843214      2.53718923      4.25121850      1.01225371     -0.57417463      0.22515345     -1.34544883      0.97384807      1.59522128      1.20084673     -0.67013972     -1.99191165      2.65088073     -1.71750573      1.11269810     -2.37167680      0.01221772     -0.29801862      1.52549324      0.27571273      2.90539180     -0.76231540     -0.87028713      2.24068477     -1.29490357      1.01270715     -2.35505663      2.96903670      0.67836913      1.17487961      2.62226667     -2.23403244      1.78565837      0.88008781      2.51010503      0.84193468      0.48846809      1.52205636      1.46892362      2.60129299      3.98723157      2.52471973     -0.12898490      0.86584536      1.75814070      3.04431550     -1.79722915      0.63673284      0.08131487      1.24778966      2.06297762      2.47260859      0.36173940      0.85447320     -1.20475621     -1.35773657     -0.20334004      1.34018384
     0.00000000      0.00000000      0.00000000      0.00000000      0.00000000      0.00000000      0.00000000      0.00000000      0.00000000      0.00000000      0.00000000      0.00000000      1.00000000      0.82298496      0.79098505      0.81708151     -0.70072908     -0.17168132     -0.21702070      1.26169641      1.80236401      1.57682417     -1.72530683     -0.07480372      0.90645781      1.36477482      2.19303431      2.85906653     -0.16127557      0.68116760      0.29482844      0.31549849      1.16802987      0.52777258      0.76843954      2.97208526      0.14719599     -0.21699185      0.32794939      0.93584923      0.56434447     -2.84335771     -0.79027280      1.52144286      3.94945409      0.17958850      0.22854161      0.25431460     -0.84611916      1.02115224      1.61648069      0.36923471     -0.19901320     -1.06218439      1.62419953     -1.34631963      1.23538112     -1.94059592      0.20878836     -0.91874832      1.86497710     -0.07187436      2.27794489     -1.13549045     -0.07458552      1.74706795     -1.10140434      0.38746604     -0.94245292      1.79342333      0.71367682      0.32259863      1.15112890     -1.51158112      0.59532464      1.44813826      1.84336972      0.28326961      0.80916118      1.37463090      0.82324963      2.26219359      3.27146198      2.00973983     -0.70676747      0.71644942      1.71589523      2.17633118     -1.50753225      0.88652971      0.17842432      0.95973080      2.30454132      0.95847626     -0.23240553      0.91904526     -0.25026062     -0.86625655      0.81610891      1.62021456
     0.00000000      0.00000000      0.00000000      0.00000000      0.00000000      0.00000000      0.00000000      0.00000000      0.00000000      0.00000000      0.00000000      0.00000000      0.00000000      1.00000000      0.14330620     -0.13905318      0.08453187      0.14737491     -0.05696777      0.36652090      0.38156006      0.34425964     -0.09466230     -0.10507979      0.13164975     -0.23856980      0.08612941      0.30181567      0.58304671      0.56838719     -1.17419343      0.55225085     -0.02464778      0.32579823      0.57701449      0.01537843     -1.34769314     -0.27679213     -0.08137724      0.14908874      0.32075681     -0.34200270     -0.86653031      1.28891162      0.98539277      0.09383208      0.01003347     -0.52243294     -0.40853506      0.13751081      0.11284861     -0.74072936      0.73573970     -0.77285118      0.78124910      0.22673045      0.52034716     -0.18591026      0.08149413     -0.27177269     -0.09310588      0.11609609      0.48136869     -0.08526891     -0.79408443      0.20014159     -0.28937537      0.16068558     -0.76209047      0.36722626      0.14886531      0.28222970      0.39763445     -0.15860532      0.52116938     -0.09073325      0.72132791     -0.36964030      0.46061385      0.73216190      0.31939237      0.51342257      0.51861633      0.08284864     -0.24828168      0.30867662     -0.35134838      0.77170429      0.02498592     -0.28467565      0.21722201      0.42517956     -0.16562572      0.59038833     -0.67706789      0.88183198      0.13478101     -0.98248418     -0.16732546      0.52869217
     0.00000000      0.00000000      0.00000000      0.00000000      0.00000000      0.00000000      0.00000000      0.00000000      0.00000000      0.00000000      0.00000000      0.00000000      0.00000000      0.00000000      1.00000000     -2.53294457     -1.30352714      7.27698646     -7.05947781      4.45584685    -10.88989687      9.03091606      6.89218884     -4.01871846      1.28763326      6.14164372     22.21672309     15.84977117     19.32856563     -1.36054638     12.23993573     14.19134834     13.12595745     -5.04496029      6.89457467      9.67273066     -8.57812404      6.93999985      2.40643423      8.55179572      6.72708815    -20.12799923     -9.72102162      5.51258223     23.58060785    -14.51684639      3.68928194     -8.61364354      0.16754588     -0.90689231     25.62861391     -0.10632340      4.97820026     -5.20614945     15.66350424    -17.32312380     10.60806924    -22.13612962      1.13627393    -10.85032552     15.27377898     -0.18053777     -7.17729437    -16.24453952     22.01724238     13.59743745    -17.19584354     15.02359596     -6.50593109      9.39133487     11.75874883    -14.60873524     -1.00038702     -8.09435301     -6.42085282      7.29983387     10.07095315    -15.50563879     17.47631515      1.42310338    -13.56083767     11.33845929     35.52491146      2.28885208      4.39595172     11.93642137     10.57322797     12.33524628    -17.90657472      1.58429688     13.92284199     -6.96787499     19.16914694     -5.76916568    -13.04585281      6.55159136      2.15749038     -1.28563835     10.25748491      8.03148183
     0.00000000      0.00000000      0.00000000      0.00000000      0.00000000      0.00000000      0.00000000      0.00000000      0.00000000      0.00000000      0.00000000      0.00000000      0.00000000      0.00000000      0.00000000      1.00000000      2.04005213    -11.79683219     10.63179988     -5.90501464     15.07483410    -13.59786789     -8.94775679      4.81560072     -3.57606806    -13.55167073    -33.12564177    -22.00828637    -28.36703274      1.69670647    -20.05506825    -18.43154936    -17.78744695      5.72894493    -15.87019168    -12.97472727     10.06022851     -8.63379427     -0.42109179    -15.49658163    -10.83433621     28.75687145     12.64458292     -6.85685402    -33.85679386     18.55108934     -4.29843680      9.60589343     -1.24684234      1.95318922    -37.30852879     -4.60536822     -3.74504548      8.02742301    -23.60177333     27.19402150    -16.84412847     32.05820547      1.06722156     14.67281116    -23.35712314      0.64900604     10.62759397     22.57410925    -33.08215353    -19.61214480     26.62090481    -22.20961153     10.05440188    -15.89135266    -15.36951935     21.10600541     -0.98733820     12.22733270      9.05012270    -10.22053894    -13.70586872     19.33264745    -24.54019938      0.01962209     19.41023887    -17.63091578    -51.29062152     -5.00265914     -9.78604736    -18.55053392    -15.52916989    -17.21532279     26.75370857     -0.57429079    -19.21546196     10.25109201    -30.36026664      6.04865155     15.39447754     -7.94764380     -1.52680900      2.36660203    -12.24480689    -10.63245634
     0.00000000      0.00000000      0.00000000      0.00000000      0.00000000      0.00000000      0.00000000      0.00000000      0.00000000      0.00000000      0.00000000      0.00000000      0.00000000      0.00000000      0.00000000      0.00000000      1.00000000     -6.02717982      2.20440727     -1.65141883      5.25770286     -4.33109068     -1.06182554     -0.13873174     -0.96709406     -7.53912598     -9.77631504     -7.31705015     -6.41644940      0.61661322     -8.49237120     -3.01756149     -4.35210014      2.58031252     -6.76937927     -4.05774696      0.77943015     -1.83507213      1.42119794     -5.78950558     -2.86745137      7.64905276      0.26788180     -0.31018925     -8.67686890      5.75308036     -1.02935555      1.69538372     -0.80782568      0.26549050    -10.42047617     -6.11819605      1.55913588      3.18543128     -7.38309809      8.65145435     -4.77203506     10.07921350      0.55185889      3.54491656     -6.81284756      0.56488026      3.88402062      5.46000982    -10.84210232     -4.40575219      9.14364354     -6.66228741      2.92959799     -5.63460893     -4.61139316      5.83552843     -1.24589087      3.34679517      3.54335546     -3.27138756     -1.46984419      3.92331720     -7.15789731      1.44692296      5.16882394     -3.88074023    -15.80323759     -3.40325138     -4.44049098     -5.46773551     -5.81975208     -4.19567920      9.63878399      0.46610046     -6.25387700      2.75503274    -11.26686444      0.72435457      1.84040576     -1.11962032      0.69623220     -0.41199472     -1.22520410     -2.17930744
     0.00000000      0.00000000      0.00000000      0.00000000      0.00000000      0.00000000      0.00000000      0.00000000      0.00000000      0.00000000      0.00000000      0.00000000      0.00000000      0.00000000      0.00000000      0.00000000      0.00000000      1.00000000      1.26972041     -0.72906145      0.04248295     -0.95745751     -1.31692119      1.37299819     -0.70641742      1.27627454     -2.26141324     -0.97169257     -2.99595557     -0.16386814      0.61864915     -2.65570004     -1.79330457     -0.59893509      0.13531907     -0.83364398      2.03575692     -0.88854356     -1.07454926     -0.37739945     -1.05553728      2.62782900      3.34906304     -1.85714046     -3.71754610      0.55296034     -0.44742761      0.99575261      0.14782866      0.17259510     -2.68657051      2.73991895     -2.02027338      0.05880202     -1.48925949      1.34119256     -1.34159439      1.56808200      0.17441067      1.47478439     -1.83360693     -0.05997877     -0.41497944      2.31069948     -1.20812317     -2.43403892      0.78678545     -1.28534325      0.67310589     -0.58669913     -0.92558978      1.63324166      0.33083832      1.10733066     -0.30649546     -0.71121106     -2.75951570      2.03733694     -1.67908237     -1.17605463      1.20538167     -2.44159121     -3.02869647      0.61627547      0.45214458     -1.44557312     -0.28354758     -2.06553428      0.45364135     -0.50117715     -0.69027045      0.61842803     -0.57337184      0.67197049      2.78975838     -1.44221898     -0.86617260      1.19761559     -2.31298843     -1.59641965
     0.00000000      0.00000000      0.00000000      0.00000000      0.00000000      0.00000000      0.00000000      0.00000000      0.00000000      0.00000000      0.00000000      0.00000000      0.00000000      0.00000000      0.00000000      0.00000000      0.00000000      0.00000000      1.00000000     -0.40889651      0.68228117     -0.81343764     -0.98155094      0.73883747     -0.32307392      0.04440265     -2.19406321     -1.09300565     -2.49335092      0.02634062     -0.58494385     -1.87884002     -1.34454594     -0.05062700     -0.63039618     -0.72033166      1.23139239     -0.78918285     -0.41246431     -0.79121698     -0.89142764      2.12992850      1.87543423     -0.97403628     -2.66585509      0.95189946     -0.29845914      0.78381599      0.02478723      0.25508761     -2.67906860      1.03621948     -0.96926705      0.27479882     -1.53561153      1.66682856     -1.25505813      1.88399837      0.15992352      1.13098560     -1.61251151     -0.04532895      0.43071942      1.83297726     -1.82175013     -1.74037608      1.43561546     -1.43810514      0.68933370     -0.87567048     -0.95316630      1.42835414      0.09424271      0.90181982      0.28192079     -0.55766176     -1.74043566      1.66347058     -1.57693652     -0.35228568      1.37170013     -1.73182702     -3.10610549      0.14668747     -0.24570679     -1.25797631     -0.59082031     -1.40132694      1.20531062     -0.19186632     -0.99435267      0.78005775     -1.36259799      0.64354864      1.70870555     -0.82106777     -0.38165910      0.56416305     -1.44936362     -0.99345969
     0.00000000      0.00000000      0.00000000      0.00000000      0.00000000      0.00000000      0.00000000      0.00000000      0.00000000      0.00000000      0.00000000      0.00000000      0.00000000      0.00000000      0.00000000      0.00000000      0.00000000      0.00000000      0.00000000      1.00000000     -0.20255475      1.23499565      0.11438694     -0.99517114      0.44618883     -0.62078936      1.51007850      1.08551396      0.81476668      0.08601621      0.39747963      0.81228347      0.81396055      0.08675413     -0.37079023      0.98721654     -0.76415884      0.68920522      1.39018056      0.27278164      0.51881535     -1.86549223     -1.09476599     -0.11754002      2.52828644     -0.34201275      0.15821289      0.28986557      0.22881189      0.30240627      1.09540832     -0.56857380      0.74171629      0.58348966      0.86379238     -0.68391439      0.23819737     -1.25104798      0.34408821     -0.76180859      1.44315863     -0.77660107      0.33310597     -1.58888947      0.89545500      1.74712906     -0.41819946      0.84141707      0.30178023      0.01162520      0.92322932     -0.70666291     -0.60175102     -0.49219789      0.27371426      1.59553273      0.67578013     -0.22948114      0.88899265      0.69138271     -0.53959692      1.39526638      2.31405408     -0.27389198     -0.28591226      0.62863360      0.41247453      1.29222054     -0.34254077      0.83744488      0.61082932     -0.11306588      1.03619916     -0.94665388     -1.62776688      0.00587582      0.70252926     -0.53584113      1.11318275      1.01109686
     0.00000000      0.00000000      0.00000000      0.00000000      0.00000000      0.00000000      0.00000000      0.00000000      0.00000000      0.00000000      0.00000000      0.00000000      0.00000000      0.00000000      0.00000000      0.00000000      0.00000000      0.00000000      0.00000000      0.00000000      1.00000000     -0.38861907      0.08228002      0.81749374      0.17805703     -0.02802557     -1.44232709     -0.58359349     -0.76740762      0.61456508     -1.49901609     -0.35339261     -0.44485835      0.28182377     -0.23534425     -0.48624343     -0.45495655     -0.76064754     -0.80072322     -0.60188924     -0.12093273      1.04986717     -0.50984896      1.45807159     -0.43605558      0.57667782     -0.05219433     -0.41504048     -0.30533224      0.30231546     -1.40255166     -0.07276570      0.35185788     -0.96714479     -0.39367491      1.08384651     -0.05139423      1.49735125      0.06646737      0.32060101     -0.80548970      0.28591241      1.11857595      0.90668377     -1.33159433     -1.02919712      0.78655946     -0.73581912     -0.48471104      0.16595727     -0.45504373      0.56207606      0.16633327      0.20460851      0.41694317     -1.27859381     -0.08538875      0.13557430     -0.10182037      0.59568178      1.34552725     -0.34020706     -1.48324346      0.64474582     -0.30201168     -0.04502345     -0.21071890     -0.20321618      0.41408091     -0.54399812      0.06137501      1.03405342     -1.41928924      1.47170155      0.19536433      1.01135728     -0.18049470     -0.39105909     -0.66873111      0.37398262
     0.00000000      0.00000000      0.00000000      0.00000000      0.00000000      0.00000000      0.00000000      0.00000000      0.00000000      0.00000000      0.00000000      0.00000000      0.00000000      0.00000000      0.00000000      0.00000000      0.00000000      0.00000000      0.00000000      0.00000000      0.00000000      1.00000000      0.79243002      0.34765211      0.12961120     -1.55820606      0.96967228     -0.66371280      0.67596965      0.76488274     -0.80834039     -0.78283593      0.01763750     -1.27732166      0.59429116     -1.41435606     -0.42491992     -0.60210172     -0.77231912     -0.95909605     -1.27268975      0.33590475     -0.04839178     -0.42208969     -0.78493383     -0.51299410      0.09688199     -0.61825769      0.10131959     -0.33412340     -0.18586919      0.48943321      0.67579980      0.48400351      0.84402520      0.89437576      0.46583388     -0.64331598      1.11240951     -0.70237260      0.01164555     -0.72600807     -0.03674635     -0.40614696     -0.54681341     -0.34602587      0.02709314      1.67277114      1.15255935     -1.05180623     -0.84599939      0.01361316     -0.36867815      1.86153759     -0.28059459     -0.47703171     -1.59094094     -0.27109573      1.01634653      1.23619830      0.78830441     -0.66854920      0.19382482      0.01796473     -0.73473953      0.19337604     -0.99247993     -0.35307783     -1.58870402     -2.45561866      0.53160742     -0.40273345      0.02201085     -0.69494897     -0.87877612     -0.11474511      0.73443640     -2.46190780     -1.18551601     -0.64868189
     0.00000000      0.00000000      0.00000000      0.00000000      0.00000000      0.00000000      0.00000000      0.00000000      0.00000000      0.00000000      0.00000000      0.00000000      0.00000000      0.00000000      0.00000000      0.00000000      0.00000000      0.00000000      0.00000000      0.00000000      0.00000000      0.00000000      1.00000000     -0.81473515      0.11569250     -1.20323094      1.78485237      1.51419439     -0.14859872      0.04315045     -0.00283788     -0.25025136      1.16892110     -3.32906283     -0.70486509      1.29915342      0.07062951     -0.83904716      0.61347584     -2.11572257     -2.33486095     -1.39942375      1.64991399     -2.35424860     -1.10927944     -1.90471021      0.95566028     -2.66072613      0.79523843      0.28439800     -1.37417816      0.26729579      0.24735679      1.09565503     -1.92193638      0.72792981     -0.25786592     -0.60912054      1.72964776     -2.47562730      0.01768858     -0.22912788     -0.17405368     -0.25894392      0.05502578     -0.50599419      1.41657548     -0.16903604      1.99276656     -2.43402881     -1.77679737     -1.01288364     -1.42319415      1.27899623     -1.16917298      1.26889183     -2.42806615      0.41882622      0.79210834      1.48822728     -1.20260710     -2.52507021      1.57712050     -1.90352772     -0.48887591     -0.17510430      1.03868162     -0.84652138     -0.48517588     -1.79157270      0.41744294      0.14437433      1.58753437     -1.36230947     -0.37674024      0.78005278      2.18537955     -0.01707304      0.59095883     -1.39686156
     0.00000000      0.00000000      0.00000000      0.00000000      0.00000000      0.00000000      0.00000000      0.00000000      0.00000000      0.00000000      0.00000000      0.00000000      0.00000000      0.00000000      0.00000000      0.00000000      0.00000000      0.00000000      0.00000000      0.00000000      0.00000000      0.00000000      0.00000000      1.00000000     -0.30108849      0.87222336     -2.02758976     -0.96140897      2.15682273      0.41480609     -1.06055258      2.89857366     -0.35295447      4.14802293     -0.25723325     -0.24306919     -3.10914963      0.97966772     -0.63389962      1.95506408      3.65409764      0.42738869     -5.41192374      5.91275898      4.77355203      0.35267543     -0.63656986      0.67504912     -2.10207368     -0.98871815      2.64583285     -2.47287543      1.89739466     -3.04642358      2.80007058     -1.08689026      1.04629993      0.26243544     -1.23576264      2.30221412     -0.02587748      0.17063720      0.88934136     -0.64478118     -0.09166438      1.71550135     -2.25588502      1.65517246     -4.69671942      4.13915263      3.19077453      0.35663240      0.68939724     -2.37843927      0.89430546     -3.23439225      5.62987479     -3.65020019      0.17302553     -1.02927655      1.20907580      4.14359838      0.47773675      2.30025722      0.39207883      0.81592820     -0.64449560      1.78279289     -0.87056117      2.85539969      1.32639867      1.26530738     -2.82744888      2.64354091     -2.95280722      1.25768110     -2.38941547     -1.23578922      1.45675039      4.39611275
     0.00000000      0.00000000      0.00000000      0.00000000      0.00000000      0.00000000      0.00000000      0.00000000      0.00000000      0.00000000      0.00000000      0.00000000      0.00000000      0.00000000      0.00000000      0.00000000      0.00000000      0.00000000      0.00000000      0.00000000      0.00000000      0.00000000      0.00000000      0.00000000      1.00000000     -0.70290871      1.23343140     -0.01894471     -1.62334727      0.13973590     -1.01710381     -2.82002474      0.27938728     -3.26613175      1.21482414     -1.42415415      2.66501784     -1.63589310     -0.97499571     -1.90856359     -4.25400280      1.01622883      4.63604586     -3.90896407     -4.75032137      0.43313068      1.07524892     -1.39628482      1.82502744      0.51924419     -2.87510943      2.27450775     -0.99085949      1.76109689     -1.87515405      2.48447658     -0.19267687      0.60414600      0.72464545     -1.60572393     -0.96150879      0.42620540      0.09308860      1.64731606     -1.32067110     -2.53903688      2.71896252     -1.06622718      4.09657745     -3.64554302     -3.57364304     -0.35748223      0.73432044      3.32733109     -0.77806235      1.06838891     -5.70703712      3.46545695      0.42525815      1.68242441      0.99027219     -4.11675721     -1.36929377     -1.14412476     -0.95056978      0.23695490     -0.01030301     -1.69721426      0.36737990     -4.52202037     -1.39697625     -1.23975929      1.71526649     -0.05761037      2.56669471      0.38810175      2.54687929     -0.37338483     -2.71973605     -4.14188041
     0.00000000      0.00000000      0.00000000      0.00000000      0.00000000      0.00000000      0.00000000      0.00000000      0.00000000      0.00000000      0.00000000      0.00000000      0.00000000      0.00000000      0.00000000      0.00000000      0.00000000      0.00000000      0.00000000      0.00000000      0.00000000      0.00000000      0.00000000      0.00000000      0.00000000      1.00000000      1.00642572      5.92488875      3.99319113     -1.54274255     -1.01725429      7.83967808      2.58440231      2.09784208     -2.42388924      7.01439026     -5.68266502      0.48687019     -0.42799079      0.13960165      2.29940419     -5.41224594     -5.93307332      8.32792678     10.78856699     -5.63660230      2.09561519     -6.26157251     -4.84259505     -0.57451386      4.66058688     -3.35968085      2.78454793     -6.67914510     -0.26007920     -1.89462006      2.39168793     -2.80915460      1.50230704     -1.25021186      1.76085989      0.76107869      2.11469619     -2.10791988      2.14640904      3.59093507     -2.55519706      3.53513701     -6.58169124      5.91491836      3.62781417     -3.44559255     -0.51029185     -5.24802008     -2.41455479     -2.24332228      7.05682662     -6.99225762      2.40578156      0.95133206     -1.52932790      3.61885997      8.25086330      1.74045602     -0.57677849      2.70278566      4.99186866      2.62635241     -5.56359706      4.67527691      4.40275052      3.08086046      0.54977415      3.90719832     -8.47844785      6.14986272     -0.43619212     -0.48791400      5.01286024      8.08293408
     0.00000000      0.00000000      0.00000000      0.00000000      0.00000000      0.00000000      0.00000000      0.00000000      0.00000000      0.00000000      0.00000000      0.00000000      0.00000000      0.00000000      0.00000000      0.00000000      0.00000000      0.00000000      0.00000000      0.00000000      0.00000000      0.00000000      0.00000000      0.00000000      0.00000000      0.00000000      1.00000000      4.36628056      3.39858301     -0.78897124     -1.28544886      6.00378782      2.14447909      1.08213943     -1.96438596      5.22360112     -4.77424992      0.28058012     -0.07542640     -0.29168572      1.35951901     -4.16310662     -4.93498815      6.54068591      8.29911909     -4.69286704      1.69221645     -5.40148386     -3.65189108     -0.58496176      3.33126050     -2.95881787      2.70757539     -5.03530342     -0.11324785     -1.22067880      1.85747243     -2.27052013      1.43280199     -1.31700837      1.09952151      0.37609941      1.59420110     -1.83806924      1.37081302      2.78795654     -1.77430046      3.00020626     -4.90060721      4.29130046      2.57582269     -2.53359707     -0.74040164     -3.65509511     -2.00856522     -1.87270563      5.05653542     -5.59884047      2.01090627      1.02273964     -1.10915310      2.55300826      6.83638938      1.26884235     -0.80679106      2.05167146      3.55995209      1.97338289     -4.76772738      3.11569112      3.45802905      2.35015093      0.19915667      2.86533555     -7.03758632      4.83204922     -0.14802318     -1.04666802      3.90726972      6.29761533
     0.00000000      0.00000000      0.00000000      0.00000000      0.00000000      0.00000000      0.00000000      0.00000000      0.00000000      0.00000000      0.00000000      0.00000000      0.00000000      0.00000000      0.00000000      0.00000000      0.00000000      0.00000000      0.00000000      0.00000000      0.00000000      0.00000000      0.00000000      0.00000000      0.00000000      0.00000000      0.00000000      1.00000000      1.92098563      0.03278165     -0.63923384      2.73527451      0.69958876      1.64969013     -0.67989002      1.80233897     -2.47088542      0.45168999      0.29768697      0.70757678      1.74102016     -1.46230868     -3.34523357      3.84440131      4.28143598     -1.34666813      0.22066848     -1.34456200     -1.54046060     -0.52174404      1.97581276     -1.99081216      1.62609142     -2.18630190      0.81623249     -1.10381540      0.76307548     -0.81727874     -0.10587229      0.09855313      0.38282933      0.02294481      0.46481041     -0.98564112      0.64630360      1.78270807     -1.39459913      1.28590183     -2.92399590      2.53564200      1.84460770     -0.72645608     -0.24740678     -1.99016737     -0.08735495     -0.95062933      3.65003875     -3.00995490      0.56449754     -0.08627818     -0.37645521      2.23459183      2.70806757      0.79002561     -0.02909070      0.79863407      0.75726810      1.36053645     -1.45194497      2.03289219      1.24109167      0.94772825     -0.76598461      1.20908880     -3.04487688      1.57523737     -0.82726254     -0.62933370      2.04806908      3.35798668
     0.00000000      0.00000000      0.00000000      0.00000000      0.00000000      0.00000000      0.00000000      0.00000000      0.00000000      0.00000000      0.00000000      0.00000000      0.00000000      0.00000000      0.00000000      0.00000000      0.00000000      0.00000000      0.00000000      0.00000000      0.00000000      0.00000000      0.00000000      0.00000000      0.00000000      0.00000000      0.00000000      0.00000000      1.00000000      0.14291899     -0.06871785      1.13907557      0.10177337      1.27185872     -0.20305756      0.65488002     -1.08902450      0.44698047      0.36778550      0.80874472      1.39369651     -0.55275778     -1.76937462      2.04408229      2.09109712     -0.19957881     -0.20173588      0.09183849     -0.59619861     -0.31165970      1.23930152     -0.99715587      0.76921087     -0.79109547      0.74301992     -0.98839113      0.22343566     -0.38538672     -0.40530264      0.30679345      0.31784461     -0.05504092     -0.08933796     -0.53391496      0.62153887      1.01919419     -1.08869152      0.41780602     -1.54463673      1.42705420      1.23779669     -0.12899722     -0.09815778     -1.11365810      0.43299205     -0.04335847      2.35568987     -1.62088457      0.09968126     -0.36527727     -0.29458967      1.58210432      1.07695923      0.40702163      0.19788408      0.26619122      0.01661516      0.87995705     -0.21610580      1.28265629      0.33908448      0.24344737     -0.55192231      0.07004599     -1.04859729      0.18634481     -0.81940367     -0.13609921      1.02403936      1.65446457
     0.00000000      0.00000000      0.00000000      0.00000000      0.00000000      0.00000000      0.00000000      0.00000000      0.00000000      0.00000000      0.00000000      0.00000000      0.00000000      0.00000000      0.00000000      0.00000000      0.00000000      0.00000000      0.00000000      0.00000000      0.00000000      0.00000000      0.00000000      0.00000000      0.00000000      0.00000000      0.00000000      0.00000000      0.00000000      1.00000000     -0.30799328     -0.26819624     -0.12339746      0.02184797      0.60469381     -0.73842898     -1.22302140     -0.49396964     -0.48630114      0.31973602      0.47873012     -0.17463706     -1.40619897      0.91138812      1.10587786     -1.02584025      0.02297250     -0.25516903     -0.44145924     -0.67990342     -0.04158230     -0.28962720      0.59525053     -0.74069635      0.60188424     -0.24192808      0.89087817      0.07049996      0.49772848      0.22915940     -0.37087082     -1.10501521      0.32192978     -0.67687136     -1.11944740      0.48159989     -0.71931682      1.09071418     -0.67582969     -0.24855881      0.50579394     -0.32915825     -0.73203468      0.28110713      0.19613313     -0.87492421      0.05958880     -0.56601329      0.02756512      0.58068053      0.39425271      0.05032799      0.30294702     -0.08531387      0.50904245     -0.39423335     -0.73718591     -0.30763543     -1.47007914     -0.51166594      0.34475343      1.06475247     -0.32210795      0.54957244     -1.37198013      0.04574720      0.00421182     -2.07815082     -0.47758316      0.98263037
     0.00000000      0.00000000      0.00000000      0.00000000      0.00000000      0.00000000      0.00000000      0.00000000      0.00000000      0.00000000      0.00000000      0.00000000      0.00000000      0.00000000      0.00000000      0.00000000      0.00000000      0.00000000      0.00000000      0.00000000      0.00000000      0.00000000      0.00000000      0.00000000      0.00000000      0.00000000      0.00000000      0.00000000      0.00000000      0.00000000      1.00000000    -17.03702426    -14.51506736   -104.56304035     18.00401144    -90.60665656    -58.89734908    -83.02292828    -96.28488582    -84.02819865    -84.23734368     11.82058689      4.70408882      2.80916145     30.07892640    -50.67518067     62.35853657    -75.40280455    -50.81519333    -49.91538598    -62.83600699     45.13637225     33.99445365    -47.99472841     -9.22576214    118.92776804     83.24826332      8.33247965     79.08460183    -17.30222755    -15.56623698    -39.96974328     63.28481546     -0.83222168   -109.97041527    -37.18958533     22.62405319     93.98240661     16.35966824    -33.50522387    -49.70198438     16.94790263    -34.30753907    127.27141769    -73.83778338   -111.61071316   -152.08341034     40.02458165     20.28851851     89.25436713    136.50021236    -38.76985957    -23.55376549     65.23913852    -10.57352555     44.82019375     60.53211101   -117.99426974   -162.58296161    -71.10203693     99.82115835     56.71356158     80.52203803    177.97326723   -138.57837797    108.13351375    113.99594600   -171.09445786    -96.94917202      4.28654476
     0.00000000      0.00000000      0.00000000      0.00000000      0.00000000      0.00000000      0.00000000      0.00000000      0.00000000      0.00000000      0.00000000      0.00000000      0.00000000      0.00000000      0.00000000      0.00000000      0.00000000      0.00000000      0.00000000      0.00000000      0.00000000      0.00000000      0.00000000      0.00000000      0.00000000      0.00000000      0.00000000      0.00000000      0.00000000      0.00000000      0.00000000      1.00000000      0.88826380      6.17002788     -1.12092413      4.94422559      3.25322488      4.66080598      4.94603850      4.71013061      4.58057095     -0.64690789     -0.32210134      0.28967713     -1.14471298      2.82612786     -3.04219600      4.26941918      2.68348239      2.84459620      3.83672360     -2.45600469     -1.75047904      2.33372242      0.76242348     -6.29555163     -4.25454864     -0.52295337     -4.34233151      0.98251268      0.92475015      2.13574140     -3.44606191      0.02229562      6.24468392      2.06814025     -1.36149127     -5.04108878     -1.16259150      1.98744746      2.97925399     -0.94979676      1.89123101     -6.90964962      4.11061843      6.08805357      8.87516049     -2.42652860     -0.80324920     -4.50944144     -7.14301334      2.51874335      1.20772865     -3.47825574      0.48647687     -1.89215106     -3.12365032      6.43699592      8.83055498      3.81593165     -5.34703944     -2.98457202     -4.35987248     -9.46962075      7.27401613     -5.76377444     -6.20101114      9.15504143      5.28861954      0.16996993
     0.00000000      0.00000000      0.00000000      0.00000000      0.00000000      0.00000000      0.00000000      0.00000000      0.00000000      0.00000000      0.00000000      0.00000000      0.00000000      0.00000000      0.00000000      0.00000000      0.00000000      0.00000000      0.00000000      0.00000000      0.00000000      0.00000000      0.00000000      0.00000000      0.00000000      0.00000000      0.00000000      0.00000000      0.00000000      0.00000000      0.00000000      0.00000000      1.00000000    -71.73189028     57.41045250    -51.20773696    -27.00322118    -96.97688062    -72.18434748    -77.41231455    -48.88160996    -21.43045850     25.89814903     16.81929059     21.79316492    -13.71307850     21.45579727    -81.10869812    -21.50114196    -45.79000352    -60.39325050     45.31711354     49.48462132    -22.49719290    -23.70188533     62.18275596     48.99393296     16.40617017     30.36931187      0.56286931     -9.71461162    -26.48461574     43.64312858     -8.08713878    -93.91072224    -15.52873774     42.70189589     70.46123451     34.42922500    -36.94396614    -76.49500258    -15.75593512    -32.85413312     91.91615174    -49.11025106    -65.57955439   -129.30834412     71.83449682     22.44675746     67.34704696     89.14482135    -61.58112366      2.25289121     48.88083535    -13.18110798     27.32117330     45.04758733    -99.73931467   -116.42393240    -59.55362953     78.76147784      3.68907738     48.29739240    116.12204388    -79.78117241     95.21407492     92.45394614   -104.80533067    -83.60746953    -32.07099369
     0.00000000      0.00000000      0.00000000      0.00000000      0.00000000      0.00000000      0.00000000      0.00000000      0.00000000      0.00000000      0.00000000      0.00000000      0.00000000      0.00000000      0.00000000      0.00000000      0.00000000      0.00000000      0.00000000      0.00000000      0.00000000      0.00000000      0.00000000      0.00000000      0.00000000      0.00000000      0.00000000      0.00000000      0.00000000      0.00000000      0.00000000      0.00000000      0.00000000      1.00000000     -0.78822413      0.69997460      0.38029228      1.33515997      0.98478181      1.05766475      0.65509159      0.29621778     -0.34617579     -0.22361365     -0.28657471      0.20230646     -0.28000337      1.11683698      0.30472190      0.63543934      0.83970438     -0.62775826     -0.67017341      0.31053265      0.33379220     -0.83535386     -0.65858233     -0.21799106     -0.42274388     -0.01171573      0.12955815      0.37014292     -0.60017146      0.11573991      1.28976124      0.21084471     -0.57226069     -0.97104995     -0.46693466      0.50374845      1.04472049      0.22037543      0.45451369     -1.25341970      0.67580658      0.89779668      1.78443554     -0.98009189     -0.29127264     -0.90542417     -1.21092778      0.84983479     -0.03790519     -0.66737418      0.16928720     -0.34752409     -0.61098836      1.36181322      1.60856826      0.80886746     -1.07776311     -0.05216285     -0.66209157     -1.57311765      1.09484470     -1.29032405     -1.25514435      1.44367123      1.14988999      0.44515988
     0.00000000      0.00000000      0.00000000      0.00000000      0.00000000      0.00000000      0.00000000      0.00000000      0.00000000      0.00000000      0.00000000      0.00000000      0.00000000      0.00000000      0.00000000      0.00000000      0.00000000      0.00000000      0.00000000      0.00000000      0.00000000      0.00000000      0.00000000      0.00000000      0.00000000      0.00000000      0.00000000      0.00000000      0.00000000      0.00000000      0.00000000      0.00000000      0.00000000      0.00000000      1.00000000      1.75766781      0.34270191      0.90028408      4.60127284      0.90837532      1.39082444     -0.64395255      0.79339177     -2.22982665     -2.50057169      1.06089407     -3.18228589      1.52177423      2.22789929      0.51141513     -0.82029149     -1.80220230     -0.44229867      3.72662547     -0.88541466     -3.68403537     -2.48965414      1.57082611     -2.08596968     -0.50856353      0.41264093      1.30167803     -1.69882748     -0.06702851      0.00327394      0.74768485      0.44095543     -2.95794153      2.38365375     -0.72415740     -0.80870813      0.02140968      0.19463677     -2.68355537      1.40962206      2.44635639     -0.26615831      1.03797093     -1.74396167     -3.98066062     -5.35110997     -1.63673733      1.43146004     -1.54022782      0.52725830     -3.86305683     -2.50233543      2.03807523      4.96188929      2.40383603     -2.41098155     -1.50741661     -1.58941313     -4.62145739      5.17790943     -1.58475772     -1.12970835      5.28148244      2.25618944     -2.16829143
     0.00000000      0.00000000      0.00000000      0.00000000      0.00000000      0.00000000      0.00000000      0.00000000      0.00000000      0.00000000      0.00000000      0.00000000      0.00000000      0.00000000      0.00000000      0.00000000      0.00000000      0.00000000      0.00000000      0.00000000      0.00000000      0.00000000      0.00000000      0.00000000      0.00000000      0.00000000      0.00000000      0.00000000      0.00000000      0.00000000      0.00000000      0.00000000      0.00000000      0.00000000      0.00000000      1.00000000     -0.69173461      1.23761382      4.23170321      0.61715985      0.44464821     -0.19040251      0.41769310     -1.68079247     -1.12964027      0.62637975     -1.69593035      1.96026345      1.64570618      0.52837399     -0.47007701     -2.19882119      0.01865913      3.35719356     -0.31673219     -2.06394658     -1.21568740      2.02570665     -1.33162959     -1.07426667      0.71634712      1.22754852     -1.11178799      0.04846486     -0.50326442      0.40784430      0.16418563     -2.69532044      2.15213353     -0.68145051     -0.07162627      0.84282882      0.06732686     -1.67059678      1.10419399      1.51279160     -0.00734441      0.24890011     -1.24561680     -3.00697257     -4.08352715     -0.62348843      0.99325743     -0.86902677      0.27168778     -2.57664328     -1.86892929      1.53893536      4.58274250      2.58625021     -1.66338043     -0.13837214     -0.85620379     -2.62872805      3.65975642     -0.20449380      0.21573557      4.12212165      2.22976686     -0.76424680
     0.00000000      0.00000000      0.00000000      0.00000000      0.00000000      0.00000000      0.00000000      0.00000000      0.00000000      0.00000000      0.00000000      0.00000000      0.00000000      0.00000000      0.00000000      0.00000000      0.00000000      0.00000000      0.00000000      0.00000000      0.00000000      0.00000000      0.00000000      0.00000000      0.00000000      0.00000000      0.00000000      0.00000000      0.00000000      0.00000000      0.00000000      0.00000000      0.00000000      0.00000000      0.00000000      0.00000000      1.00000000     -0.37165830     -1.77674729     -0.02426975      0.34208994      0.03192403     -0.12328036      0.40055607     -0.12099006     -0.13787507      0.16558706     -1.17079491     -0.61921061     -0.24137704      0.16859091      1.19332391     -0.40119903     -1.45161548     -0.16369234      0.39137125     -0.17434789     -1.41565444      0.45060421      0.82895117     -0.56652359     -0.45008740      0.31825963      0.00080686      0.82200077     -0.10729477      0.06053413      0.99845206     -1.10907924      0.46389870      0.01974896     -0.67445340      0.16135005      0.19377203     -0.39887135     -0.26049974      0.18118005      0.01994771      0.32635101      1.06599967      1.47605736      0.11939527     -0.42337087      0.03281381     -0.07738042      0.62556674      0.71904141     -0.25738921     -2.04039228     -1.16599759      0.29657928     -0.50545353      0.00593254      0.19433730     -1.15252384     -0.85481347     -0.94437188     -1.36869211     -0.85955559     -0.16043608
     0.00000000      0.00000000      0.00000000      0.00000000      0.00000000      0.00000000      0.00000000      0.00000000      0.00000000      0.00000000      0.00000000      0.00000000      0.00000000      0.00000000      0.00000000      0.00000000      0.00000000      0.00000000      0.00000000      0.00000000      0.00000000      0.00000000      0.00000000      0.00000000      0.00000000      0.00000000      0.00000000      0.00000000      0.00000000      0.00000000      0.00000000      0.00000000      0.00000000      0.00000000      0.00000000      0.00000000      0.00000000      1.00000000     -8.05998002      1.52320846     29.14813362     -0.96607876    -32.94309715     12.65884388      2.66783103    -12.02126871    -11.70583098     -7.09956203    -11.67062101    -14.66697238      6.01661583     13.66822237    -12.12143907    -24.64078766      0.40759814    -18.08921510    -22.15940673    -31.14157201      7.32004493     26.38133651    -15.69514671    -11.77827218     -2.45206196    -12.15661228     15.26902501     19.67498877    -24.84242445     33.52365629    -31.99921172     14.28412325     16.66447096    -16.09638384     -7.02563001    -12.01821876      2.83636262      4.87170885     18.51971262    -29.69156908    -12.78379072     -8.90751428     12.18055524      6.10617130     -8.67538459     -5.66225723     10.41082538    -14.08818281    -11.23999244      6.95819606    -36.54424170      0.89064966      2.20848879     -9.62646593    -10.55172556    -12.47608876    -29.50239096    -48.82541050    -39.08600080    -14.13897966     -4.22888698     13.10891787
     0.00000000      0.00000000      0.00000000      0.00000000      0.00000000      0.00000000      0.00000000      0.00000000      0.00000000      0.00000000      0.00000000      0.00000000      0.00000000      0.00000000      0.00000000      0.00000000      0.00000000      0.00000000      0.00000000      0.00000000      0.00000000      0.00000000      0.00000000      0.00000000      0.00000000      0.00000000      0.00000000      0.00000000      0.00000000      0.00000000      0.00000000      0.00000000      0.00000000      0.00000000      0.00000000      0.00000000      0.00000000      0.00000000      1.00000000     -0.26843021     -3.12709366      0.33124942      3.40026293     -1.43379146     -0.54580237      1.44626588      1.16918854      0.96132802      1.16431545      1.43828896     -0.54972435     -1.36519754      1.04291096      2.59782283     -0.12553184      1.98179178      2.18269866      3.21351895     -0.73335415     -2.60164755      1.56444994      1.32579478      0.14127554      1.55757570     -1.45181308     -2.05764813      2.66960155     -3.41996389      3.09304213     -1.37198678     -1.78347844      1.91328491      0.81808494      1.24548973     -0.22919684     -0.49279241     -1.72471918      3.06589101      1.24611016      0.86855458     -1.16431784     -0.58290306      0.62048968      0.51921386     -0.89834477      1.68472350      1.09320238     -0.73905546      4.03454347      0.03453868     -0.16904137      0.98641870      0.99165632      1.49469656      3.17308247      4.90472878      3.94576219      1.82823232      0.68727932     -1.26151046
     0.00000000      0.00000000      0.00000000      0.00000000      0.00000000      0.00000000      0.00000000      0.00000000      0.00000000      0.00000000      0.00000000      0.00000000      0.00000000      0.00000000      0.00000000      0.00000000      0.00000000      0.00000000      0.00000000      0.00000000      0.00000000      0.00000000      0.00000000      0.00000000      0.00000000      0.00000000      0.00000000      0.00000000      0.00000000      0.00000000      0.00000000      0.00000000      0.00000000      0.00000000      0.00000000      0.00000000      0.00000000      0.00000000      0.00000000      1.00000000      1.41129592     -0.98918883     -0.63939623      0.42839063      1.18086144     -1.00030195     -0.39169264     -0.56739049      0.23495700      0.00674086     -0.13513705     -0.60923638      0.43192774      0.12321355      0.31283160     -1.31265232     -0.04350966     -0.15813800     -0.21539586     -0.04206945     -0.01730497     -0.35140106      0.33981265     -1.67453416     -0.34456659      0.48517375     -1.01756706     -0.08289777      0.69174737     -0.22092374      0.96057203     -1.35155832     -0.45579710     -0.77009133      0.05767228      0.32422135     -0.53750969     -0.66925739     -0.29894329     -0.39589949     -0.93968422     -0.01004282      1.03449396     -0.05271318     -0.36085529     -1.89801039     -0.30490707      0.63104016     -1.01640599      0.13891107     -0.73539145     -0.09912728      0.09353421     -1.65495707     -0.48005407     -0.58239312     -0.34038067     -1.15996290     -0.76519909     -0.22295131
     0.00000000      0.00000000      0.00000000      0.00000000      0.00000000      0.00000000      0.00000000      0.00000000      0.00000000      0.00000000      0.00000000      0.00000000      0.00000000      0.00000000      0.00000000      0.00000000      0.00000000      0.00000000      0.00000000      0.00000000      0.00000000      0.00000000      0.00000000      0.00000000      0.00000000      0.00000000      0.00000000      0.00000000      0.00000000      0.00000000      0.00000000      0.00000000      0.00000000      0.00000000      0.00000000      0.00000000      0.00000000      0.00000000      0.00000000      0.00000000      1.00000000     -0.01432274     -0.76807606      0.75931112     -0.19761852      0.37109919     -0.40800089      0.25629867     -0.16668763     -0.85645141      0.29273833      0.59182655     -0.33987230     -0.25509703     -0.20087498     -0.95827873     -1.01736319     -0.41583833     -0.35192303      1.35098028     -0.23758639      0.16948313     -0.13605499     -0.18961848      0.63921652      0.64330103     -0.73629186      0.60655618     -1.19635681      0.82331845      0.75795850     -0.04755681      0.24532059     -0.59078615      0.48072899      0.53572887      1.22342467     -0.85335218     -0.57552167     -0.15854106      0.46361857      0.75345617     -0.64125016      0.03337766      0.70651726      0.06260143      0.01153639      0.31581694     -0.16799141      0.72594524      0.01028494     -0.62417614     -0.48843321     -0.01380045     -0.32693643     -1.15774301     -1.16826482      0.71983907     -0.01865371     -0.00030588
     0.00000000      0.00000000      0.00000000      0.00000000      0.00000000      0.00000000      0.00000000      0.00000000      0.00000000      0.00000000      0.00000000      0.00000000      0.00000000      0.00000000      0.00000000      0.00000000      0.00000000      0.00000000      0.00000000      0.00000000      0.00000000      0.00000000      0.00000000      0.00000000      0.00000000      0.00000000      0.00000000      0.00000000      0.00000000      0.00000000      0.00000000      0.00000000      0.00000000      0.00000000      0.00000000      0.00000000      0.00000000      0.00000000      0.00000000      0.00000000      0.00000000      1.00000000     -5.52859517     -6.52465179      0.71002830     -5.99868107     -1.48456177      1.88921750     -2.46419435      3.41907406     -3.43978062     -3.37748688     -0.51051350     -2.48112047      1.42578808      5.18281399      0.49466096     -4.00124731      6.87097515     -4.80170949     -2.83860961     -5.84437666      2.19708765     -0.99298912     -3.01810182      1.25746962      2.69220766      4.44794482      3.18968129     -3.50306907     -2.26105899     -0.23895696     -6.88982509      4.30770374     -2.13827152     -3.81669546     -4.69149542      2.24056098     -1.44460704     -2.19651189     -2.77529580     -3.78228712      3.19146509     -2.63460985     -0.75786367     -6.84973115     -5.69150366     -0.56904717     -7.34453793     -3.78928315      0.94826604      4.35659269     -0.63325633     -5.17592932     -4.89982564     -7.70702007     -1.50561723    -10.46101682      1.53961704      4.55775577
     0.00000000      0.00000000      0.00000000      0.00000000      0.00000000      0.00000000      0.00000000      0.00000000      0.00000000      0.00000000      0.00000000      0.00000000      0.00000000      0.00000000      0.00000000      0.00000000      0.00000000      0.00000000      0.00000000      0.00000000      0.00000000      0.00000000      0.00000000      0.00000000      0.00000000      0.00000000      0.00000000      0.00000000      0.00000000      0.00000000      0.00000000      0.00000000      0.00000000      0.00000000      0.00000000      0.00000000      0.00000000      0.00000000      0.00000000      0.00000000      0.00000000      0.00000000      1.00000000      1.50061916     -0.22991740      1.45780902      0.29824153     -0.10605444      0.32342392     -0.83431448      0.85878561      0.80495363     -0.14733948      0.30453865     -0.37311055     -0.97565154     -0.24805888      0.67647199     -1.46100310      1.25664239      0.48298244      1.27928219     -0.50977818      0.43066760      0.81302861     -0.21824296     -0.66042977     -0.75152480     -1.20665482      1.05160471      0.59050862      0.30871457      1.50007222     -0.90937409      0.48620343      0.80511202      1.37511402     -0.69348953      0.08821826      0.49877150      0.86290306      1.12176876     -0.99942713      0.56805181      0.45677514      1.73979223      1.28766952      0.15887713      1.64455447      0.91777621     -0.11400974     -0.92688678      0.12712163      1.47005668      0.91655514      1.38893661      0.07037462      2.38607522     -0.12514834     -0.72390719
     0.00000000      0.00000000      0.00000000      0.00000000      0.00000000      0.00000000      0.00000000      0.00000000      0.00000000      0.00000000      0.00000000      0.00000000      0.00000000      0.00000000      0.00000000      0.00000000      0.00000000      0.00000000      0.00000000      0.00000000      0.00000000      0.00000000      0.00000000      0.00000000      0.00000000      0.00000000      0.00000000      0.00000000      0.00000000      0.00000000      0.00000000      0.00000000      0.00000000      0.00000000      0.00000000      0.00000000      0.00000000      0.00000000      0.00000000      0.00000000      0.00000000      0.00000000      0.00000000      1.00000000      0.95531370     -1.28401859      2.02036286     -2.05150092      0.80824880      0.37932544      1.11870115      0.92743216      0.49972507     -1.30855744      0.74286664     -1.30820009      0.55258689     -1.24908418      0.12002805     -1.65615133      0.98450274     -0.63683584     -1.22599535     -0.16620857      1.97015895      0.18252733     -2.59161110      1.03889634      0.52305577     -0.78647819     -0.13105452     -3.33335686     -0.77278392     -0.31578640      0.94858739      1.37844067     -0.30387499     -2.35855825      2.47373989     -2.57523031      0.46993005     -2.71611124      1.99841396     -0.10159681     -0.94901024      0.72711877     -1.86498561      0.07488612     -1.10978194     -0.19979652     -0.34311671      0.14610235      0.15843902     -2.35928009      0.05569593     -0.95663232     -0.85131751     -0.45007127     -0.50386463      1.59916740
     0.00000000      0.00000000      0.00000000      0.00000000      0.00000000      0.00000000      0.00000000      0.00000000      0.00000000      0.00000000      0.00000000      0.00000000      0.00000000      0.00000000      0.00000000      0.00000000      0.00000000      0.00000000      0.00000000      0.00000000      0.00000000      0.00000000      0.00000000      0.00000000      0.00000000      0.00000000      0.00000000      0.00000000      0.00000000      0.00000000      0.00000000      0.00000000      0.00000000      0.00000000      0.00000000      0.00000000      0.00000000      0.00000000      0.00000000      0.00000000      0.00000000      0.00000000      0.00000000      0.00000000      1.00000000     -6.40118485      5.13500460     -8.34520168      3.11191061      3.53012668      1.23056701      3.86962220      1.24422000     -4.55047303      3.25474380     -3.48509638     -1.28152323     -5.16417248      2.95467406     -6.06798818      2.91701583     -2.82901303     -2.92425326     -2.38693079      6.45700303     -0.51068600     -7.91422103      3.88281389      4.19184225     -4.01700975     -0.90043539    -11.01747359     -2.54772345      0.30373049      0.06597791      4.29880176     -4.67131032     -6.81957735      7.33350507    -11.92292547     -0.84556191    -10.56131147      7.58816956     -0.50136849     -4.02507126     -2.55731844     -7.35652406      0.96441322     -6.86759439     -2.21615215     -0.89318899     -0.66177282      0.15404257    -12.70903101      1.58171086     -5.37200674     -3.32747968     -3.70524081     -2.59491509      1.89549949
     0.00000000      0.00000000      0.00000000      0.00000000      0.00000000      0.00000000      0.00000000      0.00000000      0.00000000      0.00000000      0.00000000      0.00000000      0.00000000      0.00000000      0.00000000      0.00000000      0.00000000      0.00000000      0.00000000      0.00000000      0.00000000      0.00000000      0.00000000      0.00000000      0.00000000      0.00000000      0.00000000      0.00000000      0.00000000      0.00000000      0.00000000      0.00000000      0.00000000      0.00000000      0.00000000      0.00000000      0.00000000      0.00000000      0.00000000      0.00000000      0.00000000      0.00000000      0.00000000      0.00000000      0.00000000      1.00000000     -0.83297786      1.23846541     -0.59951034     -0.67960713     -0.22436139     -0.71179678     -0.19259560      0.70575816     -0.61063769      0.69961493      0.24470513      0.80157041     -0.41424246      1.02960410     -0.59216286      0.49276191      0.47183240      0.42632730     -1.19637188      0.06987320      1.31507068     -0.63563480     -0.70417842      0.62779174      0.16030326      1.80602956      0.38992073     -0.00862495     -0.07212306     -0.74780020      0.68625285      1.08650205     -1.23826255      2.09133830      0.25681879      1.71676416     -1.33500042      0.08802555      0.62785783      0.38967366      1.24732009     -0.20378984      0.99154203      0.35236859      0.15842805      0.12243605      0.02504808      2.26134763     -0.47871421      0.92990507      0.66968457      0.50057036      0.40724602     -0.24890369
     0.00000000      0.00000000      0.00000000      0.00000000      0.00000000      0.00000000      0.00000000      0.00000000      0.00000000      0.00000000      0.00000000      0.00000000      0.00000000      0.00000000      0.00000000      0.00000000      0.00000000      0.00000000      0.00000000      0.00000000      0.00000000      0.00000000      0.00000000      0.00000000      0.00000000      0.00000000      0.00000000      0.00000000      0.00000000      0.00000000      0.00000000      0.00000000      0.00000000      0.00000000      0.00000000      0.00000000      0.00000000      0.00000000      0.00000000      0.00000000      0.00000000      0.00000000      0.00000000      0.00000000      0.00000000      0.00000000      1.00000000      4.34481847      3.16190131     -0.12933058     -1.47319220     -5.10102352      8.42060748      7.59918546      3.23040808     -2.01734477      2.89394742     12.14432667     -2.20961022     -3.33910374      4.21724556      3.10161764      1.75485531     -2.75273158     -8.51922243      1.21797221      9.10034530     -7.19768251     10.72108565     -2.07043917     -1.16230248      4.33248886     -2.92195451     -1.22852389      3.65428722     -2.42374378      3.73577080     14.86795770      7.02992384      6.41953616     -4.73616933     -2.15883852      8.64478020      3.87739027      0.58875662     -2.10798018      0.44044815      0.28778545      9.42703348      3.80357994      1.06299553      0.18011572     -2.28003195     -3.30100731      4.59827542     13.30561458      5.89423482      3.23550867     -1.38522630     -5.54610173
     0.00000000      0.00000000      0.00000000      0.00000000      0.00000000      0.00000000      0.00000000      0.00000000      0.00000000      0.00000000      0.00000000      0.00000000      0.00000000      0.00000000      0.00000000      0.00000000      0.00000000      0.00000000      0.00000000      0.00000000      0.00000000      0.00000000      0.00000000      0.00000000      0.00000000      0.00000000      0.00000000      0.00000000      0.00000000      0.00000000      0.00000000      0.00000000      0.00000000      0.00000000      0.00000000      0.00000000      0.00000000      0.00000000      0.00000000      0.00000000      0.00000000      0.00000000      0.00000000      0.00000000      0.00000000      0.00000000      0.00000000      1.00000000      1.09228080     -0.11182632     -0.74106379     -1.38293872      2.52965986      2.18238301      0.91591674     -0.57698181      0.37803541      3.75028222     -0.74474985     -0.63661064      0.98173131      1.02114373      0.42160763     -0.92057406     -2.82157330      0.31027409      2.88739404     -2.27354918      3.28884702     -0.59739251     -0.28581055      1.46530629     -0.81691236     -0.31595180      0.76039621     -0.61008292      0.96688321      4.64924040      1.97674188      1.89371051     -1.39724741     -0.69012432      2.33074513      1.33568988      0.16680099     -1.10036511      0.23887098      0.03546809      2.68742410      1.04452770      0.31614423     -0.45086645     -0.66880744     -0.97102046      1.21811569      4.12371664      1.90805324      1.06269855     -0.63682477     -2.21748702
     0.00000000      0.00000000      0.00000000      0.00000000      0.00000000      0.00000000      0.00000000      0.00000000      0.00000000      0.00000000      0.00000000      0.00000000      0.00000000      0.00000000      0.00000000      0.00000000      0.00000000      0.00000000      0.00000000      0.00000000      0.00000000      0.00000000      0.00000000      0.00000000      0.00000000      0.00000000      0.00000000      0.00000000      0.00000000      0.00000000      0.00000000      0.00000000      0.00000000      0.00000000      0.00000000      0.00000000      0.00000000      0.00000000      0.00000000      0.00000000      0.00000000      0.00000000      0.00000000      0.00000000      0.00000000      0.00000000      0.00000000      0.00000000      1.00000000     -0.55921454     -0.31634377     -1.44009111      1.75948103      1.92205178      0.61975223     -0.75848553      0.51024750      3.07918937     -0.37838565     -0.20906786      0.49659069      1.02186455      0.56740690     -0.47679703     -2.77126556      0.11804484      2.02626345     -1.43970601      2.36054729     -1.07227813     -0.42978095      0.75801669     -0.46655516     -0.22909573      0.17019058     -0.14883764      0.49976619      3.33263628      1.30338992      1.41976250     -1.07695487     -0.99068561      1.34839329      0.58206710      0.22678679     -1.30262790     -0.02041156     -0.27630260      1.68789969      0.77144132      0.06075270     -0.56809075     -0.64406333     -1.02775287      0.61454689      3.33183902      2.21445328      0.61888481     -0.35928625     -2.14317192
     0.00000000      0.00000000      0.00000000      0.00000000      0.00000000      0.00000000      0.00000000      0.00000000      0.00000000      0.00000000      0.00000000      0.00000000      0.00000000      0.00000000      0.00000000      0.00000000      0.00000000      0.00000000      0.00000000      0.00000000      0.00000000      0.00000000      0.00000000      0.00000000      0.00000000      0.00000000      0.00000000      0.00000000      0.00000000      0.00000000      0.00000000      0.00000000      0.00000000      0.00000000      0.00000000      0.00000000      0.00000000      0.00000000      0.00000000      0.00000000      0.00000000      0.00000000      0.00000000      0.00000000      0.00000000      0.00000000      0.00000000      0.00000000      0.00000000      1.00000000     -0.85974460     -0.25621017      0.88521216     -0.46414892      0.47976376      1.38802722     -0.87024343     -0.43439655      0.61992773     -0.35070956     -0.64712771     -0.35999467     -0.16090847     -0.42307005     -0.46955829     -0.05622998      1.12394074     -0.71195510      0.64886491      0.24898258      0.03616442      1.64052487     -0.27633697      0.47040292     -0.32503222      0.04784179     -0.25045941      0.51981552     -0.16456156      0.16694864      0.19461405      0.40892480      0.73406071      0.61759123     -0.53108338     -0.39011714      0.59752660      0.19383090     -0.07472665     -0.18894049      0.61779217     -0.45299009      0.04977569      0.58379965     -0.30368214      0.21540583     -0.02185203     -0.24505484     -0.40613699     -0.66575280
     0.00000000      0.00000000      0.00000000      0.00000000      0.00000000      0.00000000      0.00000000      0.00000000      0.00000000      0.00000000      0.00000000      0.00000000      0.00000000      0.00000000      0.00000000      0.00000000      0.00000000      0.00000000      0.00000000      0.00000000      0.00000000      0.00000000      0.00000000      0.00000000      0.00000000      0.00000000      0.00000000      0.00000000      0.00000000      0.00000000      0.00000000      0.00000000      0.00000000      0.00000000      0.00000000      0.00000000      0.00000000      0.00000000      0.00000000      0.00000000      0.00000000      0.00000000      0.00000000      0.00000000      0.00000000      0.00000000      0.00000000      0.00000000      0.00000000      0.00000000      1.00000000     -7.56490094      3.48554439      4.09223107      0.19468392      1.03838029      6.30867235      6.48986150      2.81531670     -0.83280592     -2.03470556      0.52141955      3.28146638      0.81290334    -10.80785877     -0.28636055      5.78333994     -2.01218207      2.87952357     -5.05001958     -2.40975417      3.86847985     -1.96343729      1.76794290     -0.09285813      0.26161178      0.09841053      5.53506948      0.06813130      7.66220172     -0.81348495     -2.37695104     -0.34162948     -3.82813756      1.35035902     -2.64825710      0.12558548     -2.33807862      4.24699757     -0.64441279     -0.19454666      0.01366452     -0.74597844     -0.18623034     -1.94391380      8.00819115      8.24669495     -1.29455805      1.28602690     -2.63164615
     0.00000000      0.00000000      0.00000000      0.00000000      0.00000000      0.00000000      0.00000000      0.00000000      0.00000000      0.00000000      0.00000000      0.00000000      0.00000000      0.00000000      0.00000000      0.00000000      0.00000000      0.00000000      0.00000000      0.00000000      0.00000000      0.00000000      0.00000000      0.00000000      0.00000000      0.00000000      0.00000000      0.00000000      0.00000000      0.00000000      0.00000000      0.00000000      0.00000000      0.00000000      0.00000000      0.00000000      0.00000000      0.00000000      0.00000000      0.00000000      0.00000000      0.00000000      0.00000000      0.00000000      0.00000000      0.00000000      0.00000000      0.00000000      0.00000000      0.00000000      0.00000000      1.00000000     -0.65427022     -0.63186875     -0.60563663      0.01123156     -1.60748094     -0.56575785      0.12001233      0.90578504      0.05006194      0.30170451     -0.15381229     -0.30946133      1.16171575      0.12098379     -0.91343266      0.09051828     -0.78052472      0.60681644      0.65491250      0.11140983      0.44708764      0.05576025     -0.35504239      0.90911518      0.28573321     -1.20293402     -0.53625562     -0.53485921      0.46044853      0.85160707     -1.14953798     -0.23487038      0.63682291      0.25591469      0.56448442      0.46729390     -0.28295673      0.14041421      0.01873571     -1.09169496      0.36493304     -0.47196761     -0.54534843     -0.93984499     -0.82635819      0.83870371     -0.15702672     -0.37521691
     0.00000000      0.00000000      0.00000000      0.00000000      0.00000000      0.00000000      0.00000000      0.00000000      0.00000000      0.00000000      0.00000000      0.00000000      0.00000000      0.00000000      0.00000000      0.00000000      0.00000000      0.00000000      0.00000000      0.00000000      0.00000000      0.00000000      0.00000000      0.00000000      0.00000000      0.00000000      0.00000000      0.00000000      0.00000000      0.00000000      0.00000000      0.00000000      0.00000000      0.00000000      0.00000000      0.00000000      0.00000000      0.00000000      0.00000000      0.00000000      0.00000000      0.00000000      0.00000000      0.00000000      0.00000000      0.00000000      0.00000000      0.00000000      0.00000000      0.00000000      0.00000000      0.00000000      1.00000000      0.21417175      3.17411576     -1.33273379      3.88084482     -1.51101116     -2.87814559     -4.12988265      1.17752344     -1.83457021     -1.60516453      0.76693555      1.68660593     -0.30695995     -0.06987295      1.47281337      1.55806609      0.27498505     -1.87738820     -4.01513796     -1.09712978     -1.73809549      1.71816612     -5.00878454     -1.07461096      1.91509776      3.00154192     -3.64075423     -2.01621570     -2.67631860      6.31130286      3.62472131     -4.07020504      0.54395918     -3.31861688     -0.63320654     -1.05098831     -0.35448625     -0.32758379      5.45076894     -1.05707947      1.78571398      4.55650608     -1.03240663     -1.88767205     -3.33244876      0.56679641      4.03750586
     0.00000000      0.00000000      0.00000000      0.00000000      0.00000000      0.00000000      0.00000000      0.00000000      0.00000000      0.00000000      0.00000000      0.00000000      0.00000000      0.00000000      0.00000000      0.00000000      0.00000000      0.00000000      0.00000000      0.00000000      0.00000000      0.00000000      0.00000000      0.00000000      0.00000000      0.00000000      0.00000000      0.00000000      0.00000000      0.00000000      0.00000000      0.00000000      0.00000000      0.00000000      0.00000000      0.00000000      0.00000000      0.00000000      0.00000000      0.00000000      0.00000000      0.00000000      0.00000000      0.00000000      0.00000000      0.00000000      0.00000000      0.00000000      0.00000000      0.00000000      0.00000000      0.00000000      0.00000000      1.00000000      4.39450719      0.84283948     -0.75193870     -1.50703392      1.24561248     -3.33149919      3.34231342     -1.80640823      0.47776771     -1.84877375      2.34077541      0.29236319      2.04270850      0.71472069      3.50512912      0.15461288     -1.89284604      1.02221649      0.92216337      0.18227118     -0.97809838     -3.69260359     -3.70065014      6.09685201      0.97925800     -5.81316996      0.91691566     -2.00829969      8.03405369      8.31242920     -6.87743737     -3.22301329     -2.82153585      0.33900384     -8.57103550      3.31812987      0.98300745      3.91825945     -2.82465894      2.11132109      4.19818822     -0.40813357     -1.80794611     -6.21937129     -2.72300332      0.20760471
     0.00000000      0.00000000      0.00000000      0.00000000      0.00000000      0.00000000      0.00000000      0.00000000      0.00000000      0.00000000      0.00000000      0.00000000      0.00000000      0.00000000      0.00000000      0.00000000      0.00000000      0.00000000      0.00000000      0.00000000      0.00000000      0.00000000      0.00000000      0.00000000      0.00000000      0.00000000      0.00000000      0.00000000      0.00000000      0.00000000      0.00000000      0.00000000      0.00000000      0.00000000      0.00000000      0.00000000      0.00000000      0.00000000      0.00000000      0.00000000      0.00000000      0.00000000      0.00000000      0.00000000      0.00000000      0.00000000      0.00000000      0.00000000      0.00000000      0.00000000      0.00000000      0.00000000      0.00000000      0.00000000      1.00000000      0.74993243     -1.66672594     -0.59318246      0.65918100     -0.46908874      0.36100684     -0.14411668     -0.05795120     -0.98408381      0.26212348      0.29236122      0.72885065      0.00008918      0.97934966     -0.10185833     -0.48313368      1.24629282      0.39111609      0.32849689     -0.79771266     -0.28684847     -0.71886412      1.71018375     -0.32905098     -2.06668204      0.65150176     -0.28259447      1.86488292      2.36122519     -1.94370672     -1.34021953     -0.46430179      0.30119896     -2.43246353      1.08402176      0.25411334     -0.30322969     -0.59143064      0.56539270      0.47784998     -0.35185164     -0.78686482     -1.26908920     -0.81033383     -0.73397018
     0.00000000      0.00000000      0.00000000      0.00000000      0.00000000      0.00000000      0.00000000      0.00000000      0.00000000      0.00000000      0.00000000      0.00000000      0.00000000      0.00000000      0.00000000      0.00000000      0.00000000      0.00000000      0.00000000      0.00000000      0.00000000      0.00000000      0.00000000      0.00000000      0.00000000      0.00000000      0.00000000      0.00000000      0.00000000      0.00000000      0.00000000      0.00000000      0.00000000      0.00000000      0.00000000      0.00000000      0.00000000      0.00000000      0.00000000      0.00000000      0.00000000      0.00000000      0.00000000      0.00000000      0.00000000      0.00000000      0.00000000      0.00000000      0.00000000      0.00000000      0.00000000      0.00000000      0.00000000      0.00000000      0.00000000      1.00000000     -1.59489896      2.13606268     -0.17173768     -1.95182695      5.42156002      2.29375292     -0.77779403     -1.79067820      3.11374436     -0.64181653      1.25188437     -5.19875001      1.64773591      2.15095178     -0.22410328      3.51716745      0.79576297      0.47768648     -1.24256311     -2.03258173     -1.05818215      4.92351625     -0.57414688     -1.15781143      1.44202396      1.61168741      3.21925175      4.93269828     -1.97703037     -0.89927718      1.50195197      1.89825737     -4.60881065      3.75590083      2.04092644     -0.01092896     -0.52069351      2.79638753      2.84705846      4.61789356      0.20061771     -1.46666326     -1.91405154     -1.93491406
     0.00000000      0.00000000      0.00000000      0.00000000      0.00000000      0.00000000      0.00000000      0.00000000      0.00000000      0.00000000      0.00000000      0.00000000      0.00000000      0.00000000      0.00000000      0.00000000      0.00000000      0.00000000      0.00000000      0.00000000      0.00000000      0.00000000      0.00000000      0.00000000      0.00000000      0.00000000      0.00000000      0.00000000      0.00000000      0.00000000      0.00000000      0.00000000      0.00000000      0.00000000      0.00000000      0.00000000      0.00000000      0.00000000      0.00000000      0.00000000      0.00000000      0.00000000      0.00000000      0.00000000      0.00000000      0.00000000      0.00000000      0.00000000      0.00000000      0.00000000      0.00000000      0.00000000      0.00000000      0.00000000      0.00000000      0.00000000      1.00000000      3.84517875     -2.35267974     -4.31439156      9.21439679      3.24425152     -1.94903803     -1.65490006      5.26282422     -1.50400360      1.03511664     -7.80465351      2.06048271      3.90676000     -0.75002355      2.76365436      0.50594521     -0.20902114     -0.90889675     -5.44361330     -1.84997560      7.35725029      0.07375489     -1.51534667      0.89518688      1.59276234      5.54687725      7.42135292     -2.83281714     -0.39292812      1.42815288      2.33361556     -5.82384475      5.02067172      2.88405982      2.64552950     -0.45399196      5.10988776      6.36167433      7.81324365      0.64964428     -2.68811106     -2.19594473     -0.70544420
     0.00000000      0.00000000      0.00000000      0.00000000      0.00000000      0.00000000      0.00000000      0.00000000      0.00000000      0.00000000      0.00000000      0.00000000      0.00000000      0.00000000      0.00000000      0.00000000      0.00000000      0.00000000      0.00000000      0.00000000      0.00000000      0.00000000      0.00000000      0.00000000      0.00000000      0.00000000      0.00000000      0.00000000      0.00000000      0.00000000      0.00000000      0.00000000      0.00000000      0.00000000      0.00000000      0.00000000      0.00000000      0.00000000      0.00000000      0.00000000      0.00000000      0.00000000      0.00000000      0.00000000      0.00000000      0.00000000      0.00000000      0.00000000      0.00000000      0.00000000      0.00000000      0.00000000      0.00000000      0.00000000      0.00000000      0.00000000      0.00000000      1.00000000     -0.57886406     -1.02373130      2.22913393      0.95511275     -0.43458498     -0.56310203      1.19877430     -0.32410456      0.29157324     -1.99066110      0.55613669      0.96338321     -0.17696823      0.86339883      0.22017960     -0.12137857     -0.29246691     -1.24796150     -0.39805327      1.90093942     -0.04210878     -0.43348004      0.22500480      0.40585204      1.36823834      1.90704638     -0.71670083     -0.21883534      0.45082553      0.63367470     -1.38973263      1.32495200      0.74461628      0.39069169     -0.08323419      1.25997478      1.49097500      2.02148937      0.09202956     -0.50881758     -0.59612786     -0.36070400
     0.00000000      0.00000000      0.00000000      0.00000000      0.00000000      0.00000000      0.00000000      0.00000000      0.00000000      0.00000000      0.00000000      0.00000000      0.00000000      0.00000000      0.00000000      0.00000000      0.00000000      0.00000000      0.00000000      0.00000000      0.00000000      0.00000000      0.00000000      0.00000000      0.00000000      0.00000000      0.00000000      0.00000000      0.00000000      0.00000000      0.00000000      0.00000000      0.00000000      0.00000000      0.00000000      0.00000000      0.00000000      0.00000000      0.00000000      0.00000000      0.00000000      0.00000000      0.00000000      0.00000000      0.00000000      0.00000000      0.00000000      0.00000000      0.00000000      0.00000000      0.00000000      0.00000000      0.00000000      0.00000000      0.00000000      0.00000000      0.00000000      0.00000000      1.00000000      1.13645836     -0.70749712     -1.00401591      0.60913457      0.20400165     -0.89887359      0.13332991      0.00571242      1.13295192     -0.41830362     -0.48387127      0.40322551     -0.25843720     -0.11066626      0.57378170     -0.05063710      0.81378053     -0.24760833     -0.50134359      0.07234160      0.66430502      0.52479119     -0.30654338     -1.25998937     -0.78702246      0.67967489     -0.10336068     -0.37199597     -0.33425342     -0.21629806     -0.44814683     -0.36074497     -0.05757423     -0.17906446     -0.89313904     -0.87903589     -0.69252368      0.25843349     -0.02084566     -0.03335860     -0.19436568
     0.00000000      0.00000000      0.00000000      0.00000000      0.00000000      0.00000000      0.00000000      0.00000000      0.00000000      0.00000000      0.00000000      0.00000000      0.00000000      0.00000000      0.00000000      0.00000000      0.00000000      0.00000000      0.00000000      0.00000000      0.00000000      0.00000000      0.00000000      0.00000000      0.00000000      0.00000000      0.00000000      0.00000000      0.00000000      0.00000000      0.00000000      0.00000000      0.00000000      0.00000000      0.00000000      0.00000000      0.00000000      0.00000000      0.00000000      0.00000000      0.00000000      0.00000000      0.00000000      0.00000000      0.00000000      0.00000000      0.00000000      0.00000000      0.00000000      0.00000000      0.00000000      0.00000000      0.00000000      0.00000000      0.00000000      0.00000000      0.00000000      0.00000000      0.00000000      1.00000000     -4.11054844     -1.63675629     -0.09058509      0.59109343     -3.73125364      0.11564342     -0.43577822      5.04859981     -0.36917892     -1.99451922     -1.30617925     -1.74483993     -2.18306230      1.98039135     -3.05271443      0.52137764      0.94204437     -1.72389654     -1.30369039     -3.48988816     -1.96370031     -0.76417779     -1.01103013     -1.48237120      1.42802897     -2.59719267     -2.11955462     -2.77746205      2.73901677     -2.48925820     -2.04615910     -1.96336630      2.01340124     -3.90616722      0.30827219     -3.31792325      2.08416848     -0.62413962      1.47013521      0.00930383
     0.00000000      0.00000000      0.00000000      0.00000000      0.00000000      0.00000000      0.00000000      0.00000000      0.00000000      0.00000000      0.00000000      0.00000000      0.00000000      0.00000000      0.00000000      0.00000000      0.00000000      0.00000000      0.00000000      0.00000000      0.00000000      0.00000000      0.00000000      0.00000000      0.00000000      0.00000000      0.00000000      0.00000000      0.00000000      0.00000000      0.00000000      0.00000000      0.00000000      0.00000000      0.00000000      0.00000000      0.00000000      0.00000000      0.00000000      0.00000000      0.00000000      0.00000000      0.00000000      0.00000000      0.00000000      0.00000000      0.00000000      0.00000000      0.00000000      0.00000000      0.00000000      0.00000000      0.00000000      0.00000000      0.00000000      0.00000000      0.00000000      0.00000000      0.00000000      0.00000000      1.00000000      0.41522697      0.70987753     -0.80563945      0.25425018      0.10101790      0.29764921     -1.37603530      0.44880152      0.09300598      0.81200008      0.72325088      1.09847838     -0.51483326      1.96818492     -0.10714316     -0.51510663      0.77084534      0.67947470      1.43426075      1.22587747     -0.56019403     -0.18375504      0.47690260     -1.24909974      0.81981454      0.11553611      1.07995056     -0.86905902      0.90170045      0.31409028      0.67646466     -1.48065235      2.13061033     -0.88898675      0.76975435     -1.58447661      0.20429509     -0.42638431     -0.26632048
     0.00000000      0.00000000      0.00000000      0.00000000      0.00000000      0.00000000      0.00000000      0.00000000      0.00000000      0.00000000      0.00000000      0.00000000      0.00000000      0.00000000      0.00000000      0.00000000      0.00000000      0.00000000      0.00000000      0.00000000      0.00000000      0.00000000      0.00000000      0.00000000      0.00000000      0.00000000      0.00000000      0.00000000      0.00000000      0.00000000      0.00000000      0.00000000      0.00000000      0.00000000      0.00000000      0.00000000      0.00000000      0.00000000      0.00000000      0.00000000      0.00000000      0.00000000      0.00000000      0.00000000      0.00000000      0.00000000      0.00000000      0.00000000      0.00000000      0.00000000      0.00000000      0.00000000      0.00000000      0.00000000      0.00000000      0.00000000      0.00000000      0.00000000      0.00000000      0.00000000      0.00000000      1.00000000      1.29739959     -1.33503979     -2.25628909     -0.01176974      1.12228870     -1.22119767      0.65426263     -1.44466650      0.78605196      1.37392904      1.57596297     -1.03128734      3.45533192      0.38939677      0.18289688      0.97605861      1.31300489      2.83888393      1.39646089     -2.80706518     -1.77773276     -0.78994164     -1.71568411      1.58808443     -0.71536357      1.41304529      0.04760658      0.48667263     -0.08659605     -0.57085743     -2.83484994      3.42271504     -2.74347836      0.57672351     -3.13537609      2.12002843      0.45084317     -0.52706491
     0.00000000      0.00000000      0.00000000      0.00000000      0.00000000      0.00000000      0.00000000      0.00000000      0.00000000      0.00000000      0.00000000      0.00000000      0.00000000      0.00000000      0.00000000      0.00000000      0.00000000      0.00000000      0.00000000      0.00000000      0.00000000      0.00000000      0.00000000      0.00000000      0.00000000      0.00000000      0.00000000      0.00000000      0.00000000      0.00000000      0.00000000      0.00000000      0.00000000      0.00000000      0.00000000      0.00000000      0.00000000      0.00000000      0.00000000      0.00000000      0.00000000      0.00000000      0.00000000      0.00000000      0.00000000      0.00000000      0.00000000      0.00000000      0.00000000      0.00000000      0.00000000      0.00000000      0.00000000      0.00000000      0.00000000      0.00000000      0.00000000      0.00000000      0.00000000      0.00000000      0.00000000      0.00000000      1.00000000     -4.32082676    -18.56414893      2.51785485      6.23421580     -2.12846671      7.56566800    -10.78215896     -2.31605645      8.30034220      1.93796286      2.05379642     10.09935068      1.65862327     -2.72128760     11.05790989      2.37068537      2.75342126      7.02002593    -18.42379292     -5.09239388      2.64322756    -12.39637273     -0.63458106    -10.52610141      2.28765596     -5.00833950      1.57354776     -5.33629555     -5.82491024    -11.36592648     16.18192397    -10.45204607      1.54321365     -8.57853921      3.08469223     -0.45105768     -3.42469619
     0.00000000      0.00000000      0.00000000      0.00000000      0.00000000      0.00000000      0.00000000      0.00000000      0.00000000      0.00000000      0.00000000      0.00000000      0.00000000      0.00000000      0.00000000      0.00000000      0.00000000      0.00000000      0.00000000      0.00000000      0.00000000      0.00000000      0.00000000      0.00000000      0.00000000      0.00000000      0.00000000      0.00000000      0.00000000      0.00000000      0.00000000      0.00000000      0.00000000      0.00000000      0.00000000      0.00000000      0.00000000      0.00000000      0.00000000      0.00000000      0.00000000      0.00000000      0.00000000      0.00000000      0.00000000      0.00000000      0.00000000      0.00000000      0.00000000      0.00000000      0.00000000      0.00000000      0.00000000      0.00000000      0.00000000      0.00000000      0.00000000      0.00000000      0.00000000      0.00000000      0.00000000      0.00000000      0.00000000      1.00000000      5.37709503     -0.69334605     -1.77725921      0.56508809     -2.06449740      3.13068530      0.92200656     -2.32042726     -0.28072936     -0.57589510     -2.49424905     -0.46894859      0.64685269     -3.08394847     -0.62536211     -0.61579278     -1.71808261      5.16939809      1.52509021     -0.56102605      3.20508901      0.11686114      2.96347734     -0.52927368      1.41754524     -0.26736198      1.56524151      1.89576220      3.04416966     -4.35247750      2.96319472     -0.44026370      2.08863780     -1.00837461     -0.00739905      0.91144923
     0.00000000      0.00000000      0.00000000      0.00000000      0.00000000      0.00000000      0.00000000      0.00000000      0.00000000      0.00000000      0.00000000      0.00000000      0.00000000      0.00000000      0.00000000      0.00000000      0.00000000      0.00000000      0.00000000      0.00000000      0.00000000      0.00000000      0.00000000      0.00000000      0.00000000      0.00000000      0.00000000      0.00000000      0.00000000      0.00000000      0.00000000      0.00000000      0.00000000      0.00000000      0.00000000      0.00000000      0.00000000      0.00000000      0.00000000      0.00000000      0.00000000      0.00000000      0.00000000      0.00000000      0.00000000      0.00000000      0.00000000      0.00000000      0.00000000      0.00000000      0.00000000      0.00000000      0.00000000      0.00000000      0.00000000      0.00000000      0.00000000      0.00000000      0.00000000      0.00000000      0.00000000      0.00000000      0.00000000      0.00000000      1.00000000     -2.35135847     -1.55688672      1.81902616     -3.66710362     -1.73003522      0.17948516     -0.12689359     -2.21180727      1.60083781     -2.34269966      0.25083568      1.31600039     -3.86453352     -1.93558027     -0.43330827     -2.03629010      3.20093528     -1.79016748     -4.71581238      2.09664737      2.65452184      0.94764930     -1.72031141     -0.27879517     -2.70718262     -0.36071570     -1.54149689      1.41572169     -1.95972657      0.34136849     -2.72147858      1.21731935      0.47954837      3.57024236      0.56143559
     0.00000000      0.00000000      0.00000000      0.00000000      0.00000000      0.00000000      0.00000000      0.00000000      0.00000000      0.00000000      0.00000000      0.00000000      0.00000000      0.00000000      0.00000000      0.00000000      0.00000000      0.00000000      0.00000000      0.00000000      0.00000000      0.00000000      0.00000000      0.00000000      0.00000000      0.00000000      0.00000000      0.00000000      0.00000000      0.00000000      0.00000000      0.00000000      0.00000000      0.00000000      0.00000000      0.00000000      0.00000000      0.00000000      0.00000000      0.00000000      0.00000000      0.00000000      0.00000000      0.00000000      0.00000000      0.00000000      0.00000000      0.00000000      0.00000000      0.00000000      0.00000000      0.00000000      0.00000000      0.00000000      0.00000000      0.00000000      0.00000000      0.00000000      0.00000000      0.00000000      0.00000000      0.00000000      0.00000000      0.00000000      0.00000000      1.00000000     -0.18569699     -0.46061619      4.43301429      0.91498439     -0.06161162     -1.82087515      0.49837679      0.21525997      1.82028338     -0.54151614     -0.85534130      1.14303261      2.00356722     -2.58653826      0.31276703     -2.02323027      1.85599639      4.33768234     -1.95318691     -3.16115298     -2.39724459      1.06406685      1.00024695      2.29603302     -0.24358658      2.45009135     -1.40803937     -0.74705095      1.13347370      0.33545274     -0.48343245     -2.32391105     -2.24907447     -0.44186362
     0.00000000      0.00000000      0.00000000      0.00000000      0.00000000      0.00000000      0.00000000      0.00000000      0.00000000      0.00000000      0.00000000      0.00000000      0.00000000      0.00000000      0.00000000      0.00000000      0.00000000      0.00000000      0.00000000      0.00000000      0.00000000      0.00000000      0.00000000      0.00000000      0.00000000      0.00000000      0.00000000      0.00000000      0.00000000      0.00000000      0.00000000      0.00000000      0.00000000      0.00000000      0.00000000      0.00000000      0.00000000      0.00000000      0.00000000      0.00000000      0.00000000      0.00000000      0.00000000      0.00000000      0.00000000      0.00000000      0.00000000      0.00000000      0.00000000      0.00000000      0.00000000      0.00000000      0.00000000      0.00000000      0.00000000      0.00000000      0.00000000      0.00000000      0.00000000      0.00000000      0.00000000      0.00000000      0.00000000      0.00000000      0.00000000      0.00000000      1.00000000     -0.55073436     -3.71856086      0.10272550      0.17120560      2.20140550      0.65776422     -1.36471992     -1.01222311      0.52135304      0.43406078      0.40396209     -1.36350323      3.69081850      0.64916547      1.20931961     -1.23220548     -2.98653006      1.59323924      2.67664874      2.84536551     -0.30940205     -0.96908437     -1.40009766      0.69404652     -2.07626980      1.10843754      1.77684553     -1.53694307      1.11258863     -0.08559129      2.70658372      0.82894393      0.31225982
     0.00000000      0.00000000      0.00000000      0.00000000      0.00000000      0.00000000      0.00000000      0.00000000      0.00000000      0.00000000      0.00000000      0.00000000      0.00000000      0.00000000      0.00000000      0.00000000      0.00000000      0.00000000      0.00000000      0.00000000      0.00000000      0.00000000      0.00000000      0.00000000      0.00000000      0.00000000      0.00000000      0.00000000      0.00000000      0.00000000      0.00000000      0.00000000      0.00000000      0.00000000      0.00000000      0.00000000      0.00000000      0.00000000      0.00000000      0.00000000      0.00000000      0.00000000      0.00000000      0.00000000      0.00000000      0.00000000      0.00000000      0.00000000      0.00000000      0.00000000      0.00000000      0.00000000      0.00000000      0.00000000      0.00000000      0.00000000      0.00000000      0.00000000      0.00000000      0.00000000      0.00000000      0.00000000      0.00000000      0.00000000      0.00000000      0.00000000      0.00000000      1.00000000     -2.53605897      0.38158054      0.15697970      1.57015957      0.70198408      0.71742394     -1.04063293     -1.10525509     -0.46096317      0.45322288     -2.24417398      0.45710305      1.15492679      0.81061222     -0.33321380     -0.41330138     -0.74269864      0.41669381      0.44336831     -0.57429746     -1.37991830     -0.35196716     -0.33562136      0.18661878      0.60693108      1.89480033      1.02002595     -0.57961623     -0.19432291     -0.24254969      0.96682947      0.67271172
     0.00000000      0.00000000      0.00000000      0.00000000      0.00000000      0.00000000      0.00000000      0.00000000      0.00000000      0.00000000      0.00000000      0.00000000      0.00000000      0.00000000      0.00000000      0.00000000      0.00000000      0.00000000      0.00000000      0.00000000      0.00000000      0.00000000      0.00000000      0.00000000      0.00000000      0.00000000      0.00000000      0.00000000      0.00000000      0.00000000      0.00000000      0.00000000      0.00000000      0.00000000      0.00000000      0.00000000      0.00000000      0.00000000      0.00000000      0.00000000      0.00000000      0.00000000      0.00000000      0.00000000      0.00000000      0.00000000      0.00000000      0.00000000      0.00000000      0.00000000      0.00000000      0.00000000      0.00000000      0.00000000      0.00000000      0.00000000      0.00000000      0.00000000      0.00000000      0.00000000      0.00000000      0.00000000      0.00000000      0.00000000      0.00000000      0.00000000      0.00000000      0.00000000      1.00000000      0.60164382     -0.09867230     -0.25581413      0.38826456      0.29676312      0.23754925     -0.16625050     -0.50715770      0.88979706      0.11210253     -0.80113453      0.37588937     -0.23423453      1.02071534      2.05026505     -0.94368508     -1.05231054     -0.70077964      0.06286056     -0.06103437      0.63535295      0.04379837      0.69859516      0.29198918     -0.69864264      1.45533540      0.44345484      0.34307552     -0.61880647     -1.18513884      0.20922511
     0.00000000      0.00000000      0.00000000      0.00000000      0.00000000      0.00000000      0.00000000      0.00000000      0.00000000      0.00000000      0.00000000      0.00000000      0.00000000      0.00000000      0.00000000      0.00000000      0.00000000      0.00000000      0.00000000      0.00000000      0.00000000      0.00000000      0.00000000      0.00000000      0.00000000      0.00000000      0.00000000      0.00000000      0.00000000      0.00000000      0.00000000      0.00000000      0.00000000      0.00000000      0.00000000      0.00000000      0.00000000      0.00000000      0.00000000      0.00000000      0.00000000      0.00000000      0.00000000      0.00000000      0.00000000      0.00000000      0.00000000      0.00000000      0.00000000      0.00000000      0.00000000      0.00000000      0.00000000      0.00000000      0.00000000      0.00000000      0.00000000      0.00000000      0.00000000      0.00000000      0.00000000      0.00000000      0.00000000      0.00000000      0.00000000      0.00000000      0.00000000      0.00000000      0.00000000      1.00000000     -0.21500398     -1.70363982     -0.62295920     -0.90125593     -3.03496064     -0.20581656      2.03811928     -1.30846513      0.48412662     -0.54640600     -2.67825564      0.31753833     -0.46333866     -0.60815370      3.60174255     -0.97709451      1.46988040      0.27073359      1.64389128      0.28816222      0.85404072     -1.06966529      0.52731472     -1.96766434     -0.29601830      0.49365760      0.98788908      0.22520497      0.67978796     -1.63584706
     0.00000000      0.00000000      0.00000000      0.00000000      0.00000000      0.00000000      0.00000000      0.00000000      0.00000000      0.00000000      0.00000000      0.00000000      0.00000000      0.00000000      0.00000000      0.00000000      0.00000000      0.00000000      0.00000000      0.00000000      0.00000000      0.00000000      0.00000000      0.00000000      0.00000000      0.00000000      0.00000000      0.00000000      0.00000000      0.00000000      0.00000000      0.00000000      0.00000000      0.00000000      0.00000000      0.00000000      0.00000000      0.00000000      0.00000000      0.00000000      0.00000000      0.00000000      0.00000000      0.00000000      0.00000000      0.00000000      0.00000000      0.00000000      0.00000000      0.00000000      0.00000000      0.00000000      0.00000000      0.00000000      0.00000000      0.00000000      0.00000000      0.00000000      0.00000000      0.00000000      0.00000000      0.00000000      0.00000000      0.00000000      0.00000000      0.00000000      0.00000000      0.00000000      0.00000000      0.00000000      1.00000000     12.19131723      7.39710203      7.59882285      9.19678176      7.73169419    -15.44604381     16.19692053    -10.25957948      3.60189140     19.29826325      4.63087978      9.28157094     16.74827592    -23.38522670      0.07721150     -4.44775492     -5.08131007     -9.55086472     -0.96157385      0.22500346      4.81433174     12.27634399      0.58489153     16.91565916      5.73683773      2.62500795     -0.90188995    -14.49776670      8.32206911
     0.00000000      0.00000000      0.00000000      0.00000000      0.00000000      0.00000000      0.00000000      0.00000000      0.00000000      0.00000000      0.00000000      0.00000000      0.00000000      0.00000000      0.00000000      0.00000000      0.00000000      0.00000000      0.00000000      0.00000000      0.00000000      0.00000000      0.00000000      0.00000000      0.00000000      0.00000000      0.00000000      0.00000000      0.00000000      0.00000000      0.00000000      0.00000000      0.00000000      0.00000000      0.00000000      0.00000000      0.00000000      0.00000000      0.00000000      0.00000000      0.00000000      0.00000000      0.00000000      0.00000000      0.00000000      0.00000000      0.00000000      0.00000000      0.00000000      0.00000000      0.00000000      0.00000000      0.00000000      0.00000000      0.00000000      0.00000000      0.00000000      0.00000000      0.00000000      0.00000000      0.00000000      0.00000000      0.00000000      0.00000000      0.00000000      0.00000000      0.00000000      0.00000000      0.00000000      0.00000000      0.00000000      1.00000000      0.53436153      0.49807580      0.75508551      0.59160077     -1.25319273      1.34025965     -0.75602618      0.22065964      1.48098468      0.51543630      0.80067817      1.37739556     -1.87473461      0.11081778     -0.34555904     -0.44097839     -0.75712837     -0.16119819     -0.03073730      0.36960760      1.03972405     -0.12483919      1.38363686      0.54972169      0.36332653      0.08100407     -1.25680202      0.79598478
     0.00000000      0.00000000      0.00000000      0.00000000      0.00000000      0.00000000      0.00000000      0.00000000      0.00000000      0.00000000      0.00000000      0.00000000      0.00000000      0.00000000      0.00000000      0.00000000      0.00000000      0.00000000      0.00000000      0.00000000      0.00000000      0.00000000      0.00000000      0.00000000      0.00000000      0.00000000      0.00000000      0.00000000      0.00000000      0.00000000      0.00000000      0.00000000      0.00000000      0.00000000      0.00000000      0.00000000      0.00000000      0.00000000      0.00000000      0.00000000      0.00000000      0.00000000      0.00000000      0.00000000      0.00000000      0.00000000      0.00000000      0.00000000      0.00000000      0.00000000      0.00000000      0.00000000      0.00000000      0.00000000      0.00000000      0.00000000      0.00000000      0.00000000      0.00000000      0.00000000      0.00000000      0.00000000      0.00000000      0.00000000      0.00000000      0.00000000      0.00000000      0.00000000      0.00000000      0.00000000      0.00000000      0.00000000      1.00000000     -3.67995781      9.14628760     -3.49275685     -4.06002914      1.24527678      4.49386746      1.42338832      3.46663826     -1.97905313     -0.31334056     -1.21099117     -5.49438102      4.81189744     -2.94268261      1.70211363     -2.32120226     -0.07855102     -2.27800378      5.37231094     -4.77494138      6.76575839     -3.40926725     -1.89719419     -4.06227503      2.24629145      0.81143518      6.01224793
     0.00000000      0.00000000      0.00000000      0.00000000      0.00000000      0.00000000      0.00000000      0.00000000      0.00000000      0.00000000      0.00000000      0.00000000      0.00000000      0.00000000      0.00000000      0.00000000      0.00000000      0.00000000      0.00000000      0.00000000      0.00000000      0.00000000      0.00000000      0.00000000      0.00000000      0.00000000      0.00000000      0.00000000      0.00000000      0.00000000      0.00000000      0.00000000      0.00000000      0.00000000      0.00000000      0.00000000      0.00000000      0.00000000      0.00000000      0.00000000      0.00000000      0.00000000      0.00000000      0.00000000      0.00000000      0.00000000      0.00000000      0.00000000      0.00000000      0.00000000      0.00000000      0.00000000      0.00000000      0.00000000      0.00000000      0.00000000      0.00000000      0.00000000      0.00000000      0.00000000      0.00000000      0.00000000      0.00000000      0.00000000      0.00000000      0.00000000      0.00000000      0.00000000      0.00000000      0.00000000      0.00000000      0.00000000      0.00000000      1.00000000     -1.35185821      1.25129796      0.36992017      0.48763296     -1.17035456      0.34077190     -0.00631598      0.56033604      0.19068349      0.53414455      0.11540302     -0.75382904      0.35319609     -0.58325626      0.45515594     -0.02980708      0.68406630     -0.58925049      1.62757728     -1.33403370      1.43556405      0.24859626      0.66006438     -0.54987126     -0.48003381     -0.86185832
     0.00000000      0.00000000      0.00000000      0.00000000      0.00000000      0.00000000      0.00000000      0.00000000      0.00000000      0.00000000      0.00000000      0.00000000      0.00000000      0.00000000      0.00000000      0.00000000      0.00000000      0.00000000      0.00000000      0.00000000      0.00000000      0.00000000      0.00000000      0.00000000      0.00000000      0.00000000      0.00000000      0.00000000      0.00000000      0.00000000      0.00000000      0.00000000      0.00000000      0.00000000      0.00000000      0.00000000      0.00000000      0.00000000      0.00000000      0.00000000      0.00000000      0.00000000      0.00000000      0.00000000      0.00000000      0.00000000      0.00000000      0.00000000      0.00000000      0.00000000      0.00000000      0.00000000      0.00000000      0.00000000      0.00000000      0.00000000      0.00000000      0.00000000      0.00000000      0.00000000      0.00000000      0.00000000      0.00000000      0.00000000      0.00000000      0.00000000      0.00000000      0.00000000      0.00000000      0.00000000      0.00000000      0.00000000      0.00000000      0.00000000      1.00000000      7.11536951     -4.15995193      3.72892915     -0.34298706      4.52676363      3.25589972      1.47979972     -0.47966891      0.87258225     -2.90062364      1.85388023      1.90606750     -3.39652735      0.05269289     -0.23291325      4.59684282      2.01487002      6.69926520      1.35664641     -1.02451344      1.47166130     -0.34039525      1.48359400     -0.64461501     -1.49680526
     0.00000000      0.00000000      0.00000000      0.00000000      0.00000000      0.00000000      0.00000000      0.00000000      0.00000000      0.00000000      0.00000000      0.00000000      0.00000000      0.00000000      0.00000000      0.00000000      0.00000000      0.00000000      0.00000000      0.00000000      0.00000000      0.00000000      0.00000000      0.00000000      0.00000000      0.00000000      0.00000000      0.00000000      0.00000000      0.00000000      0.00000000      0.00000000      0.00000000      0.00000000      0.00000000      0.00000000      0.00000000      0.00000000      0.00000000      0.00000000      0.00000000      0.00000000      0.00000000      0.00000000      0.00000000      0.00000000      0.00000000      0.00000000      0.00000000      0.00000000      0.00000000      0.00000000      0.00000000      0.00000000      0.00000000      0.00000000      0.00000000      0.00000000      0.00000000      0.00000000      0.00000000      0.00000000      0.00000000      0.00000000      0.00000000      0.00000000      0.00000000      0.00000000      0.00000000      0.00000000      0.00000000      0.00000000      0.00000000      0.00000000      0.00000000      1.00000000     -0.46418094      0.49024403     -0.10654521      0.47801939      0.35637804      0.40292060     -0.02126939      0.31450219     -0.27508754      0.19995705      0.27548529     -0.42676158      0.06552002     -0.07128485      0.56989436      0.24405484      1.01962150     -0.23121420      0.10724721      0.31996281      0.15300044      0.31656479     -0.20936919     -0.14681382
     0.00000000      0.00000000      0.00000000      0.00000000      0.00000000      0.00000000      0.00000000      0.00000000      0.00000000      0.00000000      0.00000000      0.00000000      0.00000000      0.00000000      0.00000000      0.00000000      0.00000000      0.00000000      0.00000000      0.00000000      0.00000000      0.00000000      0.00000000      0.00000000      0.00000000      0.00000000      0.00000000      0.00000000      0.00000000      0.00000000      0.00000000      0.00000000      0.00000000      0.00000000      0.00000000      0.00000000      0.00000000      0.00000000      0.00000000      0.00000000      0.00000000      0.00000000      0.00000000      0.00000000      0.00000000      0.00000000      0.00000000      0.00000000      0.00000000      0.00000000      0.00000000      0.00000000      0.00000000      0.00000000      0.00000000      0.00000000      0.00000000      0.00000000      0.00000000      0.00000000      0.00000000      0.00000000      0.00000000      0.00000000      0.00000000      0.00000000      0.00000000      0.00000000      0.00000000      0.00000000      0.00000000      0.00000000      0.00000000      0.00000000      0.00000000      0.00000000      1.00000000     -1.70900481     -0.81956113      3.34577088     -0.00647541     -4.03090079     -1.72434099     -6.05348314      0.61200608     -0.30493168      1.59457303     -0.99969074     -0.74210317      1.04503286      1.52536823     -3.26032332     -2.37945618      7.00855910     -5.22486696     -3.61771457     -3.89685727     -3.24602742      2.95783585     -2.94734401
     0.00000000      0.00000000      0.00000000      0.00000000      0.00000000      0.00000000      0.00000000      0.00000000      0.00000000      0.00000000      0.00000000      0.00000000      0.00000000      0.00000000      0.00000000      0.00000000      0.00000000      0.00000000      0.00000000      0.00000000      0.00000000      0.00000000      0.00000000      0.00000000      0.00000000      0.00000000      0.00000000      0.00000000      0.00000000      0.00000000      0.00000000      0.00000000      0.00000000      0.00000000      0.00000000      0.00000000      0.00000000      0.00000000      0.00000000      0.00000000      0.00000000      0.00000000      0.00000000      0.00000000      0.00000000      0.00000000      0.00000000      0.00000000      0.00000000      0.00000000      0.00000000      0.00000000      0.00000000      0.00000000      0.00000000      0.00000000      0.00000000      0.00000000      0.00000000      0.00000000      0.00000000      0.00000000      0.00000000      0.00000000      0.00000000      0.00000000      0.00000000      0.00000000      0.00000000      0.00000000      0.00000000      0.00000000      0.00000000      0.00000000      0.00000000      0.00000000      0.00000000      1.00000000      0.45046688     -1.97497336     -0.16215768      3.11692347      1.02324456      3.80482106     -0.24525271      0.42608358     -1.09269376      0.62438636      1.00931689     -0.85131811     -1.14518795      2.01834556      1.68310378     -5.33386601      4.08904695      2.28579377      2.84641889      2.35495550     -2.02412360      2.06776928
     0.00000000      0.00000000      0.00000000      0.00000000      0.00000000      0.00000000      0.00000000      0.00000000      0.00000000      0.00000000      0.00000000      0.00000000      0.00000000      0.00000000      0.00000000      0.00000000      0.00000000      0.00000000      0.00000000      0.00000000      0.00000000      0.00000000      0.00000000      0.00000000      0.00000000      0.00000000      0.00000000      0.00000000      0.00000000      0.00000000      0.00000000      0.00000000      0.00000000      0.00000000      0.00000000      0.00000000      0.00000000      0.00000000      0.00000000      0.00000000      0.00000000      0.00000000      0.00000000      0.00000000      0.00000000      0.00000000      0.00000000      0.00000000      0.00000000      0.00000000      0.00000000      0.00000000      0.00000000      0.00000000      0.00000000      0.00000000      0.00000000      0.00000000      0.00000000      0.00000000      0.00000000      0.00000000      0.00000000      0.00000000      0.00000000      0.00000000      0.00000000      0.00000000      0.00000000      0.00000000      0.00000000      0.00000000      0.00000000      0.00000000      0.00000000      0.00000000      0.00000000      0.00000000      1.00000000     -0.99800332     -1.40604714      1.91865233      2.21200243      1.49312232     -0.45014364      1.60143669     -0.17126702      0.86450175      1.23347421     -1.37718013     -0.89719579      0.76837999      1.30677379     -4.00900069      2.45217551      1.49549823      1.74642151      2.33861359     -0.72773841      0.59264824
     0.00000000      0.00000000      0.00000000      0.00000000      0.00000000      0.00000000      0.00000000      0.00000000      0.00000000      0.00000000      0.00000000      0.00000000      0.00000000      0.00000000      0.00000000      0.00000000      0.00000000      0.00000000      0.00000000      0.00000000      0.00000000      0.00000000      0.00000000      0.00000000      0.00000000      0.00000000      0.00000000      0.00000000      0.00000000      0.00000000      0.00000000      0.00000000      0.00000000      0.00000000      0.00000000      0.00000000      0.00000000      0.00000000      0.00000000      0.00000000      0.00000000      0.00000000      0.00000000      0.00000000      0.00000000      0.00000000      0.00000000      0.00000000      0.00000000      0.00000000      0.00000000      0.00000000      0.00000000      0.00000000      0.00000000      0.00000000      0.00000000      0.00000000      0.00000000      0.00000000      0.00000000      0.00000000      0.00000000      0.00000000      0.00000000      0.00000000      0.00000000      0.00000000      0.00000000      0.00000000      0.00000000      0.00000000      0.00000000      0.00000000      0.00000000      0.00000000      0.00000000      0.00000000      0.00000000      1.00000000      0.22204545     -1.56644398     -0.29061158     -1.29004668      0.20673817      0.13716499      0.31888232      0.39996113      0.23844259     -0.39855580      0.44309866     -1.15493058     -0.62598993      0.24385337     -0.07792619      0.13605441     -0.78909839      0.04690401     -0.23666878     -0.14652299
     0.00000000      0.00000000      0.00000000      0.00000000      0.00000000      0.00000000      0.00000000      0.00000000      0.00000000      0.00000000      0.00000000      0.00000000      0.00000000      0.00000000      0.00000000      0.00000000      0.00000000      0.00000000      0.00000000      0.00000000      0.00000000      0.00000000      0.00000000      0.00000000      0.00000000      0.00000000      0.00000000      0.00000000      0.00000000      0.00000000      0.00000000      0.00000000      0.00000000      0.00000000      0.00000000      0.00000000      0.00000000      0.00000000      0.00000000      0.00000000      0.00000000      0.00000000      0.00000000      0.00000000      0.00000000      0.00000000      0.00000000      0.00000000      0.00000000      0.00000000      0.00000000      0.00000000      0.00000000      0.00000000      0.00000000      0.00000000      0.00000000      0.00000000      0.00000000      0.00000000      0.00000000      0.00000000      0.00000000      0.00000000      0.00000000      0.00000000      0.00000000      0.00000000      0.00000000      0.00000000      0.00000000      0.00000000      0.00000000      0.00000000      0.00000000      0.00000000      0.00000000      0.00000000      0.00000000      0.00000000      1.00000000     -2.36436492     -2.23358364      0.20052710      0.98810354     -1.82897186     -0.89349316      0.66170638      0.64943251      0.17054664      0.05167418     -0.42478532     -2.29233477      0.82263588     -1.00352639      0.89620606     -0.83247995     -0.01474452     -0.58558306     -0.37696491
     0.00000000      0.00000000      0.00000000      0.00000000      0.00000000      0.00000000      0.00000000      0.00000000      0.00000000      0.00000000      0.00000000      0.00000000      0.00000000      0.00000000      0.00000000      0.00000000      0.00000000      0.00000000      0.00000000      0.00000000      0.00000000      0.00000000      0.00000000      0.00000000      0.00000000      0.00000000      0.00000000      0.00000000      0.00000000      0.00000000      0.00000000      0.00000000      0.00000000      0.00000000      0.00000000      0.00000000      0.00000000      0.00000000      0.00000000      0.00000000      0.00000000      0.00000000      0.00000000      0.00000000      0.00000000      0.00000000      0.00000000      0.00000000      0.00000000      0.00000000      0.00000000      0.00000000      0.00000000      0.00000000      0.00000000      0.00000000      0.00000000      0.00000000      0.00000000      0.00000000      0.00000000      0.00000000      0.00000000      0.00000000      0.00000000      0.00000000      0.00000000      0.00000000      0.00000000      0.00000000      0.00000000      0.00000000      0.00000000      0.00000000      0.00000000      0.00000000      0.00000000      0.00000000      0.00000000      0.00000000      0.00000000      1.00000000     -0.06951882     -0.39460141     -0.36440232      0.37255190      0.14305987     -0.99194447     -0.18032190      0.64999558     -0.04735194      0.96321149      0.56478642      1.73690217     -0.96285601     -1.01799821      0.18140007     -0.59823244      0.88742734     -0.38829750
     0.00000000      0.00000000      0.00000000      0.00000000      0.00000000      0.00000000      0.00000000      0.00000000      0.00000000      0.00000000      0.00000000      0.00000000      0.00000000      0.00000000      0.00000000      0.00000000      0.00000000      0.00000000      0.00000000      0.00000000      0.00000000      0.00000000      0.00000000      0.00000000      0.00000000      0.00000000      0.00000000      0.00000000      0.00000000      0.00000000      0.00000000      0.00000000      0.00000000      0.00000000      0.00000000      0.00000000      0.00000000      0.00000000      0.00000000      0.00000000      0.00000000      0.00000000      0.00000000      0.00000000      0.00000000      0.00000000      0.00000000      0.00000000      0.00000000      0.00000000      0.00000000      0.00000000      0.00000000      0.00000000      0.00000000      0.00000000      0.00000000      0.00000000      0.00000000      0.00000000      0.00000000      0.00000000      0.00000000      0.00000000      0.00000000      0.00000000      0.00000000      0.00000000      0.00000000      0.00000000      0.00000000      0.00000000      0.00000000      0.00000000      0.00000000      0.00000000      0.00000000      0.00000000      0.00000000      0.00000000      0.00000000      0.00000000      1.00000000      2.97543792     -0.71613639     -0.32892981     -1.30152907      2.98553579      0.26125916     -2.84720484     -1.47408672     -1.66747318     -0.92566363     -5.13900968      3.93206566      1.96833087      0.87606986      2.06915350     -2.20409531      1.27010673
     0.00000000      0.00000000      0.00000000      0.00000000      0.00000000      0.00000000      0.00000000      0.00000000      0.00000000      0.00000000      0.00000000      0.00000000      0.00000000      0.00000000      0.00000000      0.00000000      0.00000000      0.00000000      0.00000000      0.00000000      0.00000000      0.00000000      0.00000000      0.00000000      0.00000000      0.00000000      0.00000000      0.00000000      0.00000000      0.00000000      0.00000000      0.00000000      0.00000000      0.00000000      0.00000000      0.00000000      0.00000000      0.00000000      0.00000000      0.00000000      0.00000000      0.00000000      0.00000000      0.00000000      0.00000000      0.00000000      0.00000000      0.00000000      0.00000000      0.00000000      0.00000000      0.00000000      0.00000000      0.00000000      0.00000000      0.00000000      0.00000000      0.00000000      0.00000000      0.00000000      0.00000000      0.00000000      0.00000000      0.00000000      0.00000000      0.00000000      0.00000000      0.00000000      0.00000000      0.00000000      0.00000000      0.00000000      0.00000000      0.00000000      0.00000000      0.00000000      0.00000000      0.00000000      0.00000000      0.00000000      0.00000000      0.00000000      0.00000000      1.00000000     -0.20351189     -0.21785270     -0.89947426      1.40922809      0.30859505     -1.18874789     -1.03354992     -0.33641587     -0.97090619     -2.13253458      1.29479429      0.66859892      0.67450731      0.92499475     -0.83360665      0.79816799
     0.00000000      0.00000000      0.00000000      0.00000000      0.00000000      0.00000000      0.00000000      0.00000000      0.00000000      0.00000000      0.00000000      0.00000000      0.00000000      0.00000000      0.00000000      0.00000000      0.00000000      0.00000000      0.00000000      0.00000000      0.00000000      0.00000000      0.00000000      0.00000000      0.00000000      0.00000000      0.00000000      0.00000000      0.00000000      0.00000000      0.00000000      0.00000000      0.00000000      0.00000000      0.00000000      0.00000000      0.00000000      0.00000000      0.00000000      0.00000000      0.00000000      0.00000000      0.00000000      0.00000000      0.00000000      0.00000000      0.00000000      0.00000000      0.00000000      0.00000000      0.00000000      0.00000000      0.00000000      0.00000000      0.00000000      0.00000000      0.00000000      0.00000000      0.00000000      0.00000000      0.00000000      0.00000000      0.00000000      0.00000000      0.00000000      0.00000000      0.00000000      0.00000000      0.00000000      0.00000000      0.00000000      0.00000000      0.00000000      0.00000000      0.00000000      0.00000000      0.00000000      0.00000000      0.00000000      0.00000000      0.00000000      0.00000000      0.00000000      0.00000000      1.00000000     -0.03764716      0.04227164      0.32023449     -0.70288607      0.50963792     -0.09159799     -0.29427709     -0.17496598     -1.68932489      0.75082138      0.34078603      1.18522653      0.11323778     -0.52736686      1.28916499
     0.00000000      0.00000000      0.00000000      0.00000000      0.00000000      0.00000000      0.00000000      0.00000000      0.00000000      0.00000000      0.00000000      0.00000000      0.00000000      0.00000000      0.00000000      0.00000000      0.00000000      0.00000000      0.00000000      0.00000000      0.00000000      0.00000000      0.00000000      0.00000000      0.00000000      0.00000000      0.00000000      0.00000000      0.00000000      0.00000000      0.00000000      0.00000000      0.00000000      0.00000000      0.00000000      0.00000000      0.00000000      0.00000000      0.00000000      0.00000000      0.00000000      0.00000000      0.00000000      0.00000000      0.00000000      0.00000000      0.00000000      0.00000000      0.00000000      0.00000000      0.00000000      0.00000000      0.00000000      0.00000000      0.00000000      0.00000000      0.00000000      0.00000000      0.00000000      0.00000000      0.00000000      0.00000000      0.00000000      0.00000000      0.00000000      0.00000000      0.00000000      0.00000000      0.00000000      0.00000000      0.00000000      0.00000000      0.00000000      0.00000000      0.00000000      0.00000000      0.00000000      0.00000000      0.00000000      0.00000000      0.00000000      0.00000000      0.00000000      0.00000000      0.00000000      1.00000000     10.80109215    -16.40703325     -6.60733961      6.35734275     17.01670915     -3.85148444     17.43559518     22.62316694     -9.07890547     -2.82475004    -17.58770609     -9.09396267      8.79532319    -18.60039373
     0.00000000      0.00000000      0.00000000      0.00000000      0.00000000      0.00000000      0.00000000      0.00000000      0.00000000      0.00000000      0.00000000      0.00000000      0.00000000      0.00000000      0.00000000      0.00000000      0.00000000      0.00000000      0.00000000      0.00000000      0.00000000      0.00000000      0.00000000      0.00000000      0.00000000      0.00000000      0.00000000      0.00000000      0.00000000      0.00000000      0.00000000      0.00000000      0.00000000      0.00000000      0.00000000      0.00000000      0.00000000      0.00000000      0.00000000      0.00000000      0.00000000      0.00000000      0.00000000      0.00000000      0.00000000      0.00000000      0.00000000      0.00000000      0.00000000      0.00000000      0.00000000      0.00000000      0.00000000      0.00000000      0.00000000      0.00000000      0.00000000      0.00000000      0.00000000      0.00000000      0.00000000      0.00000000      0.00000000      0.00000000      0.00000000      0.00000000      0.00000000      0.00000000      0.00000000      0.00000000      0.00000000      0.00000000      0.00000000      0.00000000      0.00000000      0.00000000      0.00000000      0.00000000      0.00000000      0.00000000      0.00000000      0.00000000      0.00000000      0.00000000      0.00000000      0.00000000      1.00000000     -2.33847170      0.43412865      0.82979338      0.45573646      0.74194694      0.92990212      2.18695061     -0.36973031     -0.63312579     -1.07338075      0.38181932     -0.09880051     -2.28997956
     0.00000000      0.00000000      0.00000000      0.00000000      0.00000000      0.00000000      0.00000000      0.00000000      0.00000000      0.00000000      0.00000000      0.00000000      0.00000000      0.00000000      0.00000000      0.00000000      0.00000000      0.00000000      0.00000000      0.00000000      0.00000000      0.00000000      0.00000000      0.00000000      0.00000000      0.00000000      0.00000000      0.00000000      0.00000000      0.00000000      0.00000000      0.00000000      0.00000000      0.00000000      0.00000000      0.00000000      0.00000000      0.00000000      0.00000000      0.00000000      0.00000000      0.00000000      0.00000000      0.00000000      0.00000000      0.00000000      0.00000000      0.00000000      0.00000000      0.00000000      0.00000000      0.00000000      0.00000000      0.00000000      0.00000000      0.00000000      0.00000000      0.00000000      0.00000000      0.00000000      0.00000000      0.00000000      0.00000000      0.00000000      0.00000000      0.00000000      0.00000000      0.00000000      0.00000000      0.00000000      0.00000000      0.00000000      0.00000000      0.00000000      0.00000000      0.00000000      0.00000000      0.00000000      0.00000000      0.00000000      0.00000000      0.00000000      0.00000000      0.00000000      0.00000000      0.00000000      0.00000000      1.00000000     -0.67608387     -0.09911765      0.79855245     -0.47571866      0.25006656     -0.16793644     -0.31367777      0.27556875     -0.20013102     -1.04464159      0.87400166      0.68403340
     0.00000000      0.00000000      0.00000000      0.00000000      0.00000000      0.00000000      0.00000000      0.00000000      0.00000000      0.00000000      0.00000000      0.00000000      0.00000000      0.00000000      0.00000000      0.00000000      0.00000000      0.00000000      0.00000000      0.00000000      0.00000000      0.00000000      0.00000000      0.00000000      0.00000000      0.00000000      0.00000000      0.00000000      0.00000000      0.00000000      0.00000000      0.00000000      0.00000000      0.00000000      0.00000000      0.00000000      0.00000000      0.00000000      0.00000000      0.00000000      0.00000000      0.00000000      0.00000000      0.00000000      0.00000000      0.00000000      0.00000000      0.00000000      0.00000000      0.00000000      0.00000000      0.00000000      0.00000000      0.00000000      0.00000000      0.00000000      0.00000000      0.00000000      0.00000000      0.00000000      0.00000000      0.00000000      0.00000000      0.00000000      0.00000000      0.00000000      0.00000000      0.00000000      0.00000000      0.00000000      0.00000000      0.00000000      0.00000000      0.00000000      0.00000000      0.00000000      0.00000000      0.00000000      0.00000000      0.00000000      0.00000000      0.00000000      0.00000000      0.00000000      0.00000000      0.00000000      0.00000000      0.00000000      1.00000000      0.24944235     -1.31694946      1.55653280     -1.25227818     -0.51274936      0.80919019     -0.50979870      0.94163760      1.10532480     -0.46810716      0.00421910
     0.00000000      0.00000000      0.00000000      0.00000000      0.00000000      0.00000000      0.00000000      0.00000000      0.00000000      0.00000000      0.00000000      0.00000000      0.00000000      0.00000000      0.00000000      0.00000000      0.00000000      0.00000000      0.00000000      0.00000000      0.00000000      0.00000000      0.00000000      0.00000000      0.00000000      0.00000000      0.00000000      0.00000000      0.00000000      0.00000000      0.00000000      0.00000000      0.00000000      0.00000000      0.00000000      0.00000000      0.00000000      0.00000000      0.00000000      0.00000000      0.00000000      0.00000000      0.00000000      0.00000000      0.00000000      0.00000000      0.00000000      0.00000000      0.00000000      0.00000000      0.00000000      0.00000000      0.00000000      0.00000000      0.00000000      0.00000000      0.00000000      0.00000000      0.00000000      0.00000000      0.00000000      0.00000000      0.00000000      0.00000000      0.00000000      0.00000000      0.00000000      0.00000000      0.00000000      0.00000000      0.00000000      0.00000000      0.00000000      0.00000000      0.00000000      0.00000000      0.00000000      0.00000000      0.00000000      0.00000000      0.00000000      0.00000000      0.00000000      0.00000000      0.00000000      0.00000000      0.00000000      0.00000000      0.00000000      1.00000000     -0.17990815      2.13118902     -1.01382050     -2.86970457      2.65716565     -0.46001551      0.96644822      1.25351122     -0.25605199     -0.27151496
     0.00000000      0.00000000      0.00000000      0.00000000      0.00000000      0.00000000      0.00000000      0.00000000      0.00000000      0.00000000      0.00000000      0.00000000      0.00000000      0.00000000      0.00000000      0.00000000      0.00000000      0.00000000      0.00000000      0.00000000      0.00000000      0.00000000      0.00000000      0.00000000      0.00000000      0.00000000      0.00000000      0.00000000      0.00000000      0.00000000      0.00000000      0.00000000      0.00000000      0.00000000      0.00000000      0.00000000      0.00000000      0.00000000      0.00000000      0.00000000      0.00000000      0.00000000      0.00000000      0.00000000      0.00000000      0.00000000      0.00000000      0.00000000      0.00000000      0.00000000      0.00000000      0.00000000      0.00000000      0.00000000      0.00000000      0.00000000      0.00000000      0.00000000      0.00000000      0.00000000      0.00000000      0.00000000      0.00000000      0.00000000      0.00000000      0.00000000      0.00000000      0.00000000      0.00000000      0.00000000      0.00000000      0.00000000      0.00000000      0.00000000      0.00000000      0.00000000      0.00000000      0.00000000      0.00000000      0.00000000      0.00000000      0.00000000      0.00000000      0.00000000      0.00000000      0.00000000      0.00000000      0.00000000      0.00000000      0.00000000      1.00000000     -0.59199227      1.03524153      1.10246448     -0.69319698      0.67848295     -0.44103095     -0.30463533     -0.08265722      0.63188540
     0.00000000      0.00000000      0.00000000      0.00000000      0.00000000      0.00000000      0.00000000      0.00000000      0.00000000      0.00000000      0.00000000      0.00000000      0.00000000      0.00000000      0.00000000      0.00000000      0.00000000      0.00000000      0.00000000      0.00000000      0.00000000      0.00000000      0.00000000      0.00000000      0.00000000      0.00000000      0.00000000      0.00000000      0.00000000      0.00000000      0.00000000      0.00000000      0.00000000      0.00000000      0.00000000      0.00000000      0.00000000      0.00000000      0.00000000      0.00000000      0.00000000      0.00000000      0.00000000      0.00000000      0.00000000      0.00000000      0.00000000      0.00000000      0.00000000      0.00000000      0.00000000      0.00000000      0.00000000      0.00000000      0.00000000      0.00000000      0.00000000      0.00000000      0.00000000      0.00000000      0.00000000      0.00000000      0.00000000      0.00000000      0.00000000      0.00000000      0.00000000      0.00000000      0.00000000      0.00000000      0.00000000      0.00000000      0.00000000      0.00000000      0.00000000      0.00000000      0.00000000      0.00000000      0.00000000      0.00000000      0.00000000      0.00000000      0.00000000      0.00000000      0.00000000      0.00000000      0.00000000      0.00000000      0.00000000      0.00000000      0.00000000      1.00000000     -0.82202726     -2.23697309      1.25584751     -0.29768202     -0.01064324      0.62175308      0.31650175     -1.54396775
     0.00000000      0.00000000      0.00000000      0.00000000      0.00000000      0.00000000      0.00000000      0.00000000      0.00000000      0.00000000      0.00000000      0.00000000      0.00000000      0.00000000      0.00000000      0.00000000      0.00000000      0.00000000      0.00000000      0.00000000      0.00000000      0.00000000      0.00000000      0.00000000      0.00000000      0.00000000      0.00000000      0.00000000      0.00000000      0.00000000      0.00000000      0.00000000      0.00000000      0.00000000      0.00000000      0.00000000      0.00000000      0.00000000      0.00000000      0.00000000      0.00000000      0.00000000      0.00000000      0.00000000      0.00000000      0.00000000      0.00000000      0.00000000      0.00000000      0.00000000      0.00000000      0.00000000      0.00000000      0.00000000      0.00000000      0.00000000      0.00000000      0.00000000      0.00000000      0.00000000      0.00000000      0.00000000      0.00000000      0.00000000      0.00000000      0.00000000      0.00000000      0.00000000      0.00000000      0.00000000      0.00000000      0.00000000      0.00000000      0.00000000      0.00000000      0.00000000      0.00000000      0.00000000      0.00000000      0.00000000      0.00000000      0.00000000      0.00000000      0.00000000      0.00000000      0.00000000      0.00000000      0.00000000      0.00000000      0.00000000      0.00000000      0.00000000      1.00000000     -0.52254915     -0.25225637      0.58010149      0.61293894      1.68145393     -1.60386842      0.39136032
     0.00000000      0.00000000      0.00000000      0.00000000      0.00000000      0.00000000      0.00000000      0.00000000      0.00000000      0.00000000      0.00000000      0.00000000      0.00000000      0.00000000      0.00000000      0.00000000      0.00000000      0.00000000      0.00000000      0.00000000      0.00000000      0.00000000      0.00000000      0.00000000      0.00000000      0.00000000      0.00000000      0.00000000      0.00000000      0.00000000      0.00000000      0.00000000      0.00000000      0.00000000      0.00000000      0.00000000      0.00000000      0.00000000      0.00000000      0.00000000      0.00000000      0.00000000      0.00000000      0.00000000      0.00000000      0.00000000      0.00000000      0.00000000      0.00000000      0.00000000      0.00000000      0.00000000      0.00000000      0.00000000      0.00000000      0.00000000      0.00000000      0.00000000      0.00000000      0.00000000      0.00000000      0.00000000      0.00000000      0.00000000      0.00000000      0.00000000      0.00000000      0.00000000      0.00000000      0.00000000      0.00000000      0.00000000      0.00000000      0.00000000      0.00000000      0.00000000      0.00000000      0.00000000      0.00000000      0.00000000      0.00000000      0.00000000      0.00000000      0.00000000      0.00000000      0.00000000      0.00000000      0.00000000      0.00000000      0.00000000      0.00000000      0.00000000      0.00000000      1.00000000     -0.70148424      0.06794928      0.28373743     -0.22778368      0.05779545      0.16444462
     0.00000000      0.00000000      0.00000000      0.00000000      0.00000000      0.00000000      0.00000000      0.00000000      0.00000000      0.00000000      0.00000000      0.00000000      0.00000000      0.00000000      0.00000000      0.00000000      0.00000000      0.00000000      0.00000000      0.00000000      0.00000000      0.00000000      0.00000000      0.00000000      0.00000000      0.00000000      0.00000000      0.00000000      0.00000000      0.00000000      0.00000000      0.00000000      0.00000000      0.00000000      0.00000000      0.00000000      0.00000000      0.00000000      0.00000000      0.00000000      0.00000000      0.00000000      0.00000000      0.00000000      0.00000000      0.00000000      0.00000000      0.00000000      0.00000000      0.00000000      0.00000000      0.00000000      0.00000000      0.00000000      0.00000000      0.00000000      0.00000000      0.00000000      0.00000000      0.00000000      0.00000000      0.00000000      0.00000000      0.00000000      0.00000000      0.00000000      0.00000000      0.00000000      0.00000000      0.00000000      0.00000000      0.00000000      0.00000000      0.00000000      0.00000000      0.00000000      0.00000000      0.00000000      0.00000000      0.00000000      0.00000000      0.00000000      0.00000000      0.00000000      0.00000000      0.00000000      0.00000000      0.00000000      0.00000000      0.00000000      0.00000000      0.00000000      0.00000000      0.00000000      1.00000000   -242.16622547    268.79803995    120.73565580    172.41173560   -127.33586236
     0.00000000      0.00000000      0.00000000      0.00000000      0.00000000      0.00000000      0.00000000      0.00000000      0.00000000      0.00000000      0.00000000      0.00000000      0.00000000      0.00000000      0.00000000      0.00000000      0.00000000      0.00000000      0.00000000      0.00000000      0.00000000      0.00000000      0.00000000      0.00000000      0.00000000      0.00000000      0.00000000      0.00000000      0.00000000      0.00000000      0.00000000      0.00000000      0.00000000      0.00000000      0.00000000      0.00000000      0.00000000      0.00000000      0.00000000      0.00000000      0.00000000      0.00000000      0.00000000      0.00000000      0.00000000      0.00000000      0.00000000      0.00000000      0.00000000      0.00000000      0.00000000      0.00000000      0.00000000      0.00000000      0.00000000      0.00000000      0.00000000      0.00000000      0.00000000      0.00000000      0.00000000      0.00000000      0.00000000      0.00000000      0.00000000      0.00000000      0.00000000      0.00000000      0.00000000      0.00000000      0.00000000      0.00000000      0.00000000      0.00000000      0.00000000      0.00000000      0.00000000      0.00000000      0.00000000      0.00000000      0.00000000      0.00000000      0.00000000      0.00000000      0.00000000      0.00000000      0.00000000      0.00000000      0.00000000      0.00000000      0.00000000      0.00000000      0.00000000      0.00000000      0.00000000      1.00000000     -1.10580130     -0.49827754     -0.71458517      0.52890557
     0.00000000      0.00000000      0.00000000      0.00000000      0.00000000      0.00000000      0.00000000      0.00000000      0.00000000      0.00000000      0.00000000      0.00000000      0.00000000      0.00000000      0.00000000      0.00000000      0.00000000      0.00000000      0.00000000      0.00000000      0.00000000      0.00000000      0.00000000      0.00000000      0.00000000      0.00000000      0.00000000      0.00000000      0.00000000      0.00000000      0.00000000      0.00000000      0.00000000      0.00000000      0.00000000      0.00000000      0.00000000      0.00000000      0.00000000      0.00000000      0.00000000      0.00000000      0.00000000      0.00000000      0.00000000      0.00000000      0.00000000      0.00000000      0.00000000      0.00000000      0.00000000      0.00000000      0.00000000      0.00000000      0.00000000      0.00000000      0.00000000      0.00000000      0.00000000      0.00000000      0.00000000      0.00000000      0.00000000      0.00000000      0.00000000      0.00000000      0.00000000      0.00000000      0.00000000      0.00000000      0.00000000      0.00000000      0.00000000      0.00000000      0.00000000      0.00000000      0.00000000      0.00000000      0.00000000      0.00000000      0.00000000      0.00000000      0.00000000      0.00000000      0.00000000      0.00000000      0.00000000      0.00000000      0.00000000      0.00000000      0.00000000      0.00000000      0.00000000      0.00000000      0.00000000      0.00000000      1.00000000      1.89289726      0.23742468      2.08337584
     0.00000000      0.00000000      0.00000000      0.00000000      0.00000000      0.00000000      0.00000000      0.00000000      0.00000000      0.00000000      0.00000000      0.00000000      0.00000000      0.00000000      0.00000000      0.00000000      0.00000000      0.00000000      0.00000000      0.00000000      0.00000000      0.00000000      0.00000000      0.00000000      0.00000000      0.00000000      0.00000000      0.00000000      0.00000000      0.00000000      0.00000000      0.00000000      0.00000000      0.00000000      0.00000000      0.00000000      0.00000000      0.00000000      0.00000000      0.00000000      0.00000000      0.00000000      0.00000000      0.00000000      0.00000000      0.00000000      0.00000000      0.00000000      0.00000000      0.00000000      0.00000000      0.00000000      0.00000000      0.00000000      0.00000000      0.00000000      0.00000000      0.00000000      0.00000000      0.00000000      0.00000000      0.00000000      0.00000000      0.00000000      0.00000000      0.00000000      0.00000000      0.00000000      0.00000000      0.00000000      0.00000000      0.00000000      0.00000000      0.00000000      0.00000000      0.00000000      0.00000000      0.00000000      0.00000000      0.00000000      0.00000000      0.00000000      0.00000000      0.00000000      0.00000000      0.00000000      0.00000000      0.00000000      0.00000000      0.00000000      0.00000000      0.00000000      0.00000000      0.00000000      0.00000000      0.00000000      0.00000000      1.00000000      0.31022781      1.30117714
     0.00000000      0.00000000      0.00000000      0.00000000      0.00000000      0.00000000      0.00000000      0.00000000      0.00000000      0.00000000      0.00000000      0.00000000      0.00000000      0.00000000      0.00000000      0.00000000      0.00000000      0.00000000      0.00000000      0.00000000      0.00000000      0.00000000      0.00000000      0.00000000      0.00000000      0.00000000      0.00000000      0.00000000      0.00000000      0.00000000      0.00000000      0.00000000      0.00000000      0.00000000      0.00000000      0.00000000      0.00000000      0.00000000      0.00000000      0.00000000      0.00000000      0.00000000      0.00000000      0.00000000      0.00000000      0.00000000      0.00000000      0.00000000      0.00000000      0.00000000      0.00000000      0.00000000      0.00000000      0.00000000      0.00000000      0.00000000      0.00000000      0.00000000      0.00000000      0.00000000      0.00000000      0.00000000      0.00000000      0.00000000      0.00000000      0.00000000      0.00000000      0.00000000      0.00000000      0.00000000      0.00000000      0.00000000      0.00000000      0.00000000      0.00000000      0.00000000      0.00000000      0.00000000      0.00000000      0.00000000      0.00000000      0.00000000      0.00000000      0.00000000      0.00000000      0.00000000      0.00000000      0.00000000      0.00000000      0.00000000      0.00000000      0.00000000      0.00000000      0.00000000      0.00000000      0.00000000      0.00000000      0.00000000      1.00000000    -25.49176602
     0.00000000      0.00000000      0.00000000      0.00000000      0.00000000      0.00000000      0.00000000      0.00000000      0.00000000      0.00000000      0.00000000      0.00000000      0.00000000      0.00000000      0.00000000      0.00000000      0.00000000      0.00000000      0.00000000      0.00000000      0.00000000      0.00000000      0.00000000      0.00000000      0.00000000      0.00000000      0.00000000      0.00000000      0.00000000      0.00000000      0.00000000      0.00000000      0.00000000      0.00000000      0.00000000      0.00000000      0.00000000      0.00000000      0.00000000      0.00000000      0.00000000      0.00000000      0.00000000      0.00000000      0.00000000      0.00000000      0.00000000      0.00000000      0.00000000      0.00000000      0.00000000      0.00000000      0.00000000      0.00000000      0.00000000      0.00000000      0.00000000      0.00000000      0.00000000      0.00000000      0.00000000      0.00000000      0.00000000      0.00000000      0.00000000      0.00000000      0.00000000      0.00000000      0.00000000      0.00000000      0.00000000      0.00000000      0.00000000      0.00000000      0.00000000      0.00000000      0.00000000      0.00000000      0.00000000      0.00000000      0.00000000      0.00000000      0.00000000      0.00000000      0.00000000      0.00000000      0.00000000      0.00000000      0.00000000      0.00000000      0.00000000      0.00000000      0.00000000      0.00000000      0.00000000      0.00000000      0.00000000      0.00000000      0.00000000      1.00000000
