     3.25105971      0.00000000      0.00000000      0.00000000      0.00000000      0.00000000      0.00000000      0.00000000      0.00000000      0.00000000      0.00000000      0.00000000      0.00000000      0.00000000      0.00000000      0.00000000      0.00000000      0.00000000      0.00000000      0.00000000      0.00000000      0.00000000      0.00000000      0.00000000      0.00000000      0.00000000      0.00000000      0.00000000      0.00000000      0.00000000      0.00000000      0.00000000      0.00000000      0.00000000      0.00000000      0.00000000      0.00000000      0.00000000      0.00000000      0.00000000      0.00000000      0.00000000      0.00000000      0.00000000      0.00000000      0.00000000      0.00000000      0.00000000      0.00000000      0.00000000      0.00000000      0.00000000      0.00000000      0.00000000      0.00000000      0.00000000      0.00000000      0.00000000      0.00000000      0.00000000      0.00000000      0.00000000      0.00000000      0.00000000      0.00000000      0.00000000      0.00000000      0.00000000      0.00000000      0.00000000      0.00000000      0.00000000      0.00000000      0.00000000      0.00000000      0.00000000      0.00000000      0.00000000      0.00000000      0.00000000      0.00000000      0.00000000      0.00000000      0.00000000      0.00000000      0.00000000      0.00000000      0.00000000      0.00000000      0.00000000      0.00000000      0.00000000      0.00000000      0.00000000      0.00000000      0.00000000      0.00000000      0.00000000      0.00000000      0.00000000
     1.47367249      7.41545994      0.00000000      0.00000000      0.00000000      0.00000000      0.00000000      0.00000000      0.00000000      0.00000000      0.00000000      0.00000000      0.00000000      0.00000000      0.00000000      0.00000000      0.00000000      0.00000000      0.00000000      0.00000000      0.00000000      0.00000000      0.00000000      0.00000000      0.00000000      0.00000000      0.00000000      0.00000000      0.00000000      0.00000000      0.00000000      0.00000000      0.00000000      0.00000000      0.00000000      0.00000000      0.00000000      0.00000000      0.00000000      0.00000000      0.00000000      0.00000000      0.00000000      0.00000000      0.00000000      0.00000000      0.00000000      0.00000000      0.00000000      0.00000000      0.00000000      0.00000000      0.00000000      0.00000000      0.00000000      0.00000000      0.00000000      0.00000000      0.00000000      0.00000000      0.00000000      0.00000000      0.00000000      0.00000000      0.00000000      0.00000000      0.00000000      0.00000000      0.00000000      0.00000000      0.00000000      0.00000000      0.00000000      0.00000000      0.00000000      0.00000000      0.00000000      0.00000000      0.00000000      0.00000000      0.00000000      0.00000000      0.00000000      0.00000000      0.00000000      0.00000000      0.00000000      0.00000000      0.00000000      0.00000000      0.00000000      0.00000000      0.00000000      0.00000000      0.00000000      0.00000000      0.00000000      0.00000000      0.00000000      0.00000000
     5.12099671      1.76550381     -2.65559898      0.00000000      0.00000000      0.00000000      0.00000000      0.00000000      0.00000000      0.00000000      0.00000000      0.00000000      0.00000000      0.00000000      0.00000000      0.00000000      0.00000000      0.00000000      0.00000000      0.00000000      0.00000000      0.00000000      0.00000000      0.00000000      0.00000000      0.00000000      0.00000000      0.00000000      0.00000000      0.00000000      0.00000000      0.00000000      0.00000000      0.00000000      0.00000000      0.00000000      0.00000000      0.00000000      0.00000000      0.00000000      0.00000000      0.00000000      0.00000000      0.00000000      0.00000000      0.00000000      0.00000000      0.00000000      0.00000000      0.00000000      0.00000000      0.00000000      0.00000000      0.00000000      0.00000000      0.00000000      0.00000000      0.00000000      0.00000000      0.00000000      0.00000000      0.00000000      0.00000000      0.00000000      0.00000000      0.00000000      0.00000000      0.00000000      0.00000000      0.00000000      0.00000000      0.00000000      0.00000000      0.00000000      0.00000000      0.00000000      0.00000000      0.00000000      0.00000000      0.00000000      0.00000000      0.00000000      0.00000000      0.00000000      0.00000000      0.00000000      0.00000000      0.00000000      0.00000000      0.00000000      0.00000000      0.00000000      0.00000000      0.00000000      0.00000000      0.00000000      0.00000000      0.00000000      0.00000000      0.00000000
     9.02112950     -3.30154259      8.81342787    -30.98111597      0.00000000      0.00000000      0.00000000      0.00000000      0.00000000      0.00000000      0.00000000      0.00000000      0.00000000      0.00000000      0.00000000      0.00000000      0.00000000      0.00000000      0.00000000      0.00000000      0.00000000      0.00000000      0.00000000      0.00000000      0.00000000      0.00000000      0.00000000      0.00000000      0.00000000      0.00000000      0.00000000      0.00000000      0.00000000      0.00000000      0.00000000      0.00000000      0.00000000      0.00000000      0.00000000      0.00000000      0.00000000      0.00000000      0.00000000      0.00000000      0.00000000      0.00000000      0.00000000      0.00000000      0.00000000      0.00000000      0.00000000      0.00000000      0.00000000      0.00000000      0.00000000      0.00000000      0.00000000      0.00000000      0.00000000      0.00000000      0.00000000      0.00000000      0.00000000      0.00000000      0.00000000      0.00000000      0.00000000      0.00000000      0.00000000      0.00000000      0.00000000      0.00000000      0.00000000      0.00000000      0.00000000      0.00000000      0.00000000      0.00000000      0.00000000      0.00000000      0.00000000      0.00000000      0.00000000      0.00000000      0.00000000      0.00000000      0.00000000      0.00000000      0.00000000      0.00000000      0.00000000      0.00000000      0.00000000      0.00000000      0.00000000      0.00000000      0.00000000      0.00000000      0.00000000      0.00000000
     0.20467832      9.71036567     -8.69940354     26.01886792    -12.66943758      0.00000000      0.00000000      0.00000000      0.00000000      0.00000000      0.00000000      0.00000000      0.00000000      0.00000000      0.00000000      0.00000000      0.00000000      0.00000000      0.00000000      0.00000000      0.00000000      0.00000000      0.00000000      0.00000000      0.00000000      0.00000000      0.00000000      0.00000000      0.00000000      0.00000000      0.00000000      0.00000000      0.00000000      0.00000000      0.00000000      0.00000000      0.00000000      0.00000000      0.00000000      0.00000000      0.00000000      0.00000000      0.00000000      0.00000000      0.00000000      0.00000000      0.00000000      0.00000000      0.00000000      0.00000000      0.00000000      0.00000000      0.00000000      0.00000000      0.00000000      0.00000000      0.00000000      0.00000000      0.00000000      0.00000000      0.00000000      0.00000000      0.00000000      0.00000000      0.00000000      0.00000000      0.00000000      0.00000000      0.00000000      0.00000000      0.00000000      0.00000000      0.00000000      0.00000000      0.00000000      0.00000000      0.00000000      0.00000000      0.00000000      0.00000000      0.00000000      0.00000000      0.00000000      0.00000000      0.00000000      0.00000000      0.00000000      0.00000000      0.00000000      0.00000000      0.00000000      0.00000000      0.00000000      0.00000000      0.00000000      0.00000000      0.00000000      0.00000000      0.00000000      0.00000000
     1.10873722      6.20231049     -2.67776843      6.83875597      0.64006297      4.48313285      0.00000000      0.00000000      0.00000000      0.00000000      0.00000000      0.00000000      0.00000000      0.00000000      0.00000000      0.00000000      0.00000000      0.00000000      0.00000000      0.00000000      0.00000000      0.00000000      0.00000000      0.00000000      0.00000000      0.00000000      0.00000000      0.00000000      0.00000000      0.00000000      0.00000000      0.00000000      0.00000000      0.00000000      0.00000000      0.00000000      0.00000000      0.00000000      0.00000000      0.00000000      0.00000000      0.00000000      0.00000000      0.00000000      0.00000000      0.00000000      0.00000000      0.00000000      0.00000000      0.00000000      0.00000000      0.00000000      0.00000000      0.00000000      0.00000000      0.00000000      0.00000000      0.00000000      0.00000000      0.00000000      0.00000000      0.00000000      0.00000000      0.00000000      0.00000000      0.00000000      0.00000000      0.00000000      0.00000000      0.00000000      0.00000000      0.00000000      0.00000000      0.00000000      0.00000000      0.00000000      0.00000000      0.00000000      0.00000000      0.00000000      0.00000000      0.00000000      0.00000000      0.00000000      0.00000000      0.00000000      0.00000000      0.00000000      0.00000000      0.00000000      0.00000000      0.00000000      0.00000000      0.00000000      0.00000000      0.00000000      0.00000000      0.00000000      0.00000000      0.00000000
     2.70404483      0.54977620      0.30811955      0.32918125     -3.71614232      6.32613576      5.32756924      0.00000000      0.00000000      0.00000000      0.00000000      0.00000000      0.00000000      0.00000000      0.00000000      0.00000000      0.00000000      0.00000000      0.00000000      0.00000000      0.00000000      0.00000000      0.00000000      0.00000000      0.00000000      0.00000000      0.00000000      0.00000000      0.00000000      0.00000000      0.00000000      0.00000000      0.00000000      0.00000000      0.00000000      0.00000000      0.00000000      0.00000000      0.00000000      0.00000000      0.00000000      0.00000000      0.00000000      0.00000000      0.00000000      0.00000000      0.00000000      0.00000000      0.00000000      0.00000000      0.00000000      0.00000000      0.00000000      0.00000000      0.00000000      0.00000000      0.00000000      0.00000000      0.00000000      0.00000000      0.00000000      0.00000000      0.00000000      0.00000000      0.00000000      0.00000000      0.00000000      0.00000000      0.00000000      0.00000000      0.00000000      0.00000000      0.00000000      0.00000000      0.00000000      0.00000000      0.00000000      0.00000000      0.00000000      0.00000000      0.00000000      0.00000000      0.00000000      0.00000000      0.00000000      0.00000000      0.00000000      0.00000000      0.00000000      0.00000000      0.00000000      0.00000000      0.00000000      0.00000000      0.00000000      0.00000000      0.00000000      0.00000000      0.00000000      0.00000000
     5.56320653     -2.38984542      2.69824704    -10.66172988      2.21864894      0.69027138     -0.06591269     -5.03154462      0.00000000      0.00000000      0.00000000      0.00000000      0.00000000      0.00000000      0.00000000      0.00000000      0.00000000      0.00000000      0.00000000      0.00000000      0.00000000      0.00000000      0.00000000      0.00000000      0.00000000      0.00000000      0.00000000      0.00000000      0.00000000      0.00000000      0.00000000      0.00000000      0.00000000      0.00000000      0.00000000      0.00000000      0.00000000      0.00000000      0.00000000      0.00000000      0.00000000      0.00000000      0.00000000      0.00000000      0.00000000      0.00000000      0.00000000      0.00000000      0.00000000      0.00000000      0.00000000      0.00000000      0.00000000      0.00000000      0.00000000      0.00000000      0.00000000      0.00000000      0.00000000      0.00000000      0.00000000      0.00000000      0.00000000      0.00000000      0.00000000      0.00000000      0.00000000      0.00000000      0.00000000      0.00000000      0.00000000      0.00000000      0.00000000      0.00000000      0.00000000      0.00000000      0.00000000      0.00000000      0.00000000      0.00000000      0.00000000      0.00000000      0.00000000      0.00000000      0.00000000      0.00000000      0.00000000      0.00000000      0.00000000      0.00000000      0.00000000      0.00000000      0.00000000      0.00000000      0.00000000      0.00000000      0.00000000      0.00000000      0.00000000      0.00000000
     9.50233452     -9.58781559     11.43848662    -33.66346427     -1.07378516      3.72693670     -2.88529551    -23.93144792     -4.39789011      0.00000000      0.00000000      0.00000000      0.00000000      0.00000000      0.00000000      0.00000000      0.00000000      0.00000000      0.00000000      0.00000000      0.00000000      0.00000000      0.00000000      0.00000000      0.00000000      0.00000000      0.00000000      0.00000000      0.00000000      0.00000000      0.00000000      0.00000000      0.00000000      0.00000000      0.00000000      0.00000000      0.00000000      0.00000000      0.00000000      0.00000000      0.00000000      0.00000000      0.00000000      0.00000000      0.00000000      0.00000000      0.00000000      0.00000000      0.00000000      0.00000000      0.00000000      0.00000000      0.00000000      0.00000000      0.00000000      0.00000000      0.00000000      0.00000000      0.00000000      0.00000000      0.00000000      0.00000000      0.00000000      0.00000000      0.00000000      0.00000000      0.00000000      0.00000000      0.00000000      0.00000000      0.00000000      0.00000000      0.00000000      0.00000000      0.00000000      0.00000000      0.00000000      0.00000000      0.00000000      0.00000000      0.00000000      0.00000000      0.00000000      0.00000000      0.00000000      0.00000000      0.00000000      0.00000000      0.00000000      0.00000000      0.00000000      0.00000000      0.00000000      0.00000000      0.00000000      0.00000000      0.00000000      0.00000000      0.00000000      0.00000000
     4.52848487     -6.28381885      9.47195562    -23.23033275      4.60383055      6.46674363      1.41936977    -14.37900184      1.85932071     14.91357810      0.00000000      0.00000000      0.00000000      0.00000000      0.00000000      0.00000000      0.00000000      0.00000000      0.00000000      0.00000000      0.00000000      0.00000000      0.00000000      0.00000000      0.00000000      0.00000000      0.00000000      0.00000000      0.00000000      0.00000000      0.00000000      0.00000000      0.00000000      0.00000000      0.00000000      0.00000000      0.00000000      0.00000000      0.00000000      0.00000000      0.00000000      0.00000000      0.00000000      0.00000000      0.00000000      0.00000000      0.00000000      0.00000000      0.00000000      0.00000000      0.00000000      0.00000000      0.00000000      0.00000000      0.00000000      0.00000000      0.00000000      0.00000000      0.00000000      0.00000000      0.00000000      0.00000000      0.00000000      0.00000000      0.00000000      0.00000000      0.00000000      0.00000000      0.00000000      0.00000000      0.00000000      0.00000000      0.00000000      0.00000000      0.00000000      0.00000000      0.00000000      0.00000000      0.00000000      0.00000000      0.00000000      0.00000000      0.00000000      0.00000000      0.00000000      0.00000000      0.00000000      0.00000000      0.00000000      0.00000000      0.00000000      0.00000000      0.00000000      0.00000000      0.00000000      0.00000000      0.00000000      0.00000000      0.00000000      0.00000000
     7.08049242     -3.94010334      8.72541698    -26.48447765     -0.32382643     -4.35398825     -1.75753220      0.26505043     -3.26055974     -9.41472330     -7.18068093      0.00000000      0.00000000      0.00000000      0.00000000      0.00000000      0.00000000      0.00000000      0.00000000      0.00000000      0.00000000      0.00000000      0.00000000      0.00000000      0.00000000      0.00000000      0.00000000      0.00000000      0.00000000      0.00000000      0.00000000      0.00000000      0.00000000      0.00000000      0.00000000      0.00000000      0.00000000      0.00000000      0.00000000      0.00000000      0.00000000      0.00000000      0.00000000      0.00000000      0.00000000      0.00000000      0.00000000      0.00000000      0.00000000      0.00000000      0.00000000      0.00000000      0.00000000      0.00000000      0.00000000      0.00000000      0.00000000      0.00000000      0.00000000      0.00000000      0.00000000      0.00000000      0.00000000      0.00000000      0.00000000      0.00000000      0.00000000      0.00000000      0.00000000      0.00000000      0.00000000      0.00000000      0.00000000      0.00000000      0.00000000      0.00000000      0.00000000      0.00000000      0.00000000      0.00000000      0.00000000      0.00000000      0.00000000      0.00000000      0.00000000      0.00000000      0.00000000      0.00000000      0.00000000      0.00000000      0.00000000      0.00000000      0.00000000      0.00000000      0.00000000      0.00000000      0.00000000      0.00000000      0.00000000      0.00000000
     7.67816234     -5.61227132     10.13969605    -26.51308370     -1.57426959     -0.51200946      1.40329274     -9.76951654     -3.51732623     -4.80538559    -11.20182354     -4.75716378      0.00000000      0.00000000      0.00000000      0.00000000      0.00000000      0.00000000      0.00000000      0.00000000      0.00000000      0.00000000      0.00000000      0.00000000      0.00000000      0.00000000      0.00000000      0.00000000      0.00000000      0.00000000      0.00000000      0.00000000      0.00000000      0.00000000      0.00000000      0.00000000      0.00000000      0.00000000      0.00000000      0.00000000      0.00000000      0.00000000      0.00000000      0.00000000      0.00000000      0.00000000      0.00000000      0.00000000      0.00000000      0.00000000      0.00000000      0.00000000      0.00000000      0.00000000      0.00000000      0.00000000      0.00000000      0.00000000      0.00000000      0.00000000      0.00000000      0.00000000      0.00000000      0.00000000      0.00000000      0.00000000      0.00000000      0.00000000      0.00000000      0.00000000      0.00000000      0.00000000      0.00000000      0.00000000      0.00000000      0.00000000      0.00000000      0.00000000      0.00000000      0.00000000      0.00000000      0.00000000      0.00000000      0.00000000      0.00000000      0.00000000      0.00000000      0.00000000      0.00000000      0.00000000      0.00000000      0.00000000      0.00000000      0.00000000      0.00000000      0.00000000      0.00000000      0.00000000      0.00000000      0.00000000
     9.10487665     -2.92459431      3.02810339    -17.86930694     -1.12270258     -3.44377105     -4.65105646     -3.99379744     -0.76967370      1.18309835     -5.66636592      8.78147206    -13.79288266      0.00000000      0.00000000      0.00000000      0.00000000      0.00000000      0.00000000      0.00000000      0.00000000      0.00000000      0.00000000      0.00000000      0.00000000      0.00000000      0.00000000      0.00000000      0.00000000      0.00000000      0.00000000      0.00000000      0.00000000      0.00000000      0.00000000      0.00000000      0.00000000      0.00000000      0.00000000      0.00000000      0.00000000      0.00000000      0.00000000      0.00000000      0.00000000      0.00000000      0.00000000      0.00000000      0.00000000      0.00000000      0.00000000      0.00000000      0.00000000      0.00000000      0.00000000      0.00000000      0.00000000      0.00000000      0.00000000      0.00000000      0.00000000      0.00000000      0.00000000      0.00000000      0.00000000      0.00000000      0.00000000      0.00000000      0.00000000      0.00000000      0.00000000      0.00000000      0.00000000      0.00000000      0.00000000      0.00000000      0.00000000      0.00000000      0.00000000      0.00000000      0.00000000      0.00000000      0.00000000      0.00000000      0.00000000      0.00000000      0.00000000      0.00000000      0.00000000      0.00000000      0.00000000      0.00000000      0.00000000      0.00000000      0.00000000      0.00000000      0.00000000      0.00000000      0.00000000      0.00000000
     3.74870179      0.60592553      4.53796804    -14.46717814      6.73520633      1.93413231     -0.06913996      2.35247455     -5.24439408    -17.67548942     -4.36073169     -6.84087249      5.68817270     14.93227339      0.00000000      0.00000000      0.00000000      0.00000000      0.00000000      0.00000000      0.00000000      0.00000000      0.00000000      0.00000000      0.00000000      0.00000000      0.00000000      0.00000000      0.00000000      0.00000000      0.00000000      0.00000000      0.00000000      0.00000000      0.00000000      0.00000000      0.00000000      0.00000000      0.00000000      0.00000000      0.00000000      0.00000000      0.00000000      0.00000000      0.00000000      0.00000000      0.00000000      0.00000000      0.00000000      0.00000000      0.00000000      0.00000000      0.00000000      0.00000000      0.00000000      0.00000000      0.00000000      0.00000000      0.00000000      0.00000000      0.00000000      0.00000000      0.00000000      0.00000000      0.00000000      0.00000000      0.00000000      0.00000000      0.00000000      0.00000000      0.00000000      0.00000000      0.00000000      0.00000000      0.00000000      0.00000000      0.00000000      0.00000000      0.00000000      0.00000000      0.00000000      0.00000000      0.00000000      0.00000000      0.00000000      0.00000000      0.00000000      0.00000000      0.00000000      0.00000000      0.00000000      0.00000000      0.00000000      0.00000000      0.00000000      0.00000000      0.00000000      0.00000000      0.00000000      0.00000000
     9.59535473     -5.72334101     10.04683270    -34.11287850      4.12824122      2.90580593     -0.35738973     -0.90550376    -12.27277645    -29.30389789    -29.57577534      2.74920253    -25.79170570     18.84805037      1.19180407      0.00000000      0.00000000      0.00000000      0.00000000      0.00000000      0.00000000      0.00000000      0.00000000      0.00000000      0.00000000      0.00000000      0.00000000      0.00000000      0.00000000      0.00000000      0.00000000      0.00000000      0.00000000      0.00000000      0.00000000      0.00000000      0.00000000      0.00000000      0.00000000      0.00000000      0.00000000      0.00000000      0.00000000      0.00000000      0.00000000      0.00000000      0.00000000      0.00000000      0.00000000      0.00000000      0.00000000      0.00000000      0.00000000      0.00000000      0.00000000      0.00000000      0.00000000      0.00000000      0.00000000      0.00000000      0.00000000      0.00000000      0.00000000      0.00000000      0.00000000      0.00000000      0.00000000      0.00000000      0.00000000      0.00000000      0.00000000      0.00000000      0.00000000      0.00000000      0.00000000      0.00000000      0.00000000      0.00000000      0.00000000      0.00000000      0.00000000      0.00000000      0.00000000      0.00000000      0.00000000      0.00000000      0.00000000      0.00000000      0.00000000      0.00000000      0.00000000      0.00000000      0.00000000      0.00000000      0.00000000      0.00000000      0.00000000      0.00000000      0.00000000      0.00000000
     5.17653639     -1.82135492      2.77310383     -8.61973382     -5.85157160     -0.72150814      0.13780453     -4.78559642      3.99999657     13.39374439      7.42842791     -4.93708293     11.31663824     -1.08584850     -5.21763143     -3.32516550      0.00000000      0.00000000      0.00000000      0.00000000      0.00000000      0.00000000      0.00000000      0.00000000      0.00000000      0.00000000      0.00000000      0.00000000      0.00000000      0.00000000      0.00000000      0.00000000      0.00000000      0.00000000      0.00000000      0.00000000      0.00000000      0.00000000      0.00000000      0.00000000      0.00000000      0.00000000      0.00000000      0.00000000      0.00000000      0.00000000      0.00000000      0.00000000      0.00000000      0.00000000      0.00000000      0.00000000      0.00000000      0.00000000      0.00000000      0.00000000      0.00000000      0.00000000      0.00000000      0.00000000      0.00000000      0.00000000      0.00000000      0.00000000      0.00000000      0.00000000      0.00000000      0.00000000      0.00000000      0.00000000      0.00000000      0.00000000      0.00000000      0.00000000      0.00000000      0.00000000      0.00000000      0.00000000      0.00000000      0.00000000      0.00000000      0.00000000      0.00000000      0.00000000      0.00000000      0.00000000      0.00000000      0.00000000      0.00000000      0.00000000      0.00000000      0.00000000      0.00000000      0.00000000      0.00000000      0.00000000      0.00000000      0.00000000      0.00000000      0.00000000
     5.63289550      0.28215348      2.65597812    -11.90487487     -1.69104007     -4.75678507     -1.86162661      2.31735098     -0.06746369      1.70756104     -5.08253749      5.72762398     -8.22165404     -7.19186092     -4.08646943     -4.59360833      5.69448871      0.00000000      0.00000000      0.00000000      0.00000000      0.00000000      0.00000000      0.00000000      0.00000000      0.00000000      0.00000000      0.00000000      0.00000000      0.00000000      0.00000000      0.00000000      0.00000000      0.00000000      0.00000000      0.00000000      0.00000000      0.00000000      0.00000000      0.00000000      0.00000000      0.00000000      0.00000000      0.00000000      0.00000000      0.00000000      0.00000000      0.00000000      0.00000000      0.00000000      0.00000000      0.00000000      0.00000000      0.00000000      0.00000000      0.00000000      0.00000000      0.00000000      0.00000000      0.00000000      0.00000000      0.00000000      0.00000000      0.00000000      0.00000000      0.00000000      0.00000000      0.00000000      0.00000000      0.00000000      0.00000000      0.00000000      0.00000000      0.00000000      0.00000000      0.00000000      0.00000000      0.00000000      0.00000000      0.00000000      0.00000000      0.00000000      0.00000000      0.00000000      0.00000000      0.00000000      0.00000000      0.00000000      0.00000000      0.00000000      0.00000000      0.00000000      0.00000000      0.00000000      0.00000000      0.00000000      0.00000000      0.00000000      0.00000000      0.00000000
     3.81984178     -2.49916300      6.22471863    -11.35472188     -2.22490503     -0.65487257      2.29495081     -1.04523566      2.48943849     13.96268732    -15.27838450     -0.14573903      1.02527089      0.76375240    -11.92597057    -26.77160099     49.88535012     64.10483292      0.00000000      0.00000000      0.00000000      0.00000000      0.00000000      0.00000000      0.00000000      0.00000000      0.00000000      0.00000000      0.00000000      0.00000000      0.00000000      0.00000000      0.00000000      0.00000000      0.00000000      0.00000000      0.00000000      0.00000000      0.00000000      0.00000000      0.00000000      0.00000000      0.00000000      0.00000000      0.00000000      0.00000000      0.00000000      0.00000000      0.00000000      0.00000000      0.00000000      0.00000000      0.00000000      0.00000000      0.00000000      0.00000000      0.00000000      0.00000000      0.00000000      0.00000000      0.00000000      0.00000000      0.00000000      0.00000000      0.00000000      0.00000000      0.00000000      0.00000000      0.00000000      0.00000000      0.00000000      0.00000000      0.00000000      0.00000000      0.00000000      0.00000000      0.00000000      0.00000000      0.00000000      0.00000000      0.00000000      0.00000000      0.00000000      0.00000000      0.00000000      0.00000000      0.00000000      0.00000000      0.00000000      0.00000000      0.00000000      0.00000000      0.00000000      0.00000000      0.00000000      0.00000000      0.00000000      0.00000000      0.00000000      0.00000000
     3.47903927      4.51337143      0.04688780      0.01080655     -5.54048451     -5.78684090      3.83589823     12.26610388     -0.36849955     -9.08215212     -7.01424594     -7.17687444     10.06747376     -2.98677902    -13.88890662    -36.27972716     54.73588489     -0.36312000    165.43245041      0.00000000      0.00000000      0.00000000      0.00000000      0.00000000      0.00000000      0.00000000      0.00000000      0.00000000      0.00000000      0.00000000      0.00000000      0.00000000      0.00000000      0.00000000      0.00000000      0.00000000      0.00000000      0.00000000      0.00000000      0.00000000      0.00000000      0.00000000      0.00000000      0.00000000      0.00000000      0.00000000      0.00000000      0.00000000      0.00000000      0.00000000      0.00000000      0.00000000      0.00000000      0.00000000      0.00000000      0.00000000      0.00000000      0.00000000      0.00000000      0.00000000      0.00000000      0.00000000      0.00000000      0.00000000      0.00000000      0.00000000      0.00000000      0.00000000      0.00000000      0.00000000      0.00000000      0.00000000      0.00000000      0.00000000      0.00000000      0.00000000      0.00000000      0.00000000      0.00000000      0.00000000      0.00000000      0.00000000      0.00000000      0.00000000      0.00000000      0.00000000      0.00000000      0.00000000      0.00000000      0.00000000      0.00000000      0.00000000      0.00000000      0.00000000      0.00000000      0.00000000      0.00000000      0.00000000      0.00000000      0.00000000
     3.89707031     -1.80355175      1.83475678     -6.62389314      4.31354501      8.71815219      9.54219855     10.56189263     -8.32033669    -29.02217048    -10.01723157     -9.07817685      2.97682853     32.78781482    -10.25913397    -27.74710897     48.76711119     48.82102216     58.78864778     23.62576449      0.00000000      0.00000000      0.00000000      0.00000000      0.00000000      0.00000000      0.00000000      0.00000000      0.00000000      0.00000000      0.00000000      0.00000000      0.00000000      0.00000000      0.00000000      0.00000000      0.00000000      0.00000000      0.00000000      0.00000000      0.00000000      0.00000000      0.00000000      0.00000000      0.00000000      0.00000000      0.00000000      0.00000000      0.00000000      0.00000000      0.00000000      0.00000000      0.00000000      0.00000000      0.00000000      0.00000000      0.00000000      0.00000000      0.00000000      0.00000000      0.00000000      0.00000000      0.00000000      0.00000000      0.00000000      0.00000000      0.00000000      0.00000000      0.00000000      0.00000000      0.00000000      0.00000000      0.00000000      0.00000000      0.00000000      0.00000000      0.00000000      0.00000000      0.00000000      0.00000000      0.00000000      0.00000000      0.00000000      0.00000000      0.00000000      0.00000000      0.00000000      0.00000000      0.00000000      0.00000000      0.00000000      0.00000000      0.00000000      0.00000000      0.00000000      0.00000000      0.00000000      0.00000000      0.00000000      0.00000000
     8.19920362     -9.76746443     10.98981277    -28.81412021     -1.48075499      2.26875387     -1.04795218    -18.68667224      2.54487048     16.13246898      2.49577283     -2.49267816      4.98436211      5.33708574      4.27753615     12.57402122    -26.02466810    -45.24089022     13.99620798    -24.41002900    -21.89503892      0.00000000      0.00000000      0.00000000      0.00000000      0.00000000      0.00000000      0.00000000      0.00000000      0.00000000      0.00000000      0.00000000      0.00000000      0.00000000      0.00000000      0.00000000      0.00000000      0.00000000      0.00000000      0.00000000      0.00000000      0.00000000      0.00000000      0.00000000      0.00000000      0.00000000      0.00000000      0.00000000      0.00000000      0.00000000      0.00000000      0.00000000      0.00000000      0.00000000      0.00000000      0.00000000      0.00000000      0.00000000      0.00000000      0.00000000      0.00000000      0.00000000      0.00000000      0.00000000      0.00000000      0.00000000      0.00000000      0.00000000      0.00000000      0.00000000      0.00000000      0.00000000      0.00000000      0.00000000      0.00000000      0.00000000      0.00000000      0.00000000      0.00000000      0.00000000      0.00000000      0.00000000      0.00000000      0.00000000      0.00000000      0.00000000      0.00000000      0.00000000      0.00000000      0.00000000      0.00000000      0.00000000      0.00000000      0.00000000      0.00000000      0.00000000      0.00000000      0.00000000      0.00000000      0.00000000
     8.61644280    -11.92533713     11.00061850    -29.69248490     -2.24794485     -0.97044404     -4.53416608    -20.36826698     -1.48800518     13.68435249    -10.83056722      1.98603137     -7.69536703     11.25811377     -6.40753519     -8.27692572     15.50640041     44.11990216    -52.07531985      6.14450409      2.73553460     -6.59119890      0.00000000      0.00000000      0.00000000      0.00000000      0.00000000      0.00000000      0.00000000      0.00000000      0.00000000      0.00000000      0.00000000      0.00000000      0.00000000      0.00000000      0.00000000      0.00000000      0.00000000      0.00000000      0.00000000      0.00000000      0.00000000      0.00000000      0.00000000      0.00000000      0.00000000      0.00000000      0.00000000      0.00000000      0.00000000      0.00000000      0.00000000      0.00000000      0.00000000      0.00000000      0.00000000      0.00000000      0.00000000      0.00000000      0.00000000      0.00000000      0.00000000      0.00000000      0.00000000      0.00000000      0.00000000      0.00000000      0.00000000      0.00000000      0.00000000      0.00000000      0.00000000      0.00000000      0.00000000      0.00000000      0.00000000      0.00000000      0.00000000      0.00000000      0.00000000      0.00000000      0.00000000      0.00000000      0.00000000      0.00000000      0.00000000      0.00000000      0.00000000      0.00000000      0.00000000      0.00000000      0.00000000      0.00000000      0.00000000      0.00000000      0.00000000      0.00000000      0.00000000      0.00000000
     7.30318730     -3.12353356      0.91717662     -2.39113007     -9.44373718     -1.05274076      0.54642275     -7.81738452     -2.19312924     -4.55267003     -3.41309362    -12.04034366     17.53219705     15.05347357    -16.58466035    -52.77832116     81.61404793     -8.85905376    282.35366681     -8.82502727    -18.24755183      4.99783466     -9.22678145      0.00000000      0.00000000      0.00000000      0.00000000      0.00000000      0.00000000      0.00000000      0.00000000      0.00000000      0.00000000      0.00000000      0.00000000      0.00000000      0.00000000      0.00000000      0.00000000      0.00000000      0.00000000      0.00000000      0.00000000      0.00000000      0.00000000      0.00000000      0.00000000      0.00000000      0.00000000      0.00000000      0.00000000      0.00000000      0.00000000      0.00000000      0.00000000      0.00000000      0.00000000      0.00000000      0.00000000      0.00000000      0.00000000      0.00000000      0.00000000      0.00000000      0.00000000      0.00000000      0.00000000      0.00000000      0.00000000      0.00000000      0.00000000      0.00000000      0.00000000      0.00000000      0.00000000      0.00000000      0.00000000      0.00000000      0.00000000      0.00000000      0.00000000      0.00000000      0.00000000      0.00000000      0.00000000      0.00000000      0.00000000      0.00000000      0.00000000      0.00000000      0.00000000      0.00000000      0.00000000      0.00000000      0.00000000      0.00000000      0.00000000      0.00000000      0.00000000      0.00000000
     2.67680105      5.04089811     -0.01377583      2.44612904     -7.96757867     -4.57558113     -3.21486392     -5.09137925      6.72596183     20.66821283     11.31127513     -2.68932801     12.56023415    -14.17211597     -1.64878464      7.75748451    -24.99301014    -58.44744601     43.49730811    -23.73154689    -23.72885530      1.84088440     10.56791431      8.79891134      0.00000000      0.00000000      0.00000000      0.00000000      0.00000000      0.00000000      0.00000000      0.00000000      0.00000000      0.00000000      0.00000000      0.00000000      0.00000000      0.00000000      0.00000000      0.00000000      0.00000000      0.00000000      0.00000000      0.00000000      0.00000000      0.00000000      0.00000000      0.00000000      0.00000000      0.00000000      0.00000000      0.00000000      0.00000000      0.00000000      0.00000000      0.00000000      0.00000000      0.00000000      0.00000000      0.00000000      0.00000000      0.00000000      0.00000000      0.00000000      0.00000000      0.00000000      0.00000000      0.00000000      0.00000000      0.00000000      0.00000000      0.00000000      0.00000000      0.00000000      0.00000000      0.00000000      0.00000000      0.00000000      0.00000000      0.00000000      0.00000000      0.00000000      0.00000000      0.00000000      0.00000000      0.00000000      0.00000000      0.00000000      0.00000000      0.00000000      0.00000000      0.00000000      0.00000000      0.00000000      0.00000000      0.00000000      0.00000000      0.00000000      0.00000000      0.00000000
     1.53103227      3.81660376     -2.13143832      5.03229071     -3.88432816      3.03790054      0.65364432     -3.84365366     -0.58800030      5.60798781     -6.91797370      3.47901560      0.72880421     -6.04888867    -13.98929401    -41.54202863     88.73839215    149.68846800    -46.05459195     46.85858988     18.27764457    -11.61828561     -3.68383366     14.66985546     20.17138153      0.00000000      0.00000000      0.00000000      0.00000000      0.00000000      0.00000000      0.00000000      0.00000000      0.00000000      0.00000000      0.00000000      0.00000000      0.00000000      0.00000000      0.00000000      0.00000000      0.00000000      0.00000000      0.00000000      0.00000000      0.00000000      0.00000000      0.00000000      0.00000000      0.00000000      0.00000000      0.00000000      0.00000000      0.00000000      0.00000000      0.00000000      0.00000000      0.00000000      0.00000000      0.00000000      0.00000000      0.00000000      0.00000000      0.00000000      0.00000000      0.00000000      0.00000000      0.00000000      0.00000000      0.00000000      0.00000000      0.00000000      0.00000000      0.00000000      0.00000000      0.00000000      0.00000000      0.00000000      0.00000000      0.00000000      0.00000000      0.00000000      0.00000000      0.00000000      0.00000000      0.00000000      0.00000000      0.00000000      0.00000000      0.00000000      0.00000000      0.00000000      0.00000000      0.00000000      0.00000000      0.00000000      0.00000000      0.00000000      0.00000000      0.00000000
     1.93597775      5.22960255     -2.27041262      0.82227402     -2.04766931     -2.74748050     -0.60659507      6.90003472      2.58607037      3.90423898      8.10034191      0.23724835     15.46358905    -11.71798085    -12.38198310    -36.61293506     68.44636303     77.66752452     56.44268290     30.26244090      8.66901301    -11.58675531     14.97422763     26.07292544     14.33664342     -5.70479992      0.00000000      0.00000000      0.00000000      0.00000000      0.00000000      0.00000000      0.00000000      0.00000000      0.00000000      0.00000000      0.00000000      0.00000000      0.00000000      0.00000000      0.00000000      0.00000000      0.00000000      0.00000000      0.00000000      0.00000000      0.00000000      0.00000000      0.00000000      0.00000000      0.00000000      0.00000000      0.00000000      0.00000000      0.00000000      0.00000000      0.00000000      0.00000000      0.00000000      0.00000000      0.00000000      0.00000000      0.00000000      0.00000000      0.00000000      0.00000000      0.00000000      0.00000000      0.00000000      0.00000000      0.00000000      0.00000000      0.00000000      0.00000000      0.00000000      0.00000000      0.00000000      0.00000000      0.00000000      0.00000000      0.00000000      0.00000000      0.00000000      0.00000000      0.00000000      0.00000000      0.00000000      0.00000000      0.00000000      0.00000000      0.00000000      0.00000000      0.00000000      0.00000000      0.00000000      0.00000000      0.00000000      0.00000000      0.00000000      0.00000000
     8.76087621     -5.81067148      9.17295617    -24.26409363     -7.82649847     -4.26392727     -6.82675439    -26.73664470      3.10970824     22.34514927      7.96804302     -3.03030222     14.32069645    -12.20145725     -9.48589988    -21.28736199     32.22244946      8.63391879     75.31568805     -4.28180496     -0.84703435     -8.97213763    -11.63891061     -2.73003132      3.73528306    -28.24587833     37.99055333      0.00000000      0.00000000      0.00000000      0.00000000      0.00000000      0.00000000      0.00000000      0.00000000      0.00000000      0.00000000      0.00000000      0.00000000      0.00000000      0.00000000      0.00000000      0.00000000      0.00000000      0.00000000      0.00000000      0.00000000      0.00000000      0.00000000      0.00000000      0.00000000      0.00000000      0.00000000      0.00000000      0.00000000      0.00000000      0.00000000      0.00000000      0.00000000      0.00000000      0.00000000      0.00000000      0.00000000      0.00000000      0.00000000      0.00000000      0.00000000      0.00000000      0.00000000      0.00000000      0.00000000      0.00000000      0.00000000      0.00000000      0.00000000      0.00000000      0.00000000      0.00000000      0.00000000      0.00000000      0.00000000      0.00000000      0.00000000      0.00000000      0.00000000      0.00000000      0.00000000      0.00000000      0.00000000      0.00000000      0.00000000      0.00000000      0.00000000      0.00000000      0.00000000      0.00000000      0.00000000      0.00000000      0.00000000      0.00000000
     8.43957373     -3.61204633      8.20905826    -25.21606858     -7.17222354     -6.50700237     -5.94171555    -15.82900903      6.07980360     28.78902905      7.00506885      2.37871264      5.09439450     -8.08472745     -8.06968020     -8.90780879      6.38679839    -20.37024899     41.08165332    -12.79560737    -11.05039528    -11.83689964     -0.12229719     12.02053270     -6.70176765    -29.65750216     52.45509677    -53.62370463      0.00000000      0.00000000      0.00000000      0.00000000      0.00000000      0.00000000      0.00000000      0.00000000      0.00000000      0.00000000      0.00000000      0.00000000      0.00000000      0.00000000      0.00000000      0.00000000      0.00000000      0.00000000      0.00000000      0.00000000      0.00000000      0.00000000      0.00000000      0.00000000      0.00000000      0.00000000      0.00000000      0.00000000      0.00000000      0.00000000      0.00000000      0.00000000      0.00000000      0.00000000      0.00000000      0.00000000      0.00000000      0.00000000      0.00000000      0.00000000      0.00000000      0.00000000      0.00000000      0.00000000      0.00000000      0.00000000      0.00000000      0.00000000      0.00000000      0.00000000      0.00000000      0.00000000      0.00000000      0.00000000      0.00000000      0.00000000      0.00000000      0.00000000      0.00000000      0.00000000      0.00000000      0.00000000      0.00000000      0.00000000      0.00000000      0.00000000      0.00000000      0.00000000      0.00000000      0.00000000      0.00000000      0.00000000
     4.75905367     -0.61164321      6.60102580    -23.33863670      8.45498852      2.69155702     -0.60802174      1.30255345     -5.86991064     -9.65505482    -19.06708356      5.81552087    -17.94265275      6.55209749      3.34317736      6.10382149      8.73677927    110.53900249   -218.16475737     26.01031199     40.67216257      6.81662569    -17.24866618    -37.26808333     -4.39762447     32.17831982    -75.53104709    150.28666353   -108.89112668      0.00000000      0.00000000      0.00000000      0.00000000      0.00000000      0.00000000      0.00000000      0.00000000      0.00000000      0.00000000      0.00000000      0.00000000      0.00000000      0.00000000      0.00000000      0.00000000      0.00000000      0.00000000      0.00000000      0.00000000      0.00000000      0.00000000      0.00000000      0.00000000      0.00000000      0.00000000      0.00000000      0.00000000      0.00000000      0.00000000      0.00000000      0.00000000      0.00000000      0.00000000      0.00000000      0.00000000      0.00000000      0.00000000      0.00000000      0.00000000      0.00000000      0.00000000      0.00000000      0.00000000      0.00000000      0.00000000      0.00000000      0.00000000      0.00000000      0.00000000      0.00000000      0.00000000      0.00000000      0.00000000      0.00000000      0.00000000      0.00000000      0.00000000      0.00000000      0.00000000      0.00000000      0.00000000      0.00000000      0.00000000      0.00000000      0.00000000      0.00000000      0.00000000      0.00000000      0.00000000      0.00000000
     9.04858092     -6.48844486      4.88109612    -18.41961103     -7.98931646     -5.73572757     -5.59006820    -12.75851789     -0.28872669      3.42921744      4.80177513     -6.29500814     13.03802283      7.83057177     -7.47585013    -17.84276783     17.98315335    -42.66456639    160.97964396    -15.59521191    -17.13938221      6.14531332      1.78568503      1.72168156     -3.68696950     -2.81092379     -7.30118858     37.55425373    -31.77688000    -12.77052441      0.00000000      0.00000000      0.00000000      0.00000000      0.00000000      0.00000000      0.00000000      0.00000000      0.00000000      0.00000000      0.00000000      0.00000000      0.00000000      0.00000000      0.00000000      0.00000000      0.00000000      0.00000000      0.00000000      0.00000000      0.00000000      0.00000000      0.00000000      0.00000000      0.00000000      0.00000000      0.00000000      0.00000000      0.00000000      0.00000000      0.00000000      0.00000000      0.00000000      0.00000000      0.00000000      0.00000000      0.00000000      0.00000000      0.00000000      0.00000000      0.00000000      0.00000000      0.00000000      0.00000000      0.00000000      0.00000000      0.00000000      0.00000000      0.00000000      0.00000000      0.00000000      0.00000000      0.00000000      0.00000000      0.00000000      0.00000000      0.00000000      0.00000000      0.00000000      0.00000000      0.00000000      0.00000000      0.00000000      0.00000000      0.00000000      0.00000000      0.00000000      0.00000000      0.00000000      0.00000000
     6.38329869     -2.12850181      3.99807445     -8.74930211     -6.51009180     -1.81962174     -0.33170734     -9.55832293      1.05459024      8.45295059     -9.91519957      5.65248792    -14.76561002     -4.92716032      5.74125807     13.69632930    -28.59816874    -65.84422897     32.21201865    -34.32185014     -8.75729572      7.32692313    -11.45206090    -25.83054331    -11.45651368      4.21659303     -7.62010878     13.08105022     16.39494610     -3.80882245      0.14937850      0.00000000      0.00000000      0.00000000      0.00000000      0.00000000      0.00000000      0.00000000      0.00000000      0.00000000      0.00000000      0.00000000      0.00000000      0.00000000      0.00000000      0.00000000      0.00000000      0.00000000      0.00000000      0.00000000      0.00000000      0.00000000      0.00000000      0.00000000      0.00000000      0.00000000      0.00000000      0.00000000      0.00000000      0.00000000      0.00000000      0.00000000      0.00000000      0.00000000      0.00000000      0.00000000      0.00000000      0.00000000      0.00000000      0.00000000      0.00000000      0.00000000      0.00000000      0.00000000      0.00000000      0.00000000      0.00000000      0.00000000      0.00000000      0.00000000      0.00000000      0.00000000      0.00000000      0.00000000      0.00000000      0.00000000      0.00000000      0.00000000      0.00000000      0.00000000      0.00000000      0.00000000      0.00000000      0.00000000      0.00000000      0.00000000      0.00000000      0.00000000      0.00000000      0.00000000
     9.93591369    -11.20800403     12.74645272    -32.68430707     -7.16694065     -4.13727103     -3.37849372    -18.71280843     -2.91089663      1.89416145     -5.82125950    -10.34973002     16.25788243      5.57390536     -9.12067181    -26.32666613     41.61567823      4.85418847    124.22460094     -4.29302336    -13.43041805      1.68518717      3.79440596     11.44612801     10.78755021     14.02591563    -17.09577545    -15.67839484     39.56952355     -3.72165197     -1.67212290    -31.70559747      0.00000000      0.00000000      0.00000000      0.00000000      0.00000000      0.00000000      0.00000000      0.00000000      0.00000000      0.00000000      0.00000000      0.00000000      0.00000000      0.00000000      0.00000000      0.00000000      0.00000000      0.00000000      0.00000000      0.00000000      0.00000000      0.00000000      0.00000000      0.00000000      0.00000000      0.00000000      0.00000000      0.00000000      0.00000000      0.00000000      0.00000000      0.00000000      0.00000000      0.00000000      0.00000000      0.00000000      0.00000000      0.00000000      0.00000000      0.00000000      0.00000000      0.00000000      0.00000000      0.00000000      0.00000000      0.00000000      0.00000000      0.00000000      0.00000000      0.00000000      0.00000000      0.00000000      0.00000000      0.00000000      0.00000000      0.00000000      0.00000000      0.00000000      0.00000000      0.00000000      0.00000000      0.00000000      0.00000000      0.00000000      0.00000000      0.00000000      0.00000000      0.00000000
     9.29554157     -8.72181011     11.17417577    -31.61219011      3.56051182      1.33237199      1.61649949     -3.65183386    -12.18346925    -28.92006036    -30.62496336     -6.68331577     -6.53378485     26.33645666     -9.99942796    -35.84756921     65.02598586     46.80327536    102.96376468      7.09973938      0.84930390     -1.76891386     -0.74364400      2.08749060     -1.25359249     -1.13049746      5.51748904    -23.83687497     22.23933791      0.72864629      0.20040359      6.57812796      0.25636863      0.00000000      0.00000000      0.00000000      0.00000000      0.00000000      0.00000000      0.00000000      0.00000000      0.00000000      0.00000000      0.00000000      0.00000000      0.00000000      0.00000000      0.00000000      0.00000000      0.00000000      0.00000000      0.00000000      0.00000000      0.00000000      0.00000000      0.00000000      0.00000000      0.00000000      0.00000000      0.00000000      0.00000000      0.00000000      0.00000000      0.00000000      0.00000000      0.00000000      0.00000000      0.00000000      0.00000000      0.00000000      0.00000000      0.00000000      0.00000000      0.00000000      0.00000000      0.00000000      0.00000000      0.00000000      0.00000000      0.00000000      0.00000000      0.00000000      0.00000000      0.00000000      0.00000000      0.00000000      0.00000000      0.00000000      0.00000000      0.00000000      0.00000000      0.00000000      0.00000000      0.00000000      0.00000000      0.00000000      0.00000000      0.00000000      0.00000000      0.00000000
     0.98001813     -1.19188734      4.03315826     -9.46876928      8.23129820     10.14448227      9.10488524     17.60814272    -16.53565378    -56.55559049    -19.57865867    -11.73347459     -1.28480068     37.81745659     -3.04968472    -16.05208221     34.61032719     56.22645795      9.72648750     31.29064826     13.06650693     10.24452506     -4.90452046     -0.41725619      2.99758448     21.94586634     -4.18599129    -83.06687400     94.45895394     17.42430344     -5.34764359    -98.73460564     27.36936083   2007.65404952      0.00000000      0.00000000      0.00000000      0.00000000      0.00000000      0.00000000      0.00000000      0.00000000      0.00000000      0.00000000      0.00000000      0.00000000      0.00000000      0.00000000      0.00000000      0.00000000      0.00000000      0.00000000      0.00000000      0.00000000      0.00000000      0.00000000      0.00000000      0.00000000      0.00000000      0.00000000      0.00000000      0.00000000      0.00000000      0.00000000      0.00000000      0.00000000      0.00000000      0.00000000      0.00000000      0.00000000      0.00000000      0.00000000      0.00000000      0.00000000      0.00000000      0.00000000      0.00000000      0.00000000      0.00000000      0.00000000      0.00000000      0.00000000      0.00000000      0.00000000      0.00000000      0.00000000      0.00000000      0.00000000      0.00000000      0.00000000      0.00000000      0.00000000      0.00000000      0.00000000      0.00000000      0.00000000      0.00000000      0.00000000      0.00000000      0.00000000
     9.57381493     -4.97357538      1.15232090    -10.80551753    -10.45598027     -3.68149232    -10.26603068    -32.07857319     14.52925902     60.73870205     17.44314712     20.30615742     -2.95882847    -41.10877515     -4.86015296    -11.47476581     22.95598575     29.84825612     -8.19129766     -8.56073826     -9.00094365    -14.49316933      4.45833854     13.93781177     11.65060803    -34.02654935     11.12643795    115.47817646   -138.03285775    -26.32162404     17.11478360    306.40011496    -53.40685633  -3898.97030740     21.92138914      0.00000000      0.00000000      0.00000000      0.00000000      0.00000000      0.00000000      0.00000000      0.00000000      0.00000000      0.00000000      0.00000000      0.00000000      0.00000000      0.00000000      0.00000000      0.00000000      0.00000000      0.00000000      0.00000000      0.00000000      0.00000000      0.00000000      0.00000000      0.00000000      0.00000000      0.00000000      0.00000000      0.00000000      0.00000000      0.00000000      0.00000000      0.00000000      0.00000000      0.00000000      0.00000000      0.00000000      0.00000000      0.00000000      0.00000000      0.00000000      0.00000000      0.00000000      0.00000000      0.00000000      0.00000000      0.00000000      0.00000000      0.00000000      0.00000000      0.00000000      0.00000000      0.00000000      0.00000000      0.00000000      0.00000000      0.00000000      0.00000000      0.00000000      0.00000000      0.00000000      0.00000000      0.00000000      0.00000000      0.00000000      0.00000000
     0.26585657      1.47798237      1.31842595      1.66537304     -1.38526416      2.54744304      2.92092281      1.48117581     -3.21280828     -1.60831751    -11.08540354     -4.96029552      9.63922833      7.74746251    -16.51649157    -43.21935655     90.89080972    156.96207820    -53.33277569     57.82162458     15.58671113    -21.74799831     19.44421888     44.78356293     27.05080595      1.32422112     16.14238938    -90.68998064     82.91110073     -3.25135316     13.86548349    215.60119565      1.29728281    195.44621403     99.84569606    -71.34471778      0.00000000      0.00000000      0.00000000      0.00000000      0.00000000      0.00000000      0.00000000      0.00000000      0.00000000      0.00000000      0.00000000      0.00000000      0.00000000      0.00000000      0.00000000      0.00000000      0.00000000      0.00000000      0.00000000      0.00000000      0.00000000      0.00000000      0.00000000      0.00000000      0.00000000      0.00000000      0.00000000      0.00000000      0.00000000      0.00000000      0.00000000      0.00000000      0.00000000      0.00000000      0.00000000      0.00000000      0.00000000      0.00000000      0.00000000      0.00000000      0.00000000      0.00000000      0.00000000      0.00000000      0.00000000      0.00000000      0.00000000      0.00000000      0.00000000      0.00000000      0.00000000      0.00000000      0.00000000      0.00000000      0.00000000      0.00000000      0.00000000      0.00000000      0.00000000      0.00000000      0.00000000      0.00000000      0.00000000      0.00000000
     2.13518649     -1.27905582      2.11711774     -2.58811689      0.72423739      2.54139367      1.64321967     -5.33023341      3.69556352     13.32727471      1.06356961     -1.58058506      0.46089911      7.50289867      1.00875238     10.04802653    -26.65304750    -51.75878168     25.75498946    -25.19175660    -13.03349601     11.57346009      2.67311043     -7.76770763     -9.03071041     10.69563668    -23.64102100     41.18078025    -38.97292320     -5.66201551     11.80440311    202.52326464    -11.20578908   -816.05575456      3.38478552     68.39649057     94.60120190      0.00000000      0.00000000      0.00000000      0.00000000      0.00000000      0.00000000      0.00000000      0.00000000      0.00000000      0.00000000      0.00000000      0.00000000      0.00000000      0.00000000      0.00000000      0.00000000      0.00000000      0.00000000      0.00000000      0.00000000      0.00000000      0.00000000      0.00000000      0.00000000      0.00000000      0.00000000      0.00000000      0.00000000      0.00000000      0.00000000      0.00000000      0.00000000      0.00000000      0.00000000      0.00000000      0.00000000      0.00000000      0.00000000      0.00000000      0.00000000      0.00000000      0.00000000      0.00000000      0.00000000      0.00000000      0.00000000      0.00000000      0.00000000      0.00000000      0.00000000      0.00000000      0.00000000      0.00000000      0.00000000      0.00000000      0.00000000      0.00000000      0.00000000      0.00000000      0.00000000      0.00000000      0.00000000      0.00000000
     6.80274430     -5.66523573      3.81798921     -7.84071233     -7.43560346     -3.54431577     -3.88697202    -18.93547009      1.83857051     16.26051071      0.97875514     -5.39278893      9.18723859      1.14372114     -6.13186803    -17.83961453     27.24446780    -10.39830650    108.15888737     -4.93184671    -12.69968512      3.19897953     -5.78593829     -2.65098110     -0.94085711     14.66207531     -7.19017096    -46.58328444     78.39984656      9.66702154    -13.50901983   -243.48235149     21.20517944   1576.52960330      9.91549812    -69.80189388    -59.94049033     -0.94757228      0.00000000      0.00000000      0.00000000      0.00000000      0.00000000      0.00000000      0.00000000      0.00000000      0.00000000      0.00000000      0.00000000      0.00000000      0.00000000      0.00000000      0.00000000      0.00000000      0.00000000      0.00000000      0.00000000      0.00000000      0.00000000      0.00000000      0.00000000      0.00000000      0.00000000      0.00000000      0.00000000      0.00000000      0.00000000      0.00000000      0.00000000      0.00000000      0.00000000      0.00000000      0.00000000      0.00000000      0.00000000      0.00000000      0.00000000      0.00000000      0.00000000      0.00000000      0.00000000      0.00000000      0.00000000      0.00000000      0.00000000      0.00000000      0.00000000      0.00000000      0.00000000      0.00000000      0.00000000      0.00000000      0.00000000      0.00000000      0.00000000      0.00000000      0.00000000      0.00000000      0.00000000      0.00000000
     6.13862614     -2.56684709      3.72728665     -9.74812972     -2.45333132      3.02155713      1.50926421    -14.05892749      3.66731733     23.15507147     -9.15589003      3.25962126     -5.81012337     -2.11038028    -11.07435519    -27.23368431     52.97024477     77.89254370    -12.84765451     10.06839779     10.66676166     -1.84428408     -7.74654545    -14.43698033     -4.25679029      8.99825777    -21.65297658     36.09528136    -12.95814084     -1.75014008    -14.70990306   -251.13262282     15.97815559   1147.70778231    -34.53022879    -27.33762467    -61.71266763     -6.44032350    -61.19256466      0.00000000      0.00000000      0.00000000      0.00000000      0.00000000      0.00000000      0.00000000      0.00000000      0.00000000      0.00000000      0.00000000      0.00000000      0.00000000      0.00000000      0.00000000      0.00000000      0.00000000      0.00000000      0.00000000      0.00000000      0.00000000      0.00000000      0.00000000      0.00000000      0.00000000      0.00000000      0.00000000      0.00000000      0.00000000      0.00000000      0.00000000      0.00000000      0.00000000      0.00000000      0.00000000      0.00000000      0.00000000      0.00000000      0.00000000      0.00000000      0.00000000      0.00000000      0.00000000      0.00000000      0.00000000      0.00000000      0.00000000      0.00000000      0.00000000      0.00000000      0.00000000      0.00000000      0.00000000      0.00000000      0.00000000      0.00000000      0.00000000      0.00000000      0.00000000      0.00000000      0.00000000
     1.54255155      5.37830634     -2.08259016     10.01759418     -8.87265572     -4.14139670      3.66464335      3.26259557      1.87439534     12.53074373    -17.15074936      1.19484392     -4.11759785     -8.08656181    -18.63611550    -47.96910251     95.06764425    132.42648586    -16.09477877     34.17693137     23.35629039     -7.80249762    -17.45265790     -9.70167098     10.26192999     23.57131851    -29.26924569      6.15799810     17.10370324     10.73516677     -0.74041826    -24.97638606     14.19868245   1067.96143665      3.41485585     29.99827234     38.17993002    -25.49249828   -257.22433036    -53.90620760      0.00000000      0.00000000      0.00000000      0.00000000      0.00000000      0.00000000      0.00000000      0.00000000      0.00000000      0.00000000      0.00000000      0.00000000      0.00000000      0.00000000      0.00000000      0.00000000      0.00000000      0.00000000      0.00000000      0.00000000      0.00000000      0.00000000      0.00000000      0.00000000      0.00000000      0.00000000      0.00000000      0.00000000      0.00000000      0.00000000      0.00000000      0.00000000      0.00000000      0.00000000      0.00000000      0.00000000      0.00000000      0.00000000      0.00000000      0.00000000      0.00000000      0.00000000      0.00000000      0.00000000      0.00000000      0.00000000      0.00000000      0.00000000      0.00000000      0.00000000      0.00000000      0.00000000      0.00000000      0.00000000      0.00000000      0.00000000      0.00000000      0.00000000      0.00000000      0.00000000
     7.98709217     -7.22410133     12.37492201    -32.95519811      1.24432187      2.31537536     -1.27345106    -14.63510449      0.97231376     14.14991153     -5.36255535     -1.20448213     -3.58887500      8.19786716     -3.49601103      4.29860038    -14.29448385    -17.20608013    -18.47004918    -10.42487067    -13.91961105     -0.85329727      0.83187055      4.49439621     -4.18565148    -10.22658236     24.19099262    -29.58029097      3.34134312      1.93915661      3.19471187     45.36246230      5.72517141    461.25876999     22.63880385     -4.22516451     13.35834630    -12.56715600   -120.39945851    -19.04728923     21.86191219      0.00000000      0.00000000      0.00000000      0.00000000      0.00000000      0.00000000      0.00000000      0.00000000      0.00000000      0.00000000      0.00000000      0.00000000      0.00000000      0.00000000      0.00000000      0.00000000      0.00000000      0.00000000      0.00000000      0.00000000      0.00000000      0.00000000      0.00000000      0.00000000      0.00000000      0.00000000      0.00000000      0.00000000      0.00000000      0.00000000      0.00000000      0.00000000      0.00000000      0.00000000      0.00000000      0.00000000      0.00000000      0.00000000      0.00000000      0.00000000      0.00000000      0.00000000      0.00000000      0.00000000      0.00000000      0.00000000      0.00000000      0.00000000      0.00000000      0.00000000      0.00000000      0.00000000      0.00000000      0.00000000      0.00000000      0.00000000      0.00000000      0.00000000      0.00000000
     7.68418273     -1.51212517      3.91893832    -10.16825384    -14.90824864     -5.21283827     -9.62451805    -39.01059751     19.21211135     76.20499297     29.68110965     14.31955954      9.27778651    -51.65744275     -1.48446423     10.07586836    -20.40814424     -9.99199315    -65.05059627    -17.32463618     -7.23866006     -7.67645004     -5.35892225    -11.63356678     -7.21147286    -27.61370826      1.55607435    126.37030027   -128.78832133    -11.84416587     -4.30537317    -60.52209999    -23.93593358  -1785.67685959    -33.31729607     -4.91381982    -41.04143928      4.99578164     36.74036681      3.43236985    -51.53417124     -4.62382949      0.00000000      0.00000000      0.00000000      0.00000000      0.00000000      0.00000000      0.00000000      0.00000000      0.00000000      0.00000000      0.00000000      0.00000000      0.00000000      0.00000000      0.00000000      0.00000000      0.00000000      0.00000000      0.00000000      0.00000000      0.00000000      0.00000000      0.00000000      0.00000000      0.00000000      0.00000000      0.00000000      0.00000000      0.00000000      0.00000000      0.00000000      0.00000000      0.00000000      0.00000000      0.00000000      0.00000000      0.00000000      0.00000000      0.00000000      0.00000000      0.00000000      0.00000000      0.00000000      0.00000000      0.00000000      0.00000000      0.00000000      0.00000000      0.00000000      0.00000000      0.00000000      0.00000000      0.00000000      0.00000000      0.00000000      0.00000000      0.00000000      0.00000000
     3.04100522      5.48914863      0.90469937     -3.42435664     -6.44290542     -7.97929728     -4.97439494     -4.88982163      7.49753630     24.98169300      2.25031858      8.91429741      3.84504294    -30.79566691      1.73102544      4.42413005     -2.14378438     22.56438930    -67.66301325    -10.07618458      9.94634355     -9.08801260      8.42640870     -7.27640908      5.55191449     -4.01073027    -34.32410466    134.11685166    -90.01893598    -25.41662518      8.86994947    153.47665515    -28.12632008  -2035.38235107     22.45882959    -33.41032571    -22.38430624     22.53896011    222.93220675     23.95511328     15.31466137    -25.07184481   -123.01722239      0.00000000      0.00000000      0.00000000      0.00000000      0.00000000      0.00000000      0.00000000      0.00000000      0.00000000      0.00000000      0.00000000      0.00000000      0.00000000      0.00000000      0.00000000      0.00000000      0.00000000      0.00000000      0.00000000      0.00000000      0.00000000      0.00000000      0.00000000      0.00000000      0.00000000      0.00000000      0.00000000      0.00000000      0.00000000      0.00000000      0.00000000      0.00000000      0.00000000      0.00000000      0.00000000      0.00000000      0.00000000      0.00000000      0.00000000      0.00000000      0.00000000      0.00000000      0.00000000      0.00000000      0.00000000      0.00000000      0.00000000      0.00000000      0.00000000      0.00000000      0.00000000      0.00000000      0.00000000      0.00000000      0.00000000      0.00000000      0.00000000
     2.95536346      0.41296957      4.54806359    -15.12944674      2.46568254      5.68735290      7.81943082     16.16470099     -3.47364106    -16.46611727    -10.47627386     -3.40067675     -2.49503469     21.27527075    -11.54267942    -21.70388922     40.90682913     79.48333185    -43.04719541     29.15070005      3.94661074     -1.45939650      2.60567463     15.26200418      3.27630912      5.47746756     10.78442497    -53.09098806      5.92463019     14.64136259      2.63813659     35.35741381     24.45697894   1808.41724919     -0.58866713     63.95662640     85.79494816    -23.57017822   -216.42099398    -20.75681455     51.54710997     21.41933504     88.18518659      7.96523579      0.00000000      0.00000000      0.00000000      0.00000000      0.00000000      0.00000000      0.00000000      0.00000000      0.00000000      0.00000000      0.00000000      0.00000000      0.00000000      0.00000000      0.00000000      0.00000000      0.00000000      0.00000000      0.00000000      0.00000000      0.00000000      0.00000000      0.00000000      0.00000000      0.00000000      0.00000000      0.00000000      0.00000000      0.00000000      0.00000000      0.00000000      0.00000000      0.00000000      0.00000000      0.00000000      0.00000000      0.00000000      0.00000000      0.00000000      0.00000000      0.00000000      0.00000000      0.00000000      0.00000000      0.00000000      0.00000000      0.00000000      0.00000000      0.00000000      0.00000000      0.00000000      0.00000000      0.00000000      0.00000000      0.00000000      0.00000000
     0.18081271      0.10161750      9.76972139    -16.69658710     -3.04873110     -1.97551193      2.63390431     -1.61286832      1.99294411     11.84533949     -8.43087352      0.94217965      0.34834369    -14.46789147      0.72673746     12.74185370    -11.84018432     59.69073846   -189.72627953     17.50892763     17.46959605    -12.68508832      7.18926035      2.72638560      8.12935803      9.06966052     -9.76704806     -4.87721603     16.51247569     12.80019560     14.61902470    236.23286472      4.40416576    381.58465332     60.66980949     -4.85745201     58.01467508      8.91930073     97.24631085     12.69075293     21.95709031      3.88297388     20.26745833    -19.71295036      7.46121544      0.00000000      0.00000000      0.00000000      0.00000000      0.00000000      0.00000000      0.00000000      0.00000000      0.00000000      0.00000000      0.00000000      0.00000000      0.00000000      0.00000000      0.00000000      0.00000000      0.00000000      0.00000000      0.00000000      0.00000000      0.00000000      0.00000000      0.00000000      0.00000000      0.00000000      0.00000000      0.00000000      0.00000000      0.00000000      0.00000000      0.00000000      0.00000000      0.00000000      0.00000000      0.00000000      0.00000000      0.00000000      0.00000000      0.00000000      0.00000000      0.00000000      0.00000000      0.00000000      0.00000000      0.00000000      0.00000000      0.00000000      0.00000000      0.00000000      0.00000000      0.00000000      0.00000000      0.00000000      0.00000000      0.00000000
     8.63538605     -3.80375009      6.14123767    -20.88843169     -4.56938990     -3.88641685      0.25697510      0.62876673     -0.16360572     -1.59073303     -8.68311017     -2.82975525     -1.95465294      9.11259540     -5.71085808    -16.59968779     19.82969860    -35.94944650    137.63695579    -23.00096542    -14.27495702      7.99698952    -12.07376195    -17.30832189     -0.77803431     13.77331242    -20.78270372     17.32046638     12.14732787      7.16751382     -5.24930426    -78.98563221      8.91534318    563.22363045    -82.38505391    124.29703247     81.97356530      2.14538469      1.79810678      2.22061400    -47.68586236      3.77263502     28.17764862     -1.00012878    -31.07885159   -184.13429218      0.00000000      0.00000000      0.00000000      0.00000000      0.00000000      0.00000000      0.00000000      0.00000000      0.00000000      0.00000000      0.00000000      0.00000000      0.00000000      0.00000000      0.00000000      0.00000000      0.00000000      0.00000000      0.00000000      0.00000000      0.00000000      0.00000000      0.00000000      0.00000000      0.00000000      0.00000000      0.00000000      0.00000000      0.00000000      0.00000000      0.00000000      0.00000000      0.00000000      0.00000000      0.00000000      0.00000000      0.00000000      0.00000000      0.00000000      0.00000000      0.00000000      0.00000000      0.00000000      0.00000000      0.00000000      0.00000000      0.00000000      0.00000000      0.00000000      0.00000000      0.00000000      0.00000000      0.00000000      0.00000000
     5.30875981     -1.41364454      3.46444580     -6.53100205    -13.20104696     -7.67864825     -8.75410465    -25.14092271     14.44505012     52.01405844     23.19181985      4.34763821     11.51582396    -26.64510930      0.48450711     17.38372122    -40.95458024    -58.53480349     -8.60674966    -33.12166118    -21.33105875      6.46098120     -4.85080244    -17.71193960     -5.34637888      7.15191692    -15.08005008     27.02341708     11.70624799      0.69988850    -20.77578756   -341.78334044     14.33206531    943.65077799   -103.27448979     51.98837456    -21.99056035     17.19865337    145.36342736     33.29423408    -84.06577627     10.75880785     77.65896018     -9.42909132    -12.39959455    -93.68105467      2.46691934      0.00000000      0.00000000      0.00000000      0.00000000      0.00000000      0.00000000      0.00000000      0.00000000      0.00000000      0.00000000      0.00000000      0.00000000      0.00000000      0.00000000      0.00000000      0.00000000      0.00000000      0.00000000      0.00000000      0.00000000      0.00000000      0.00000000      0.00000000      0.00000000      0.00000000      0.00000000      0.00000000      0.00000000      0.00000000      0.00000000      0.00000000      0.00000000      0.00000000      0.00000000      0.00000000      0.00000000      0.00000000      0.00000000      0.00000000      0.00000000      0.00000000      0.00000000      0.00000000      0.00000000      0.00000000      0.00000000      0.00000000      0.00000000      0.00000000      0.00000000      0.00000000      0.00000000      0.00000000
     5.84143722     -0.32323429     -0.41388214     -2.84827096     -3.55013402     -1.20339148     -1.64942306     -1.46036233     -4.26843818     -9.07325498     -7.24690013      1.20906025     -0.63599662      7.25204000     -8.96532228    -32.33717283     58.61350620     36.20044660    104.51071563      5.34013027     -0.58955757      4.92308096     -5.15618668      0.14057152      2.81708841     10.52369571     -9.89958151    -16.07252352     27.24082853      0.60581949     -5.58008647    -91.90558981     -0.96105021    -94.86846946    -25.55819542      6.66261408     -8.35229948     10.24693489    102.21175357     19.21693991    -16.48529249     -2.85782057    -26.10629860     32.26032281    -34.00846574   -148.64821966    -20.36762368     64.96156731      0.00000000      0.00000000      0.00000000      0.00000000      0.00000000      0.00000000      0.00000000      0.00000000      0.00000000      0.00000000      0.00000000      0.00000000      0.00000000      0.00000000      0.00000000      0.00000000      0.00000000      0.00000000      0.00000000      0.00000000      0.00000000      0.00000000      0.00000000      0.00000000      0.00000000      0.00000000      0.00000000      0.00000000      0.00000000      0.00000000      0.00000000      0.00000000      0.00000000      0.00000000      0.00000000      0.00000000      0.00000000      0.00000000      0.00000000      0.00000000      0.00000000      0.00000000      0.00000000      0.00000000      0.00000000      0.00000000      0.00000000      0.00000000      0.00000000      0.00000000      0.00000000      0.00000000
     6.66872149     -5.94781991      4.47439197    -14.13263888      1.32501447      0.16439198      2.59227537     -1.68644932     -1.00848478      3.90201726    -20.34512882      7.20534937    -12.59479539     -5.06140514     -4.02477464    -19.45236166     47.85140913     84.11209012    -42.68823545     11.51729342     13.22724788     -1.97448163      1.07997451    -12.45203830      4.13621038     20.54356821    -43.77316306     51.78162568      5.62749758     -3.57861063     -9.52269521   -162.55457825      0.85886170     60.62801225     -0.41570164    -82.72560869   -101.72402231     20.75985387    202.25765357     27.07189486    -12.08754163    -21.42572873    -95.10959323     -7.75281935      7.18223002     33.77833400     -0.03535380     16.05515758    -21.85500801      0.00000000      0.00000000      0.00000000      0.00000000      0.00000000      0.00000000      0.00000000      0.00000000      0.00000000      0.00000000      0.00000000      0.00000000      0.00000000      0.00000000      0.00000000      0.00000000      0.00000000      0.00000000      0.00000000      0.00000000      0.00000000      0.00000000      0.00000000      0.00000000      0.00000000      0.00000000      0.00000000      0.00000000      0.00000000      0.00000000      0.00000000      0.00000000      0.00000000      0.00000000      0.00000000      0.00000000      0.00000000      0.00000000      0.00000000      0.00000000      0.00000000      0.00000000      0.00000000      0.00000000      0.00000000      0.00000000      0.00000000      0.00000000      0.00000000      0.00000000      0.00000000
     0.06762378      6.74727882      3.12504430     -7.90611718      2.30605756     -3.77323487      2.14875315     13.23367062      6.02512818     15.33633905     -6.73106250      9.57619805     -3.10487473    -18.92922023     -6.58676916    -18.00996049     47.96694909    120.27069725   -123.09679361     31.35628031     25.17309624    -13.46756599      5.46235805      0.58251775      9.82283978      5.78851269    -19.54780070     29.22198516      4.70774769     -3.64203038     -6.66779264   -120.45057213     16.05855478   1187.59007770     -1.91066746    -31.87411897    -43.46198183     -7.76440174    -76.47277571    -14.08798776     11.36720622     -0.84481691     -4.83910091    -17.72420316     20.68563041     92.37044340      0.25164983     17.11868119    -19.63434051    -19.68457193      0.00000000      0.00000000      0.00000000      0.00000000      0.00000000      0.00000000      0.00000000      0.00000000      0.00000000      0.00000000      0.00000000      0.00000000      0.00000000      0.00000000      0.00000000      0.00000000      0.00000000      0.00000000      0.00000000      0.00000000      0.00000000      0.00000000      0.00000000      0.00000000      0.00000000      0.00000000      0.00000000      0.00000000      0.00000000      0.00000000      0.00000000      0.00000000      0.00000000      0.00000000      0.00000000      0.00000000      0.00000000      0.00000000      0.00000000      0.00000000      0.00000000      0.00000000      0.00000000      0.00000000      0.00000000      0.00000000      0.00000000      0.00000000      0.00000000      0.00000000
     9.22612301    -11.57817800      7.90390321    -26.64465755     -0.90423223     -0.93521530     -1.71016260     -7.67212413     -1.84881810      1.68076675     -9.79442936      2.68057348     -8.93689708     13.02174827     -4.04642702     -7.87110957      4.00534117    -33.59906080     88.73701149    -19.15578248    -14.82443675      7.38154001      0.05518082     -6.30915844     -6.13455561     -1.59896162    -15.21533082     71.35225129    -63.98380014    -13.28553654     12.76579419    212.76159241    -14.10635823   -989.96714048     33.94049314     12.76295283     47.11525415     -2.06961675     -5.88319614     -8.18422919     55.15046199     -8.67776800    -48.25485861     -9.28380460      9.57844931     28.97309822     -8.78281915     57.34787947    -48.29499616    -13.01967565      6.37833287      0.00000000      0.00000000      0.00000000      0.00000000      0.00000000      0.00000000      0.00000000      0.00000000      0.00000000      0.00000000      0.00000000      0.00000000      0.00000000      0.00000000      0.00000000      0.00000000      0.00000000      0.00000000      0.00000000      0.00000000      0.00000000      0.00000000      0.00000000      0.00000000      0.00000000      0.00000000      0.00000000      0.00000000      0.00000000      0.00000000      0.00000000      0.00000000      0.00000000      0.00000000      0.00000000      0.00000000      0.00000000      0.00000000      0.00000000      0.00000000      0.00000000      0.00000000      0.00000000      0.00000000      0.00000000      0.00000000      0.00000000      0.00000000      0.00000000
     4.32723122     -2.28320078      6.95312275    -14.60013910      0.30397576     -5.04427343     -1.58569084     -4.81722034      5.99561703     25.01330859    -12.41352638      6.88537318     -8.66155612    -14.42523224      3.45129955      6.14698117    -10.55224517    -29.09333028      5.26657472    -41.37231482     -6.52818310      7.57924029     -7.57601536    -27.59582178     -7.01783498     15.57518272    -45.38196097     93.42193944    -33.39506577     -0.46478810      3.72172644     66.15770040    -11.70235052   -879.19242786    -17.25125018     46.49436686     55.55283301     16.78894068    157.99164167     12.70888999    -34.36953902    -24.88956075   -123.17563466     19.62511866    -29.40488634   -131.67314143      0.53631300     -7.32830431      8.31049008      2.13096269     -0.58291138     25.31356987      0.00000000      0.00000000      0.00000000      0.00000000      0.00000000      0.00000000      0.00000000      0.00000000      0.00000000      0.00000000      0.00000000      0.00000000      0.00000000      0.00000000      0.00000000      0.00000000      0.00000000      0.00000000      0.00000000      0.00000000      0.00000000      0.00000000      0.00000000      0.00000000      0.00000000      0.00000000      0.00000000      0.00000000      0.00000000      0.00000000      0.00000000      0.00000000      0.00000000      0.00000000      0.00000000      0.00000000      0.00000000      0.00000000      0.00000000      0.00000000      0.00000000      0.00000000      0.00000000      0.00000000      0.00000000      0.00000000      0.00000000      0.00000000
     2.73367095      2.41095603     -1.96619446      6.03607343     -9.10752856      0.00246896     -0.93223731     -4.86686711      3.76207672     10.20568116     13.76881093     -5.82651387     13.13531285     -0.67667882      1.77667728     19.75647029    -42.06111400    -40.18044180    -40.81887909     -4.25011231    -23.41156257     -2.43825983     13.46283187     25.45004852      1.50929421     -5.66031912     25.37820644    -71.30246438     32.77106930      4.70096567     -2.12266623    -40.03014167     17.81943496   1296.98035962      3.02429603     15.01199216     14.60215782    -14.04996556   -150.57871405    -10.06970324    -42.79137226     33.27233044    175.89347797    -12.48676925      1.75950734    -21.76159138      8.65561419    -26.82798701      2.90240887     -8.09851580    -19.31347968   -147.29834279    -28.29871195      0.00000000      0.00000000      0.00000000      0.00000000      0.00000000      0.00000000      0.00000000      0.00000000      0.00000000      0.00000000      0.00000000      0.00000000      0.00000000      0.00000000      0.00000000      0.00000000      0.00000000      0.00000000      0.00000000      0.00000000      0.00000000      0.00000000      0.00000000      0.00000000      0.00000000      0.00000000      0.00000000      0.00000000      0.00000000      0.00000000      0.00000000      0.00000000      0.00000000      0.00000000      0.00000000      0.00000000      0.00000000      0.00000000      0.00000000      0.00000000      0.00000000      0.00000000      0.00000000      0.00000000      0.00000000      0.00000000      0.00000000
     0.96833275      0.76622590      3.64478186     -6.00297245     -0.47716828      5.90681948      0.87758676     -5.10294274     -2.34628508     -0.67880191     -0.56503399     -4.55958075      2.52836747     15.92514195      0.60621576      9.72571595    -15.50266389     23.09387028    -89.14282738     10.23583956     -1.15238540     -2.71479020     15.81444669     17.70375975      4.91274927      6.20175938     -6.07007014    -11.31937321      0.37400137      0.25173248     11.52982787    189.81649163     -1.51152350    -71.17019578     47.71204729      0.38368079     45.04802617      0.49674122      6.91179341      4.27982170     -1.70515278      4.40992864     19.67450419      9.89445447     -7.30976284    -28.75466864     -5.83935064     29.47246229    -18.95656512     -8.70268481      3.99093104     15.70175015     -0.68801614      3.15846782      0.00000000      0.00000000      0.00000000      0.00000000      0.00000000      0.00000000      0.00000000      0.00000000      0.00000000      0.00000000      0.00000000      0.00000000      0.00000000      0.00000000      0.00000000      0.00000000      0.00000000      0.00000000      0.00000000      0.00000000      0.00000000      0.00000000      0.00000000      0.00000000      0.00000000      0.00000000      0.00000000      0.00000000      0.00000000      0.00000000      0.00000000      0.00000000      0.00000000      0.00000000      0.00000000      0.00000000      0.00000000      0.00000000      0.00000000      0.00000000      0.00000000      0.00000000      0.00000000      0.00000000      0.00000000      0.00000000
     0.74535788      3.92155964     -2.06030549      7.30000404     -6.37405363      3.33762433      0.55982263     -6.80716874      4.50908031     15.12394652     11.91357514     -2.58125731     13.62713183     -8.76187764     -7.11775435    -10.14099735     17.00599094     34.09966561    -17.26314126     17.56111817     -4.48864322     -7.14342576      7.28066658     24.95197308      7.61418706    -14.39366832     25.78948864    -26.61341282    -14.05096485      4.83020278      9.67839930    164.90053920     -3.98481832   -291.49435678      6.32694367     60.76572016     86.68070137    -11.25729420   -100.73639247     -2.44301426     11.79690079     25.22718242    127.01421759    -24.94159190      0.80105952    -54.12795953      6.46713187    -13.97606715    -14.45112756    -22.62615989    -18.49198273   -166.12259450    -23.84938966    -14.97488709     41.41975015      0.00000000      0.00000000      0.00000000      0.00000000      0.00000000      0.00000000      0.00000000      0.00000000      0.00000000      0.00000000      0.00000000      0.00000000      0.00000000      0.00000000      0.00000000      0.00000000      0.00000000      0.00000000      0.00000000      0.00000000      0.00000000      0.00000000      0.00000000      0.00000000      0.00000000      0.00000000      0.00000000      0.00000000      0.00000000      0.00000000      0.00000000      0.00000000      0.00000000      0.00000000      0.00000000      0.00000000      0.00000000      0.00000000      0.00000000      0.00000000      0.00000000      0.00000000      0.00000000      0.00000000      0.00000000
     7.81157698     -9.64813084     14.46607427    -37.45849656      5.55921911     -3.54928183      2.57890065      1.28796321     -0.48474790      0.95534124    -17.33526666     -1.10712270    -10.68819956     12.74358495      2.67334353     12.02749603    -29.08160451    -65.52920535     30.33538890    -31.68120553     -8.59441173     12.38098714    -11.77407963    -30.40973662    -12.92336534     18.84762875    -30.99712236     43.89112462    -14.67736934      5.67846539     12.97502696    214.87037342      0.31892138     35.90356192      9.46170635     77.57338492    119.69864693      8.66216589     91.27858720     10.38762694     27.85955530     -6.70552594    -39.90009664     -4.15306807    -18.76528125   -128.42762453     -6.24740922     16.01282630     -2.84730150     -0.45980509      1.13975229     -9.77533174      2.67610292     -6.96850977      8.27382821      4.83434269      0.00000000      0.00000000      0.00000000      0.00000000      0.00000000      0.00000000      0.00000000      0.00000000      0.00000000      0.00000000      0.00000000      0.00000000      0.00000000      0.00000000      0.00000000      0.00000000      0.00000000      0.00000000      0.00000000      0.00000000      0.00000000      0.00000000      0.00000000      0.00000000      0.00000000      0.00000000      0.00000000      0.00000000      0.00000000      0.00000000      0.00000000      0.00000000      0.00000000      0.00000000      0.00000000      0.00000000      0.00000000      0.00000000      0.00000000      0.00000000      0.00000000      0.00000000      0.00000000      0.00000000
     6.64218570      0.47143738      1.74756745    -13.08212724      1.25830569     -4.47015163     -4.04808150     -4.14617901      3.37637338     13.12544809      0.99671071      8.86878043     -7.40856404    -16.63727723     -0.17458422     -5.55866328     11.65499635      1.98112848     26.37391589      0.78301963      2.98086868      0.63789008     -3.26477941     -3.89146411      0.52711110      3.77504248    -13.62458494     25.94710299     -5.60759032      1.77628296     -6.57122885   -111.85622190     -2.65825025   -198.40360834    -13.27224816    -18.64736197    -22.12117742      6.59952825     65.18297963     -0.52833240     -9.47942198    -19.32903860    -93.39585115      9.94241164     -0.46008822     22.75061756     11.92000699    -44.11215042     15.35127299     15.82542839     -2.27069172     22.40978909    -11.34018954     -1.92876700     37.75956981    -57.25164196     33.42770086      0.00000000      0.00000000      0.00000000      0.00000000      0.00000000      0.00000000      0.00000000      0.00000000      0.00000000      0.00000000      0.00000000      0.00000000      0.00000000      0.00000000      0.00000000      0.00000000      0.00000000      0.00000000      0.00000000      0.00000000      0.00000000      0.00000000      0.00000000      0.00000000      0.00000000      0.00000000      0.00000000      0.00000000      0.00000000      0.00000000      0.00000000      0.00000000      0.00000000      0.00000000      0.00000000      0.00000000      0.00000000      0.00000000      0.00000000      0.00000000      0.00000000      0.00000000      0.00000000
     6.60408829     -1.41811693      3.29473492     -9.80944680     -5.72631563      3.20802315      2.26532894     -3.38270952    -10.30607458    -29.12366176    -16.64271649    -10.90140276     -1.14972661     22.43082904     -5.15857915    -21.19840482     38.94806977     33.96715133     68.68269359     16.15841698     13.40286954     12.33368586    -20.73335287    -26.41086743     -5.25083621     33.49794627    -23.51831679    -67.54626438    131.71093470     10.25640143    -38.44650664   -663.35658644     64.24720900   4623.30476571    -85.54147361    -26.90213305   -108.86676458      1.15862347    -31.02716392     17.42241777   -139.83931878     21.89131142    161.50737576    -38.73859087      2.65023754    -40.24598678     30.11337261    -87.60039719     17.10644642    -18.72272484    -24.95294764   -151.16348079    -28.47219975    -18.61087489     70.96475911     -5.08663353     71.47957819   -287.28077442      0.00000000      0.00000000      0.00000000      0.00000000      0.00000000      0.00000000      0.00000000      0.00000000      0.00000000      0.00000000      0.00000000      0.00000000      0.00000000      0.00000000      0.00000000      0.00000000      0.00000000      0.00000000      0.00000000      0.00000000      0.00000000      0.00000000      0.00000000      0.00000000      0.00000000      0.00000000      0.00000000      0.00000000      0.00000000      0.00000000      0.00000000      0.00000000      0.00000000      0.00000000      0.00000000      0.00000000      0.00000000      0.00000000      0.00000000      0.00000000      0.00000000      0.00000000
     2.01642851      4.88492001     -3.01354404     12.26744876     -9.74063021     -4.02740738     -3.23400984    -13.79382544     12.40443462     41.42819141     14.69213988      2.12127734     17.58181812    -25.78084778     -6.75563468     -9.44283381     18.46758523     34.72141815    -29.60786527     -9.07203551     -8.28905066      2.49834254     -0.86375712     -7.89473098     10.61703320      7.46254125    -40.72161452    124.36989622    -92.82394691    -15.87928725     17.77648227    317.24716905    -29.36957379  -2198.63694075    -19.74903345    117.20437235    116.44102316      4.02184701     21.80312289     20.89438992    -61.07179021     25.00811448    131.91665374    -13.84466775    -32.72159547   -221.90795306      6.57853119    -49.68953680     29.36599533     -6.11775822    -24.06410145   -181.80152964     -2.97019449    -19.39253172     -3.03114070     55.37905681    -73.66074027    201.46610853     52.77720351      0.00000000      0.00000000      0.00000000      0.00000000      0.00000000      0.00000000      0.00000000      0.00000000      0.00000000      0.00000000      0.00000000      0.00000000      0.00000000      0.00000000      0.00000000      0.00000000      0.00000000      0.00000000      0.00000000      0.00000000      0.00000000      0.00000000      0.00000000      0.00000000      0.00000000      0.00000000      0.00000000      0.00000000      0.00000000      0.00000000      0.00000000      0.00000000      0.00000000      0.00000000      0.00000000      0.00000000      0.00000000      0.00000000      0.00000000      0.00000000      0.00000000
     6.42283389     -2.78105894      7.02028876    -21.66301313      3.41808674      1.43430623      0.62927154     -6.40480906     -4.58999887     -9.78091732     -3.12092332     -6.46228741      8.64211462      6.52656470     -3.73291375    -19.73370432     38.16193952     29.72497057     64.06917180     17.75083331      6.63625940     -9.93286091      1.64814141      9.96499855      8.30221444     -5.00335980      2.40201519      1.51900334      6.59517095     -3.92349226     -2.42258497    -54.21651793      5.13861343    444.36135098     56.31242061   -103.67107685    -86.45485989     -3.97416158    -47.32492581    -17.40418974    -11.12980049    -19.43413367    -87.16282035     11.09179486     11.92835686    103.93106655      7.02284312    -22.56041449    -10.73760471     -6.72235039    -14.16819466   -100.85184149     -1.64987256      3.80696876    -62.73203183     71.96167131    -73.58203056    154.44553162     25.60905698     10.53682427      0.00000000      0.00000000      0.00000000      0.00000000      0.00000000      0.00000000      0.00000000      0.00000000      0.00000000      0.00000000      0.00000000      0.00000000      0.00000000      0.00000000      0.00000000      0.00000000      0.00000000      0.00000000      0.00000000      0.00000000      0.00000000      0.00000000      0.00000000      0.00000000      0.00000000      0.00000000      0.00000000      0.00000000      0.00000000      0.00000000      0.00000000      0.00000000      0.00000000      0.00000000      0.00000000      0.00000000      0.00000000      0.00000000      0.00000000      0.00000000
     6.80400199     -5.96870074      8.54025152    -26.50481567      5.11898284     -2.51056556     -4.77168541    -15.09437453      4.82791567     21.31980797      1.14425513     14.01933931    -12.05416816    -24.29593908      8.68900699     21.00558300    -32.12432293    -16.50732384    -76.06023861    -21.95305209      5.03333447     13.97803072    -10.90647475    -37.62625635     -7.09783457     19.23946035    -60.21778122    142.79789575    -81.14273882     -3.98918532     -3.82501347    -45.93041247    -15.94055018  -1258.18227303    -81.68568432     79.14575824     38.66523596     24.41083859    251.70949691     44.37621224     14.04757589     -9.61128535    -59.11525302      7.18637078    -28.33324551   -166.78657089    -20.04010593     68.52763061    -12.78129491     -6.14237933      8.54605704     37.53565627      9.10473631     -9.13882667     40.39344842    -28.87893831     -1.24893926     68.38572366     12.61774711    -15.10096139    -18.78767259      0.00000000      0.00000000      0.00000000      0.00000000      0.00000000      0.00000000      0.00000000      0.00000000      0.00000000      0.00000000      0.00000000      0.00000000      0.00000000      0.00000000      0.00000000      0.00000000      0.00000000      0.00000000      0.00000000      0.00000000      0.00000000      0.00000000      0.00000000      0.00000000      0.00000000      0.00000000      0.00000000      0.00000000      0.00000000      0.00000000      0.00000000      0.00000000      0.00000000      0.00000000      0.00000000      0.00000000      0.00000000      0.00000000      0.00000000
     7.30829834     -7.59807324     11.40229271    -26.35923809     -4.47882283      0.83872005     -3.79257463    -26.06754763     -2.25988162      7.91171950     -3.67963577     -0.79745732      0.46911927     -2.97078405      4.16421760      9.39099356    -14.76862108    -12.45577292    -20.43737420     -6.29264733      0.30103970      0.14312520     -1.01736346     -1.54305543     -1.65777528      0.71022510      1.24367351    -10.32659921     24.31958765     -3.36168815      6.27623911    100.16973531      3.78233242    297.97136601     34.59721909    -10.69048193     19.25216826      3.69259305     26.41622605      7.86184730    -48.18464595     10.47714503     62.62539077    -16.82565951    -10.17335349    -92.06927352     14.32942366    -60.83838882     17.33339627    -24.15154636    -34.59229675   -261.20669302    -27.62735184    -27.40511920     46.08073145     25.70302143    -43.87544305    133.42667764     30.42176700      5.80865697     35.34444896    -17.06446068      0.00000000      0.00000000      0.00000000      0.00000000      0.00000000      0.00000000      0.00000000      0.00000000      0.00000000      0.00000000      0.00000000      0.00000000      0.00000000      0.00000000      0.00000000      0.00000000      0.00000000      0.00000000      0.00000000      0.00000000      0.00000000      0.00000000      0.00000000      0.00000000      0.00000000      0.00000000      0.00000000      0.00000000      0.00000000      0.00000000      0.00000000      0.00000000      0.00000000      0.00000000      0.00000000      0.00000000      0.00000000      0.00000000
     2.29922119     -2.67454334      9.36642464    -20.99253971      8.88620512      5.64876808      3.95845749      2.86124144     -7.88153486    -21.84392897    -13.06071967     -8.60399927      3.61489938     25.10053874     -1.23637823     -7.83813100     14.78616852      8.11643592     35.59215904      0.16750644     -3.73072406     -1.20241164     15.83263536     15.35240677      4.96359543      1.73316000      2.52403637    -27.32843661     28.98521716      4.37214813     19.79408036    332.64080550     -7.26979857   -496.02909161     53.47456686     28.05040467     99.12863211     18.58551252    195.69320581     31.23905822     22.88369132     -5.55505428    -43.97816313      6.46875324    -19.96975035   -102.56692498      1.36104211    -27.70038345     17.27429872      9.20665315      2.49446853     33.41037580     20.73910353      6.00505944    -73.40509326     44.15561710   -103.18594717    318.38744445     15.89379635     -2.12842365     14.11726068    -27.30897649      4.34886829      0.00000000      0.00000000      0.00000000      0.00000000      0.00000000      0.00000000      0.00000000      0.00000000      0.00000000      0.00000000      0.00000000      0.00000000      0.00000000      0.00000000      0.00000000      0.00000000      0.00000000      0.00000000      0.00000000      0.00000000      0.00000000      0.00000000      0.00000000      0.00000000      0.00000000      0.00000000      0.00000000      0.00000000      0.00000000      0.00000000      0.00000000      0.00000000      0.00000000      0.00000000      0.00000000      0.00000000      0.00000000
     2.44292800     -2.21582039      7.61428097    -16.68386617      5.65125073      2.52939603      3.21139937      4.35593446     -1.38760766     -8.22219019     -4.23479530     -6.24991061      5.61351552     13.88320917      8.66092874     20.64792511    -37.46450315    -47.10203443    -11.68843098    -24.08363383    -11.91939534     11.81036047      8.23921268     -5.22919411     -2.03238676     21.65619439    -34.36439669     14.86357450     16.84443413      4.31130272      8.01815732    137.94653997      0.06608343    -14.52664229     -4.14878812     72.21104987     94.75526408      2.51590831     25.16229529      5.89596861     -9.83273773     12.67306150     57.15061772      2.83301272    -15.39831303   -103.24792282     -5.79369427     31.49423088    -29.21552146    -27.93466828    -28.87554417   -257.84014385    -35.91263879    -10.05518281     16.59320300     13.93584008    -59.20448128    222.89802014     16.15358945     25.69889203    101.38857975     -9.94196155    -47.72165851   -153.12641785      0.00000000      0.00000000      0.00000000      0.00000000      0.00000000      0.00000000      0.00000000      0.00000000      0.00000000      0.00000000      0.00000000      0.00000000      0.00000000      0.00000000      0.00000000      0.00000000      0.00000000      0.00000000      0.00000000      0.00000000      0.00000000      0.00000000      0.00000000      0.00000000      0.00000000      0.00000000      0.00000000      0.00000000      0.00000000      0.00000000      0.00000000      0.00000000      0.00000000      0.00000000      0.00000000      0.00000000
     7.85420541     -7.93870070     10.54487990    -24.13565101     -6.81087528      1.98331273     -6.10812642    -38.84383311      2.71188523     28.58894256     11.19221771     -7.19345052     13.52904283     -1.15966494     -0.76130610      8.92357554    -21.14859155    -24.31978783    -18.33624478    -10.26425645    -13.53304913      1.54139996     -5.65273644      2.64432759      2.29974055      9.31552221    -12.90868842     21.34427351    -35.39148922      5.32323151      7.40772049    121.88693639     -3.22627011   -215.56296559     20.75230806     30.82179390     60.27372778     -8.34260613    -80.51839888    -10.73983172     -6.25384355     16.58088869     87.51858496    -10.71013066     14.98888656     61.30787057     -6.46468554     44.56704336    -23.74274492     -9.92037361      4.35563734     16.37825176     -0.07887095      1.96311904      6.96869098    -18.99671146     -4.75063986     38.61918601     -1.24430243    -19.98965002    -27.24211755    -16.40803252     25.85004468     77.70929970      7.30199096      0.00000000      0.00000000      0.00000000      0.00000000      0.00000000      0.00000000      0.00000000      0.00000000      0.00000000      0.00000000      0.00000000      0.00000000      0.00000000      0.00000000      0.00000000      0.00000000      0.00000000      0.00000000      0.00000000      0.00000000      0.00000000      0.00000000      0.00000000      0.00000000      0.00000000      0.00000000      0.00000000      0.00000000      0.00000000      0.00000000      0.00000000      0.00000000      0.00000000      0.00000000      0.00000000
     4.02329332     -2.06853645      6.08947719    -11.11685009     -4.52115190      3.84274516     -3.35470387    -31.40013841      8.71857974     40.29029861     14.96658816      8.46184300      0.42985185    -30.80039040     10.12801814     37.16977078    -66.09312330    -44.01925206   -131.40918498    -26.12602723     -4.87127163      3.14531768    -10.78321352    -25.65718714     -7.52630000    -12.01850855    -28.59944614    187.30025902   -184.32507144     -7.86759269     15.72492517    285.48548205    -43.50832382  -3222.05879516    -27.91845646    106.35437426    117.05952256     12.59106844    120.89685029     11.75931041    -28.28965343     -8.88828143    -37.41308202     16.98180376    -30.22721445   -156.32541872     -9.99134554     38.72594629    -20.00225240    -10.40339035    -11.74815611   -122.61431504    -20.06343926    -19.25793719     81.21499391    -58.11733371    -37.30397154    288.16694683     50.05026520    -38.26133874    -77.20670406      2.33136371     24.02240704     77.13550868     20.18246368     20.01009941      0.00000000      0.00000000      0.00000000      0.00000000      0.00000000      0.00000000      0.00000000      0.00000000      0.00000000      0.00000000      0.00000000      0.00000000      0.00000000      0.00000000      0.00000000      0.00000000      0.00000000      0.00000000      0.00000000      0.00000000      0.00000000      0.00000000      0.00000000      0.00000000      0.00000000      0.00000000      0.00000000      0.00000000      0.00000000      0.00000000      0.00000000      0.00000000      0.00000000      0.00000000
     9.55498202     -7.68472329     13.15505205    -34.65241774     -7.89896774     -4.71057968     -3.01343683    -18.94147670     -0.76674416      9.19940590     -5.89042398     -3.58607661      3.91028557     -8.25053704     -2.08707027     -4.02411330     11.47282591     33.21762928    -45.42080849      6.19868397     10.79490508     -2.44611373    -14.63964411    -11.24010675      6.59056242     15.19032932    -17.72054401      3.87100171     19.71509881      8.76802911     -4.25618796    -74.62716283     17.62083139   1260.91616688    -27.79164615     48.51723658     32.92342381    -15.45214115   -153.17148198    -16.51003149     -3.25611584     26.58126510    137.60120346    -47.60261904     24.83963570     70.59641041     19.29806564    -75.70701383     36.25814020      6.04139241     11.77455107    126.80213805     10.37701226      3.34656437     16.52680312    -41.06056328     54.89413854   -149.14360386    -17.37107714    -23.54143243    -75.62763019    -15.41378149     43.65260263    113.08435248    115.48774221    255.37842529    202.21053132      0.00000000      0.00000000      0.00000000      0.00000000      0.00000000      0.00000000      0.00000000      0.00000000      0.00000000      0.00000000      0.00000000      0.00000000      0.00000000      0.00000000      0.00000000      0.00000000      0.00000000      0.00000000      0.00000000      0.00000000      0.00000000      0.00000000      0.00000000      0.00000000      0.00000000      0.00000000      0.00000000      0.00000000      0.00000000      0.00000000      0.00000000      0.00000000      0.00000000
     8.93809198     -2.77818371      6.42624186    -23.38716115     -5.29279186     -5.43640412     -1.87157776     -1.12111619      4.61796585     11.82746011     -3.04259942      2.98852328      5.32231968    -13.54756037     -4.54090188    -21.38565527     42.99975277     40.89200522     44.70108241     -7.65866174      7.45169620      5.30145054    -10.97679487    -18.16039953      3.37855011     11.02115183    -29.47144642     57.50153960    -13.30845017     -1.41169283    -10.43281056   -174.57863894     10.50316718    726.37242840    -56.86740945     37.78870570     -7.70979181     -8.72989861    -86.36429830     -4.85662086      5.94044859     11.35490676     66.67464329    -37.28886747     24.70029155     85.53997278     13.69696015    -29.17561005      7.04300757      3.95086172     16.82350159    165.34671929      1.51545922     -0.48853867     82.44024042    -87.47021302    155.53846493   -449.93940026    -40.73091424     -5.17463983    -19.27695615      4.11060059     31.31157360    114.01495428    -48.08702563   -110.41298036    -69.38231402    -22.23709683      0.00000000      0.00000000      0.00000000      0.00000000      0.00000000      0.00000000      0.00000000      0.00000000      0.00000000      0.00000000      0.00000000      0.00000000      0.00000000      0.00000000      0.00000000      0.00000000      0.00000000      0.00000000      0.00000000      0.00000000      0.00000000      0.00000000      0.00000000      0.00000000      0.00000000      0.00000000      0.00000000      0.00000000      0.00000000      0.00000000      0.00000000      0.00000000
     4.21394675     -2.94400880      1.14813244      2.73832284    -16.16807156      2.74677295      2.38209583    -10.15293640     -4.76082500    -10.40305775     -0.69345810    -13.75848958     20.42707129      9.65776061    -12.87274480    -33.60506312     57.35228358     48.16004308     93.25295200     26.48053612     -7.01177964     -7.59073242      9.71201186     33.75089582     10.17796403    -10.99583512     45.58458043   -126.12333112     91.03615391      3.57891051     -8.12342370   -156.22340946     29.17909387   2201.49858722     51.17600896   -103.30311351    -90.88381890    -15.38642635   -150.96001248    -12.57108040      2.35615154     16.39382701     99.26962925    -15.30831995     31.48881862    150.44838619     -1.64311323     44.89035545    -57.47641738    -30.99091254    -14.09136253   -154.10962955    -13.50543754     -4.81787302     -4.30209571     50.23058197    -16.01907414    -36.35187662     16.03785268      9.78233056      6.85783365      9.79688964      7.79919716     53.32674382   -112.69884672   -244.33949547   -191.82747862     -6.10665555    -28.34536504      0.00000000      0.00000000      0.00000000      0.00000000      0.00000000      0.00000000      0.00000000      0.00000000      0.00000000      0.00000000      0.00000000      0.00000000      0.00000000      0.00000000      0.00000000      0.00000000      0.00000000      0.00000000      0.00000000      0.00000000      0.00000000      0.00000000      0.00000000      0.00000000      0.00000000      0.00000000      0.00000000      0.00000000      0.00000000      0.00000000      0.00000000
     9.94897469     -4.44528605      5.34059729    -22.99094175     -3.86608811     -1.38220743     -5.82326812    -17.86921152     -0.52212359     11.92400661     -2.30671737      9.48101925     -9.37198904     -5.62352388     -6.59360156    -20.02844076     42.74372413     71.44784759    -27.80028016     23.58854548     18.61477749    -16.58038780     -0.73692459     10.49162863      4.80466327    -23.08556299     30.52715946     -8.56973531    -20.09059613     -8.43167233      4.49625414     76.62947369    -13.90328400   -984.79292421     37.63446688    -65.04649823    -49.14967889      5.15717903     67.86679906      8.85081404     40.83886858    -12.75577511    -92.73016294     39.13638170    -25.08856946    -91.06484097    -22.39177987     66.66858580    -22.59653347    -27.57858598    -21.13887090   -209.13340029      5.38799386     -7.75938085    -80.78572863    118.70151120   -189.85603944    493.43332241     37.28856686      1.72968080     55.58584831    -28.36477321    -24.81838515   -102.52492183     52.54567580    107.19404437     74.57898514     27.68288655     23.96164051     14.52196022      0.00000000      0.00000000      0.00000000      0.00000000      0.00000000      0.00000000      0.00000000      0.00000000      0.00000000      0.00000000      0.00000000      0.00000000      0.00000000      0.00000000      0.00000000      0.00000000      0.00000000      0.00000000      0.00000000      0.00000000      0.00000000      0.00000000      0.00000000      0.00000000      0.00000000      0.00000000      0.00000000      0.00000000      0.00000000      0.00000000
     4.68499567     -3.57804408      3.40639168     -8.49398139     -5.45568245     -1.87774748      1.27626653     -2.57283696      5.33952528     17.81039969      2.77211664     -0.78382767      3.66703130      0.58431429     -2.70666035     -0.17265396     -3.99859413    -16.15247965     16.20849480     -8.77158413     -8.57851058      4.78285998      4.21309244     -0.59436485     -5.90278212     20.86110632    -11.09242637    -65.22410506     77.62102989      5.78307045    -13.67576486   -238.98294092     26.69811812   1937.13233110    -18.47503230    -32.08706947    -54.24900400     12.96494774    106.77240857     20.57785392    -66.25626099     -4.09840982      5.71932522    -13.63114153     -2.12249942    -28.10776241     14.20812584    -44.03775614      5.08155529     -3.45457684    -11.17584344    -66.66941015     -4.95050281    -10.59528462     10.92557796     22.33282607     -4.88035018    -26.83645319      7.76895302     -4.25823749    -20.08610368    -11.47470433     34.49869968    125.36439169    -72.13094700   -168.47288489   -113.83540558    -10.16407777     40.95740647    -22.61024289     -4.14338400      0.00000000      0.00000000      0.00000000      0.00000000      0.00000000      0.00000000      0.00000000      0.00000000      0.00000000      0.00000000      0.00000000      0.00000000      0.00000000      0.00000000      0.00000000      0.00000000      0.00000000      0.00000000      0.00000000      0.00000000      0.00000000      0.00000000      0.00000000      0.00000000      0.00000000      0.00000000      0.00000000      0.00000000      0.00000000
     5.21821954     -0.81953912     -0.48468620      3.14653700    -15.50166358     -3.32543065     -8.45187865    -28.72769671      6.69948789     38.55254890     10.54687518      0.76075924     14.10409661    -18.11338531    -13.66025826    -21.14345768     41.70216839     95.22699053    -83.71509392     22.04754826      0.64545821    -15.82110585      8.99849396     28.96732586     16.93465721     -5.70292056      8.85660189     -4.91707181    -24.35373548     -2.50667374      7.05566243    114.88033382     -6.63568230   -450.15326742     30.69562911      4.76908082     20.50549177    -17.73538345   -187.48001401    -25.13321977    -34.07098593     15.19429759     90.58256031     -7.69434774     12.84705553     70.85168410     16.78976007    -55.34325659     16.96201419     18.72976042     10.00088635    118.79919805      8.22869824     16.23445158    -32.84243716    -10.22833438     20.60156581    -75.97243723    -23.01885639     14.43356990     46.97336266    -10.40634962    -28.70918950    -98.76137708    -12.99285095    -38.31663484     -8.57292554    -19.51672775     45.43079831    -18.43272524     14.19777087   -197.77190888      0.00000000      0.00000000      0.00000000      0.00000000      0.00000000      0.00000000      0.00000000      0.00000000      0.00000000      0.00000000      0.00000000      0.00000000      0.00000000      0.00000000      0.00000000      0.00000000      0.00000000      0.00000000      0.00000000      0.00000000      0.00000000      0.00000000      0.00000000      0.00000000      0.00000000      0.00000000      0.00000000      0.00000000
     4.41072315     -5.68334931     13.20568125    -30.28192143     -1.07311697      2.63667403      2.46313062     -8.73563878     -0.84933698      2.79702993      2.61480189     -9.90637788     17.34492427      7.11551287     -8.85844248    -11.86451520     14.72168558     11.79682506     18.82437886      9.99824079    -13.09841285    -10.34302587     12.41184947     34.62596540      2.43331749    -31.02809475     58.31494558    -64.34705234    -24.19417958      8.83544640      8.90032386    152.39079515     -8.29874351   -573.95522414     29.16594458      2.95367346     36.27059697    -14.41999711   -106.78114201    -17.17546867    101.95219971      8.16553970     11.70856933      8.63911561     15.64361802     93.90866542    -23.20203660     93.04283322    -34.51397256     -6.75951926     20.86605734    115.37091216     11.18463158     18.66852582    -41.53255603     -2.37357451      0.13712634    -16.16779944    -33.06027213    -16.95176736    -62.20152566    -10.45597477     37.72072996    102.46958006     77.52670723    162.30951565    118.49102665      0.49555692    -29.82976877     39.25503362      9.28745600    -60.88347000      7.98171531      0.00000000      0.00000000      0.00000000      0.00000000      0.00000000      0.00000000      0.00000000      0.00000000      0.00000000      0.00000000      0.00000000      0.00000000      0.00000000      0.00000000      0.00000000      0.00000000      0.00000000      0.00000000      0.00000000      0.00000000      0.00000000      0.00000000      0.00000000      0.00000000      0.00000000      0.00000000      0.00000000
     9.94624134     -7.36286877     11.88411394    -34.10213148      2.82318138     -1.21810386     -7.40133180    -30.94823211      0.06842213     23.41398320     -8.96515225      2.18056365     -1.39859381    -12.14059949     -6.51405800    -17.91847837     38.21847831     70.46647801    -38.58465907      9.01842922     16.39597449     -9.67473958     -5.77309567     -9.08014700      6.84592673     -7.00105735    -25.33824228    135.25828408   -103.36264032    -17.60495999     19.83047044    337.02328512    -32.90527650  -2359.14642209     58.41189044    -22.99521190     24.96777417      9.19207185    118.45405238     19.16628871     73.66903948     -6.90624438    -46.25882917    -37.22343289     20.67141192     61.23801730      3.33223571    -33.54727919     24.13653515     16.98194892     21.96453418    177.63452493     29.68557124      0.57339264      1.97297726    -25.89838985     19.35042692    -22.99972323      0.74034175    -19.65354592    -62.11376984    -14.85020088     45.14108295    134.97157148     31.55091657     86.76505455     81.17466575     -4.36960769     16.10059445    -43.48934864    -23.66017463    202.14181476      3.40783777     57.89916702      0.00000000      0.00000000      0.00000000      0.00000000      0.00000000      0.00000000      0.00000000      0.00000000      0.00000000      0.00000000      0.00000000      0.00000000      0.00000000      0.00000000      0.00000000      0.00000000      0.00000000      0.00000000      0.00000000      0.00000000      0.00000000      0.00000000      0.00000000      0.00000000      0.00000000      0.00000000
     7.57603415     -2.47498829      3.39380233     -9.46502759    -12.04241577      0.57336442     -2.45528183    -17.07036120      2.81548881     19.05552413      2.57127553      4.57760994     -4.58385169     -3.97300880     -0.94309113      3.68667355     -6.35944564      4.22739867    -40.52654875      1.91634667     -6.52370383     -8.39626744     -3.23170657     10.62930729      7.65519478     -9.86504439     20.26047283    -25.13790424     -2.48445937      0.92448940      5.44612043     96.97417538    -14.05227428  -1038.59109741     -9.64199100     49.13297019     51.59200492    -14.61369822   -133.99795635    -17.07448777     23.28601020     14.62598800     58.50926767      7.16901809    -13.22450172    -87.15668686    -14.85559561     60.46480810    -24.56358278    -23.04739675     -3.49033728    -73.36759454    -14.36988603      0.97696779     -1.95824892      4.07845832    -15.60514401     31.38876378    -23.34784453      5.41142144     43.75095497     -7.22041966    -44.84007189   -182.83922513    170.76667042    372.18587298    291.39423283     37.67090410     93.24174435    -24.08273999    -13.78669423     96.03670413     -8.54414562    -16.51013141      7.93467604      0.00000000      0.00000000      0.00000000      0.00000000      0.00000000      0.00000000      0.00000000      0.00000000      0.00000000      0.00000000      0.00000000      0.00000000      0.00000000      0.00000000      0.00000000      0.00000000      0.00000000      0.00000000      0.00000000      0.00000000      0.00000000      0.00000000      0.00000000      0.00000000      0.00000000
     4.55518851     -1.96565814      0.90025006     -3.95406423     -0.76110930      6.66638170      4.82866720      1.14987327     -2.87164140     -3.16406316    -10.21753918      3.77107599    -13.42322306     12.31303676     -5.49108577     -9.79105301     23.72678672     63.28106134    -75.08189493     22.22586384      9.14160431     -2.64553621     -4.58030635      2.74858275     -2.00671838      6.45028669      9.77062548    -56.84694511     26.53106597     17.11096289     -1.21903052    -29.15373305     17.44845184   1302.30656692     13.46094450     -2.07834747      8.70180681    -14.64096347   -134.65383485    -14.47400250     25.00742936     12.74371415     59.85132137    -10.86065392     16.97767082     80.15738402      0.28523260      1.24810882      0.28492683      2.86727267     13.24939730    113.14036530     18.08909103      3.16625235     -9.79873356     13.10833951     53.97714396   -252.53520905    -14.59429907      4.69484691      0.02563984     12.45373244     -2.03874114     -3.73362138     -7.91826694     -5.82720917     -3.10009232      2.90214134      4.35158253      0.82055782    -14.08363999    186.42131779     -6.76653434     -5.13644388     20.35207125   -160.00775105      0.00000000      0.00000000      0.00000000      0.00000000      0.00000000      0.00000000      0.00000000      0.00000000      0.00000000      0.00000000      0.00000000      0.00000000      0.00000000      0.00000000      0.00000000      0.00000000      0.00000000      0.00000000      0.00000000      0.00000000      0.00000000      0.00000000      0.00000000      0.00000000
     6.20721477     -3.58955441      4.03572867    -15.37976796      2.05401671      6.69114336     -1.78649035    -16.58525078     -2.93592243      4.27187454      0.11220683     -1.63109379      5.38440650     13.34897085    -11.47489778    -32.80757231     64.90917880     99.21206010      1.41369409     36.62885652      1.73354733    -19.85973213     15.21484182     42.31765942     19.81422549    -21.86854861     30.82520927    -25.48134940    -24.57607009     -8.98372871     15.37331706    260.70550612    -17.42971618  -1229.79853818     50.47533357     -1.92855352     29.28180718    -22.18943323   -201.32590446    -26.70605454     54.42102905     16.33987012     64.00697227    -15.17712711     20.97173297     95.77157237     -4.39173644     20.29451229     -9.94967378     -7.19970913     11.65025907     74.60149024     10.42024172     -3.16982263     25.57365389    -28.13262251     32.78234268    -76.70310731     -0.29720621    -14.00649227    -28.37833522    -11.30613288     29.88191158     85.72284962     48.39065281    111.51174676     90.97525819     11.06728604     33.82774723    -27.31990234    -18.99023952    173.50383688     -2.50887776     -6.43774137    -36.35007554    319.77497602     12.64752024      0.00000000      0.00000000      0.00000000      0.00000000      0.00000000      0.00000000      0.00000000      0.00000000      0.00000000      0.00000000      0.00000000      0.00000000      0.00000000      0.00000000      0.00000000      0.00000000      0.00000000      0.00000000      0.00000000      0.00000000      0.00000000      0.00000000      0.00000000
     4.37770348     -4.58250009      8.21604166    -23.70486815      5.62485232     -0.40485991      5.06666462     17.03947777     -9.60956281    -36.19367658    -22.53454229     -2.05799152     -9.15462179     19.16872661      6.38298169      9.74687305    -16.26001856    -26.67454047     12.51720187    -14.50457933     -9.42576485     13.91871287     12.73927766     -4.41550129      2.68428742     31.45338722    -62.79338747     82.33741470    -50.77395843     -1.15072814     13.45796620    234.99057315    -19.65280788  -1436.88836106     12.85294309     37.43927509     62.60430865     15.29553776    167.18147805     23.09520551     46.15038426     -1.95080228    -23.37963087     -1.15289023      0.42785621     -7.57012005    -12.00451159     40.12859373     -1.89765230     11.22514528     12.21830811     98.74412637     16.18748705     12.28996774    -58.38125423     21.80231477     -0.68157480    -52.50793484     -2.54264217    -23.07893443    -94.48684734      9.37854013     44.09920524    122.71006091    112.63863450    262.44333579    181.76914466     32.44393366    -28.44409250      5.16956641    -36.78913095    436.23768078     12.51701218     84.35338881    -35.92965921    246.18322658    -61.06719679   -108.88137119      0.00000000      0.00000000      0.00000000      0.00000000      0.00000000      0.00000000      0.00000000      0.00000000      0.00000000      0.00000000      0.00000000      0.00000000      0.00000000      0.00000000      0.00000000      0.00000000      0.00000000      0.00000000      0.00000000      0.00000000      0.00000000      0.00000000
     6.85555159     -3.88410262      7.10168980    -17.57360330     -1.09396340     -4.62376810      0.72272852     -9.66165996      9.74595621     36.21756427     -2.00332804      6.16892366     -3.29066607    -20.16698126     -3.50464602    -10.55400614     16.88389056    -14.09865094     56.17297363    -20.90905833     -3.97646167     -3.12324366    -16.06609368    -21.72478879     -3.76239454     -0.79083381     -4.84510069     22.31903844     11.40648994      2.00221816     -8.57433381   -145.07786391     -1.58113603   -132.23545073    -26.66619777    -11.25684140    -31.89693836      0.63625670      6.24399150    -10.32601303     -3.69859011    -19.30879426   -104.25843028     19.19577766    -16.42448327    -59.84638866     -7.91594035     19.05795588     -0.11623600     -3.00962637     -1.31184270     -9.56621533      9.71916633     10.25562793    -79.40096573     67.30937476    -79.61708031    168.31348578     -8.36438575     11.32521364     16.45298188     -4.94797251    -19.64755392    -85.97032053     96.66890224    210.46475681    156.47606902      7.34052212    -14.13875503     29.53433692      6.21752822    -28.94187785      3.34542656      3.78242584     26.20477896   -213.36655073     -0.86384632     14.78656320    -12.51929363      0.00000000      0.00000000      0.00000000      0.00000000      0.00000000      0.00000000      0.00000000      0.00000000      0.00000000      0.00000000      0.00000000      0.00000000      0.00000000      0.00000000      0.00000000      0.00000000      0.00000000      0.00000000      0.00000000      0.00000000      0.00000000
     1.53759253      7.40444348      0.12699677     -2.78762674      4.77172918     -0.10879857      4.85797591     25.02363201     -8.02147832    -32.72987105    -28.56666896     -3.39338820     -3.66238645     13.26436711     -0.30502758     -9.81617798     30.71082271     84.03606947    -79.65951959     14.95809043     19.05522398     -0.61767071      9.64970515      0.40168887      8.42322852     16.68404152    -43.50977455     68.38631614    -32.11048315    -18.98690060      1.75689511     22.82095283      3.60178415    297.03585814     29.66774940    -50.16605876    -55.88338504     -5.04217409    -52.69543738      3.05075255     13.13720830      4.09239460     31.23130366    -35.37124536     19.55740993     58.50018652     12.19908946    -36.39435547     -2.87170579    -14.11256995    -15.04417727   -115.22428173    -15.43257084     -8.72835265     13.08956944     15.90932283      8.69561334    -63.51256752      6.48932615     -0.72037324    -17.49504133    -18.15473991     30.05691042     89.06922023     42.05885729     98.74861845     93.00152807     15.06645996     79.76730512    -70.31041786    -26.49072715    157.88919822      1.78099292     25.59553732    -36.41508902    354.39435402     -0.00302806    -11.98591590      3.35113775     18.56206993      0.00000000      0.00000000      0.00000000      0.00000000      0.00000000      0.00000000      0.00000000      0.00000000      0.00000000      0.00000000      0.00000000      0.00000000      0.00000000      0.00000000      0.00000000      0.00000000      0.00000000      0.00000000      0.00000000      0.00000000
     8.13541738     -4.38386304      6.43819672    -19.46319308     -6.78482114     -7.04943036     -8.45611995    -24.99028856      6.64455838     36.72274049      3.46598246      7.65450536     -0.90562621    -17.56017312     -2.40528011      3.41559467     -6.65991045      5.17765064    -50.54552879    -14.29735499     -7.62653988      1.26715862     -4.73841803    -13.67739180     -2.89825606      9.24120723    -34.68251349     84.32631800    -52.41778121     -9.50018198     -6.77276159   -111.29495418     -0.88804951   -105.65852113    -40.40391090     31.99676438     -1.56745972     -4.70750693    -63.53368930     -3.49342212    -63.42657411     15.56457644     97.90078079    -16.35153194     -7.15550001    -74.09614429     -0.90437157      3.26607969      0.88022170    -14.45771557    -17.86657141   -143.83311890     -8.22804334     -8.80478991    -17.70730607     45.70484134    -49.00266842    103.55548091     36.68941163    -19.57365774    -75.59771402     -2.28032702     36.75322299    107.02756627     66.84394380    155.68097507    109.39084872     18.76139053    -12.05663474    -11.92228706    -16.54214083    164.73616480      0.51286179     14.34347796      0.38504752      5.93753152    -17.08273966    -11.47259947    -17.26484306     20.28607065    -15.18326189      0.00000000      0.00000000      0.00000000      0.00000000      0.00000000      0.00000000      0.00000000      0.00000000      0.00000000      0.00000000      0.00000000      0.00000000      0.00000000      0.00000000      0.00000000      0.00000000      0.00000000      0.00000000      0.00000000
     6.66904001     -7.07560296      4.19439770    -13.87877445      3.16361601      0.67717842      0.09254224     -4.30670361      0.77844665      2.00200245     -7.81042761     12.51427704    -20.00285122     -8.55390061     20.73445583     45.17881027    -81.25393215   -111.90552320    -14.29923613    -61.71883686    -14.81610180     30.79149530    -10.06746189    -58.97491250    -12.25686732     36.47355704   -105.78805481    228.33896008   -110.80617328    -10.11207045      9.51479302    184.65051398    -37.41234635  -2825.93810092    -64.10214734    115.93969734     97.38971412     44.97999946    418.98919542     51.55760017    -81.75035765    -29.56238436   -132.03793552     12.47159530    -53.23982279   -277.75111255      6.25592590    -56.21023582     47.77111170     22.36822571    -12.03167251    -48.35101991     -0.08887827    -14.42540287     14.29392963     -6.15147720    -41.82969032    205.70032365     46.39104143    -25.73805189    -78.54118285     -1.20736409     45.13167509    142.66179435     30.36742065     58.00322639     33.44701990      7.03288424      0.38345046     -7.27220358    -13.73361865    144.19677300      9.99965146     44.37022324    -54.68520083    390.65820060    -54.14115212    -86.69193401      4.10259317     49.54701183      5.68488967     44.61858587      0.00000000      0.00000000      0.00000000      0.00000000      0.00000000      0.00000000      0.00000000      0.00000000      0.00000000      0.00000000      0.00000000      0.00000000      0.00000000      0.00000000      0.00000000      0.00000000      0.00000000      0.00000000
     7.71629295     -4.11270786      5.20288623    -13.10303582    -12.72480381     -1.12670411     -9.44323284    -43.45717975      8.02356042     43.32994475     26.60772518     -0.76369613     22.60896978    -22.77543488    -11.26089130    -19.21183500     33.91919624     50.38591362    -10.30329759     17.11112802      0.32642261    -10.12909821     -8.52903302     13.83853709     10.37735273    -21.31271177     29.81389852      0.84275648    -37.73362122      3.18767523      7.25172390    129.42392944     -9.37216052   -706.53141196    -12.80864455     77.76552721     85.35870674    -16.86373762   -167.00242516    -16.67469199    -24.08381224     21.78067796    103.59896776     12.58499062    -22.77802349   -123.53942124     -2.91949528     -0.82527918     -5.52183793    -17.43513886    -22.71088951   -204.24806016     -7.97752778    -12.13214179    -19.27026049     44.82774812   -149.50610443    507.82287762     46.34175914     -3.43572048     27.35623975    -19.25549801    -17.88940652    -54.46830270    -41.30734942   -105.81546254    -67.60987554     -5.05622868     69.80326611    -45.80506079     11.39633643   -223.52430122     -8.90963978    -34.56658426    -11.22034550    117.83316503     -7.34155080      1.89665302     -8.17192574     34.90532071     -3.68752066     39.52024995      8.07616836      0.00000000      0.00000000      0.00000000      0.00000000      0.00000000      0.00000000      0.00000000      0.00000000      0.00000000      0.00000000      0.00000000      0.00000000      0.00000000      0.00000000      0.00000000      0.00000000      0.00000000
     1.00733385      2.22299326     -2.40538464      5.77760571     -2.71714564      0.59811781     -0.07110739      2.52667327      3.54399127      7.88823835      7.51634337      3.99453782     -0.11965202     -1.19004312      1.89426036      9.12904810    -21.94562857    -37.55128108     15.97628392    -17.20825917     -7.84958109      6.72732185      2.80580241    -11.22870497     -3.73175213     -1.08940252    -11.06739431     46.64898818    -19.96977914     -3.91013232      5.73171811    102.46748124     -8.79645970   -651.23607559     -3.94252013     25.32549579     32.76209027      8.85558618     92.87961076     13.24891000     13.48993653     -2.79411878    -27.00719531     14.42951964    -17.58859779    -89.80905098     -9.41650379     28.24462035     -7.01327927     -7.39716663    -11.29036119   -108.04214714     -9.10947984      2.41135050    -44.04514381     44.17739068    -66.26079165    174.91197652      4.26168629     21.45876794     75.97633763     -1.51520341    -55.08022826   -187.86858136     27.84216759     59.63749566     40.34992447      7.67388637     -4.83178368     19.30699676      2.55808080      1.03938484     15.36357906     58.03730817    -31.49588807    180.34584702    -23.04082890    -47.77799552     16.24163564     -1.24087560     21.38545343     14.92790624      8.66287956    -35.55026100      0.00000000      0.00000000      0.00000000      0.00000000      0.00000000      0.00000000      0.00000000      0.00000000      0.00000000      0.00000000      0.00000000      0.00000000      0.00000000      0.00000000      0.00000000      0.00000000
     1.62788737      5.16506912     -2.76129286      5.70223123     -5.57361416      5.26871148      1.10547438      3.02881900     -1.78508427     -8.06094711      5.47895740     -6.09833620     11.88390838      8.90111701     -9.00477395    -21.72337117     42.48359099     73.88112119     -9.44050634     31.92013614      7.44382024      3.55129635     -2.43062771     14.89193537      9.47407178     10.80191946      7.28113347    -73.97717828     62.38375253      9.29786053     -8.02142688   -145.12224771     34.04823733   2481.12581613    -14.65881468     32.40682977     19.15972375    -19.96972931   -217.44223323    -24.14840761    -48.10986574     24.91607038    149.81261899    -28.91839977     22.74794502     91.02999265     32.21560704   -100.90513318     22.57052459      9.19682296      0.30521185     45.02855234    -21.68139943    -11.39504941    130.28415063   -113.50964819    163.06668019   -394.30409902    -10.75526398     -1.29385453    -18.88484163     15.48841636     28.90163998    131.49203167   -143.57913110   -328.53971464   -230.77957937    -48.00282449      2.26860422     -1.98672387     22.39980448   -245.28053776    -16.56594765    -88.80882355     31.97863254   -233.44942812     29.31073279     67.22616531    -18.03391313      7.17080888    -23.87077247    -18.06768216    -15.53518825     36.67205824    -17.93296129      0.00000000      0.00000000      0.00000000      0.00000000      0.00000000      0.00000000      0.00000000      0.00000000      0.00000000      0.00000000      0.00000000      0.00000000      0.00000000      0.00000000      0.00000000
     1.14693634      4.18119515     -2.33468089      9.36671121     -5.16129771      5.46515986      1.89598761     -7.96627361      1.38431033     10.30458765     -1.27835852      1.43573753      2.17469392     -9.01921933     -5.95071310    -13.31738494     32.86053487     85.14777301    -83.22993393     27.88164654      9.14074121    -13.22868539     -0.72697227     15.64989413     11.65179386    -17.02095280     28.35234641    -19.50087838    -11.83624951      0.62424863      5.27075760     96.01965083    -13.91101021  -1032.61482981     -3.56618753     23.39283887     22.89677046      0.15457132      3.99611456      3.16818605      3.88032998      4.88290539     22.34374683     -0.12476719     -3.18055343    -17.84992412     -3.87464754     10.52426835      6.07419045      5.26911955     17.71114879    129.90490905     16.56609251     -0.10866106     22.90150136    -30.98193048     23.13074688    -48.35826422    -18.57918872    -27.26552087    -59.19867279    -14.44949561     49.44966188    162.84440937    -27.80776436    -79.68393210    -51.56885294    -14.31161341     27.46384333    -10.07744161      6.13366106    -99.81023847      8.88161647     23.87158524    -47.36150367    325.19466386    -18.42935480    -36.27577163     18.68875112     51.55257462      7.83501463     51.28963720    -34.81657871    118.71804470     17.11015148      4.86919002      0.00000000      0.00000000      0.00000000      0.00000000      0.00000000      0.00000000      0.00000000      0.00000000      0.00000000      0.00000000      0.00000000      0.00000000      0.00000000      0.00000000
     6.41125567     -1.92804299      2.90598534     -6.59660011    -11.84622056     -6.19990965     -9.21338669    -34.88624133     15.07213793     66.30014172     19.70843056      7.43685480     13.31102232    -33.67222516     -7.51441162     -6.59638778     16.72864970     67.77811205   -110.77192082      9.83268946      1.74298312    -18.36859349      2.50531307      7.86702961     12.45306225    -11.64497624    -14.02344613     99.36201960    -88.27966473    -14.74127492      7.33735466    128.31142881    -22.42744149  -1635.31289868     10.61004223      8.49214628     11.39587503     -6.84726684    -77.50345168    -20.57768047    -27.46480758     -4.43323832    -20.55528160      3.70074157    -12.83260887    -63.75340284     -3.43221115     -4.07922549      6.76906491     -6.35662182     -7.82905921    -61.24280220      5.37712682      2.25940636    -58.34165687     49.73596279   -101.19275419    302.63989462     24.45025511    -13.78953155    -50.11888830     -7.73173405     18.86692114     47.28959323     43.31999895     85.45439645     69.55888733     -7.27737727     13.19689259      8.69593659     16.38946037   -189.88720980    -18.18712956    -84.45102075     89.26312942   -635.50033516     25.04364548     87.64891588    -50.49909830    -20.85393956    -55.73424688    -88.61757777    -25.33807260     53.57271105    -16.15116323     -1.48997529     15.82307024      0.00000000      0.00000000      0.00000000      0.00000000      0.00000000      0.00000000      0.00000000      0.00000000      0.00000000      0.00000000      0.00000000      0.00000000      0.00000000
     3.39165141      1.94061511     -0.40040858      3.99086316     -8.61272190     -0.29401320     -2.26270065    -12.72415520      5.50406063     26.79232368     -1.60571204      1.24564736      9.07200077    -16.07352089     -7.52667141    -15.59641064     34.36448404     77.91189178    -59.19697510     12.04226987      1.13311687    -12.13936367     15.98553133     18.22223392      6.85935023     -7.16771927      5.70880375    -11.18267465     31.56235646    -12.58895995    -17.89657385   -317.88414295     13.29354411   1026.30850551     33.03239805   -178.21442663   -194.52260913     11.87249057    113.92765709     16.22329611     -7.34802983    -23.02129715    -87.73341103    -14.48120374     38.50495102    217.85654832      7.19911189      5.89390019    -18.21712790     12.84747659     26.30991631    219.27631292     10.07686284     10.98454680     38.41509598    -59.29184849    133.97395719   -426.98062690    -44.88649899     -7.61833259    -33.88845364      9.96328396     30.51162683    121.54976078    -97.02010706   -210.34937166   -156.68468961     -3.70780499     17.24644388    -33.53525525     -1.53848943    -57.90469546     -1.80112141    -11.87006025    -27.83052056    270.40293570      6.29006742      2.79767122      4.82340810     15.43844829      1.72315897      9.89796936      7.88128841    -35.38186526     -4.00522815      4.03389116    -76.79618198    -89.91322497      0.00000000      0.00000000      0.00000000      0.00000000      0.00000000      0.00000000      0.00000000      0.00000000      0.00000000      0.00000000      0.00000000      0.00000000
     1.20156812      6.22500031      2.55417243    -10.09846298      4.69396738     -2.76870287      2.58800723     18.89041670      3.03453611     -0.48744708     -7.16776246      1.46141430      4.90096226    -12.16737627     -1.66692282     -4.47353741     18.11564425     73.08554263   -105.10026332     13.16328413     21.23160194      4.95797604     -0.37634153     -8.71627080     -0.57147646     13.52982421    -34.48998831     58.50226219    -35.27287775    -10.63576618    -14.20897378   -240.83669006     19.11213805   1362.76113255    -40.42300900    -15.14312275    -65.38644495     -1.50763972    -25.56644532      7.10074827    -22.08280062     11.62025954     80.45693476    -41.49648976     32.66990911    124.08929283     18.51386341    -48.25218065      6.46017016      0.62213268     -3.72913015     -7.45049486    -22.47250521     -5.19502490     67.32517698    -73.79771473     92.60162086   -216.99674825    -18.35403554    -16.94014312    -64.15200517    -13.06034315     65.73088032    219.84625156    -10.89825424    -29.52412584      2.32250217    -18.12705709     45.29592233    -38.23648722     -8.23847629     10.18885638      2.72238568     23.58619610     -2.07657697     25.55270513     -2.31498824      6.30194963     -8.95870452    -11.60586401     -3.04295571    -30.27453849     -0.71466838    -45.73878826    -26.55802961     20.41242476   -246.04351085   -191.96307963     98.18656146      0.00000000      0.00000000      0.00000000      0.00000000      0.00000000      0.00000000      0.00000000      0.00000000      0.00000000      0.00000000      0.00000000
     0.13106360      6.12193474     -0.10303522      2.91683107     -3.15110588     -4.88299467      5.68139191     26.29483331      4.26089655      0.74913748     -8.68194211      1.92607663     -0.98747336     -4.72865546      3.09045794      8.59173007    -12.93451664    -15.65272622    -17.31278805    -14.34639812    -17.58308543      2.78479637     21.02081892     16.79882191      5.52031908     22.52682018    -17.95013167    -55.98060785     72.94600535     13.80358236      2.22748541     24.70165479     16.00685434   1212.97411223     31.29459893    -13.26749317     19.44510280     -3.14377534    -18.21225019     -2.69669230     40.98106276     -4.35001957    -31.22665305     -2.70464268      1.82835042      7.21746343      8.50389452    -34.61735412     13.78526538     14.00034183      6.85386010     90.94318128     -4.50998411     12.54173800      0.22010155    -29.02614873     76.86827440   -236.95850515    -27.90451958     18.98665182     25.42310505     18.29996386    -22.67110892    -70.47508253     -0.89497191      9.42512168      5.51795373     -7.84464840    -38.55347638     36.05272427      1.91011101     49.13501591      2.66117250      9.83119342     36.57621655   -297.24670895     10.03117948     20.89329681      3.67611525    -14.34510820      5.59437185    -13.21218096     -3.86952957      1.69380919     10.19532812     10.60437265   -104.44041969    -71.77263599     65.11481841    -14.40612489      0.00000000      0.00000000      0.00000000      0.00000000      0.00000000      0.00000000      0.00000000      0.00000000      0.00000000      0.00000000
     8.68843424     -5.55040471      9.90967593    -28.20259245     -4.54346422     -7.09748346     -1.56292114     -3.80394740      4.31385478     12.81857742     -6.24325068     -0.27077932      0.54472169    -11.28422171     -3.00270348     -9.29499075      9.97310330    -31.15198996     95.53208468    -28.85113341     -4.55974411     17.95201623    -16.32244085    -37.98678784     -2.83390605     30.59617838    -58.13074239     87.08322089     -9.94154759      7.83137395     -4.85110671    -72.32952280      7.72338578    476.93369084    -77.29524541    101.66589104     71.56515147     21.88278290    215.01098389     37.84262113     -6.05054468     -7.40033099    -42.55570368      0.91365281    -44.01289063   -258.87651955     -0.04515951    -23.95955750     17.87297549      2.48157525    -10.13302571    -76.88834649      1.68346616     -7.62877553     -8.21359025     22.09767953    -70.14791315    243.13318701     26.22872522     -4.20451356      4.88525574     -2.71586666    -19.89690596    -76.96384121     29.07531222     64.97899506     41.55364716     -1.20557119    -33.23436808     26.08755376     12.65812140   -112.15660859      6.19061846     17.89411926      7.12731429    -85.73164858     -3.95976257     11.57655149     -7.05698575      9.78690661     -9.11776467    -11.00087757      1.67360449    -18.12199344      0.72231171    -19.16964154    198.81408611    154.90516091    -99.72935945     -9.91501159    -43.75888124      0.00000000      0.00000000      0.00000000      0.00000000      0.00000000      0.00000000      0.00000000      0.00000000      0.00000000
     4.04010494      3.27607178     -0.01853411     -5.38614617      5.36682250     -1.90352528      6.08814338     24.45077530     -4.77185791    -27.41460574    -15.20144086     -6.22102467      5.40245887     11.46490764     -4.03078686    -23.60967641     48.76769959     44.64844226     54.84456800      9.64382566      4.14037860      7.74606165     -6.59381933     -7.22260566      5.59835361     26.09915660    -48.93664478     58.04782005    -34.19656974      3.05372452      2.98526253     41.75636082     10.83274998    814.99055503     12.70690528     26.43937509     31.42408379    -24.95123622   -249.47933109    -40.06522621     23.25284565      7.28195490     45.19427227    -27.55969779     30.20870677    134.35900388     12.84493272    -28.94064787    -12.84273210      5.27925518      7.89290699     64.78206077     -5.94170814     12.15953979    -11.54481560    -24.15588440     54.45882597   -164.36321010    -33.20368538      6.92895303     -9.68297497    -11.23636853     23.08302260     80.15661081    -31.77391490    -78.22719969    -24.09330281    -27.06741138     81.86332928    -49.20062578      6.94261000   -184.91578718    -10.19150047    -49.50332122      8.61125876      4.41838714     23.29731573     50.55262810    -17.93578603     -9.94393410    -17.32968646    -59.11407044    -12.76064657    -13.10671141    -53.65999149     12.84756152   -168.02698390   -135.80505065     48.98143751     18.80567228    -27.72303419    -27.71175261      0.00000000      0.00000000      0.00000000      0.00000000      0.00000000      0.00000000      0.00000000      0.00000000
     3.91907692      4.29006101      3.84123510    -14.54678382      4.23096825      1.20121119      0.97532153      7.29485561      0.85404951     -4.54094789      1.70522850      0.71692671     -1.86941363      2.12307529      7.51355436     20.84644534    -32.53449602    -10.58182635    -83.71669967     -9.71255452     -2.50454602     15.85826202    -15.66048617    -21.00566813      2.26632872     21.95841269    -34.76674257     47.18487341    -27.14513775      5.88252680      8.71719021    159.98456687     -0.25944594   -103.34068362    -74.75942047    206.73036928    188.55698989    -19.28829492   -194.30410544    -15.32846521     -9.99912944     37.70286262    169.12819187     -8.68822236    -27.88710015   -191.68181415      7.87671872    -56.41944383     43.53911762     -1.76751151    -16.87250622   -109.74460180    -16.52817456    -16.87712063     58.87735678    -45.58781712     -7.65618606    156.33557864     36.62599810     -7.25173963    -11.81748950     -0.86669176      3.60726160     13.32757323      8.49435736     10.98124963     20.84540663    -30.90423280    -18.20468657     19.48588868      7.10310809    -23.57849882     12.83318468     50.43168812    -26.48491637     97.24160082    -21.30489851    -49.05885437     22.10344583     -5.61032925     22.07425561     36.07048799     -4.24514654     13.32185531      2.13140403     12.26037349   -117.46764373    -92.17454433     68.35322223      3.13001367     35.41373174      7.84560809    -16.67979349      0.00000000      0.00000000      0.00000000      0.00000000      0.00000000      0.00000000      0.00000000
     7.10708593     -2.86987504      3.33369747    -11.10281642     -1.42066113     -3.54342903      0.02382538     -1.57213375      4.12480194     11.94618313     -8.33277555      2.59009917     -1.43590538     -3.96638816     -5.70156849    -20.22738053     30.04317991    -20.46425710    133.29316937    -27.36497466    -10.19300528      8.42182052     -2.84220626    -22.39679292     -1.16703524     11.97220659    -48.69489314    121.89238750    -62.02004057    -10.53380307     13.51657294    241.27260029    -30.01181255  -2234.14246954    -17.71203906     81.34571082    100.23611893     28.71936559    275.10415652     36.95309941    -36.57290309    -17.78680704    -90.02844030     22.12780595    -46.76444071   -244.11834391     -6.01639415     12.25225479     -7.49829344     -9.63843462    -20.20725516   -169.88085924     -0.39381434    -17.07896271    -11.44758503     58.28716288   -116.49687284    362.35990174     50.17943586      4.41310923     28.37556158      4.89112318    -21.72963644    -64.21024756    -21.73983310    -47.40343649    -55.23298477     -1.36738033    -70.37261722     39.48734121      1.62200047     68.30875353     11.33393120     49.16323749    -11.65080924      7.29643812    -23.36777223    -40.05850004     -2.12602054    -12.53192646     -1.72916462    -17.95572230    -17.59150681     47.84874735     -4.03175475     -3.90875105     60.02881147     51.18613583    -29.91003267     11.24870274    -14.67626190     -2.29697118      3.88007974     39.00465567      0.00000000      0.00000000      0.00000000      0.00000000      0.00000000      0.00000000
     4.39852450     -0.64219500      1.44417109     -7.76472249      2.23211020      6.31001719      7.64863368     19.96937971    -17.25670005    -60.91456270    -22.83752244    -17.54866842      7.89913134     47.16445496    -11.85122098    -48.22884730     84.14523878     43.99022239    196.69473451     22.10415155     -0.65884700      1.58544295      3.88391760     20.29917662     13.54563436      4.63915238     12.53622533    -77.31042545     68.52995809      4.18727586      7.28497517    127.04083036     -4.59620105   -339.08554006     20.83279138     -0.42655989     20.41092296     19.16352187    194.55469982     25.46443137     23.08364176    -11.18999770    -68.85798743     12.65617646     -6.13211426     -9.38718766      1.01034698    -10.02519602     13.42581757     15.05572663      4.63435578     60.06738076     -4.52785752      0.04486249     50.36252417    -61.17898597     65.71136740   -115.12817157      4.24184756     -7.78116711    -44.56902164     21.74023374     18.94743013     80.39818787    -52.66379147   -106.20332652    -96.02907865    -11.06510667    -82.84408809     40.19643794      4.68797791     46.58203924     -3.06020629    -24.20351495     28.05946529   -233.34122834     28.89627202     30.68418347     12.61739389    -35.44562719     15.83624508     16.71049447     21.78170862    -47.04797986      9.57903378      3.76791076    -47.37597423    -16.75158484     48.18089161    -13.47833913      3.36995406      1.62677067      5.39603064    -40.08565953     -0.04783687      0.00000000      0.00000000      0.00000000      0.00000000      0.00000000
     6.85366662     -4.44442808      2.45951880     -6.11120269     -9.63203904      4.51103091     -5.62759547    -30.79327102      3.79444186     30.37597923      5.51877417      6.47195236     -6.90342830     -6.66590548     -3.84515132     -0.95646520      0.46184608     17.73079763    -41.32991058     -0.97884935     -6.98758237      1.15878811     -9.39586208     -6.71915068      3.15912548      2.29614837    -11.78980450     54.12593344    -52.70289329     -0.04872927      8.10223709    135.05091319    -15.31817441  -1085.19564490     19.64414362     13.21151479     39.51241552    -12.42447560    -94.28473466    -21.94387655     77.12087321     -3.47993709    -52.24839950     49.17324874    -33.03012825   -139.56114234    -38.11434678    137.08594973    -47.30127152    -16.21689468     -1.50607497   -101.56911443     -5.54206816      3.25006460    -32.08149328     31.82226837   -103.46914334    333.59933517      3.44628735      9.35632311     84.39994486     -9.09517421    -59.65162351   -205.06640292     31.02941841     48.44535102     30.60420820     17.25831149     37.95519473      9.55538088     16.29019527   -209.51200348     -4.76699925    -48.82707380      0.69491490     28.97165797      1.22788520     35.01886317    -27.73419179     57.80781142    -30.60904914     -4.38874001     -4.59818327     37.30527043    -12.26707377    -31.09462272    338.82672073    242.74880276   -189.56820325     27.85330950    -51.72203576    -38.58338577     -4.79080053     22.81378854    -35.59297029  -8634.43451029      0.00000000      0.00000000      0.00000000      0.00000000
     3.75324971      2.34755414      5.25396356    -10.75019200    -10.24990835     -1.50515905      2.70315120      3.08925028     -0.14994709      2.44565881    -10.47137394     -2.31454120      8.15010615     -8.08532718    -19.47281723    -43.22990360     81.98657283    125.03585232    -21.58279315     39.94943719     11.33511446    -13.39251358      3.38960056     21.65584394      9.60537305    -10.10067576     24.59390699    -48.42141822     16.90532485      4.80342619    -11.19254850   -195.20276245     23.23982274   1690.67041624    -17.39024619     -9.33628167    -44.11382607    -18.15439103   -207.11985039    -26.94755384    -64.23949892     18.44182496    132.43839354    -38.92239170     29.50525400    118.87692492     29.02488557    -88.07650857     21.48668599     13.81351234      3.45137709     70.01141878    -21.61644223     -2.67318406    101.66721372   -110.27079613    161.36311271   -406.99999233    -25.22660543    -14.39004714    -67.83637729      9.58167011     48.95621640    185.18626845    -94.32239521   -217.67893343   -151.60931512    -43.80961865     -9.63360818     -4.25401959     13.09121859   -145.11753321      3.41445720      3.97317144     -3.78414120     -4.71976460     12.67036969     18.33844682     12.26170379      9.02324062     17.03587665     35.56304470      4.54705988    -14.38000124     -2.89455768     11.44461245   -120.25501045    -84.86043257     38.28572298      0.31381983    -31.14292879     -0.51466281      3.50204455     21.84818222     -4.46038926  -1060.76154237     10.15463405      0.00000000      0.00000000      0.00000000
     8.29641590     -3.22600525      8.49416267    -28.68337709      3.56905079      0.13940067     -1.09934475     -1.21671805     -3.36948203    -12.99950581     -1.11248072    -10.07387934     14.01946257     16.17350440     -1.55548123     -4.96272253     -1.00607514    -51.39753723    110.69994944    -26.04809729    -25.82191989     10.11682759     -3.02609106     -1.33975013     -1.62438329     -2.68859457    -19.85764522     97.43959499   -119.02865626     -2.02873543     11.73814723    205.93517614    -15.87382525  -1159.77352287     -1.06789853     73.00360193     80.53607399    -26.31583963   -243.66816602    -43.59442017     73.42435309      7.59015586     18.26935042     -1.60694491     17.70137690     92.87917190     -8.52333968     41.37628447    -22.70886335      2.73265219     13.53790490     84.18633110     -5.55694476     18.05931619    -13.64364467    -49.95351438     19.43464972     26.02239271    -16.44595611    -16.17599037    -60.12642904      3.83653226     23.72928308     73.73827030     25.82545931     41.26242857     49.51310405    -16.14851178     43.88289433    -17.02815403      6.07641903   -117.73829157     -4.56717154    -28.21849771      4.57272834    -11.54085620    -12.58020960      8.33725620    -30.75936019      8.25456725    -21.46987168    -25.67727018      9.86477479    -50.08698103    -42.62290041      7.34978163   -105.89146703    -90.17372163     55.65695455      8.95336357     16.95554214    -24.25850494    -27.13559228    -56.72288491    -39.24433452  -9485.06037947     91.84656906   -144.28036779      0.00000000      0.00000000
     0.76239171      6.08953529     -4.20822816     10.15115693     -4.31742744      0.15773937      6.33112958     16.49340072     -3.73910186    -15.14448579    -10.39618179     -6.67130482     10.99758912     14.97338738    -25.67581577    -65.07864731    115.97551787    118.69499135    108.47309204     48.99185861     -3.30543030    -18.99453152     24.73175319     58.00798931     13.05368958    -13.35142185     48.28653057   -138.66990125     60.94962390      9.86785737     -3.09656646    -73.47051190     20.12105598   1574.91615593     70.08648994   -102.26119637    -66.03814276    -33.15050264   -299.84020624    -50.79427264     94.67840045      2.93576352      3.21878487      1.72137104     48.59211117    277.02426079     -6.31514974     61.44751267    -55.90678018     -6.24874696     15.62443273     82.55734830      0.41923593     16.49678924    -24.17766622     -6.16150900     47.98709492   -188.90757066    -35.96776138     11.58468226     16.14157013     -1.95597959      4.06840684     11.66885079     13.65795313     32.72386269     30.14588252     15.32138465     43.20798330    -35.64924976    -15.15232752     94.66618576      5.44078792     25.65151878    -59.75787757    495.98637180    -21.59764610    -55.09268168      7.06771410     23.57766593      0.78967070     27.11220722     -6.19119567     32.63756796      6.64187552      0.55250354     14.39364459     27.60782105     15.88049698    -17.48125796      3.16817472     -8.38688493     -9.34970366    -83.08761271     -4.69596642  -1105.85533942     93.44098071   -127.72584093      1.63845597      0.00000000
     6.51713967     -2.98977836      1.86299590     -9.66033327     -0.34507278      6.59141900      2.92767558     -5.79630894     -2.94781075     -4.30142232     -1.34802069     -5.84107989      2.78014456     19.26729859     -9.18175639    -18.22441951     29.95418760     41.21508817     14.73643485     22.99947678     -5.15807613     -8.35478752      1.31748087     18.41866580      4.73044359    -13.98050410     22.77758371     -6.50193562    -47.99503205      4.26778190     13.73288516    234.97443503     -7.11863375   -511.56417927     14.42638343     62.91034451     97.17104348    -16.77376380   -135.59409214    -12.43886116     83.85928844     14.10758905     36.86158972     12.47635638    -29.22338813   -181.79923380    -34.54710371    130.81244228    -61.92926537    -43.18580511     -6.10948887   -156.92142041     -0.92131380     -6.02292231    -41.47538176     78.32934581   -112.89466752    264.34834932      0.71077211     -2.55681212     29.36598941    -16.54039506    -30.19707775   -126.16604320     86.74108665    187.99756686    125.51238452     22.99146949    -30.29610470     46.71103455     15.47887910   -112.47883702     -5.02579515    -67.58363991     21.51225540   -130.24626123     31.70045615     75.63876948    -21.94556206     15.37877367    -35.24707515    -92.28156121    -34.44997489     77.57350004    -24.62563467    -38.25229153    426.99696619    314.32660274   -253.37324271     57.28825278   -100.85905321    -68.59435411    -12.58490968    105.03026155    -29.21787756  -7112.33958937    -65.33865725    116.42790508    -30.93350327   -812.06790550
